antecedents,consequents,antecedent support,consequent support,support,confidence,lift,representativity,leverage,conviction,zhangs_metric,jaccard,certainty,kulczynski,antecedents_list,consequents_list,antecedent_names,consequent_names,consequent_description
22578,22577,0.025279419509626075,0.02709345192814091,0.018666978758265552,0.7384259259259259,27.25477461803056,1.0,0.017982072021010192,3.719430343071178,0.9882926454710504,0.5538194444444445,0.7311416244525532,0.7137054035677146,['22578'],['22577'],['WOODEN STAR CHRISTMAS SCANDINAVIAN'],['WOODEN HEART CHRISTMAS SCANDINAVIAN'],WOODEN HEART CHRISTMAS SCANDINAVIAN
22577,22578,0.02709345192814091,0.025279419509626075,0.018666978758265552,0.6889848812095033,27.25477461803056,1.0,0.017982072021010192,3.1339974219933557,0.9901353660297899,0.5538194444444445,0.6809186909400974,0.7137054035677146,['22577'],['22578'],['WOODEN HEART CHRISTMAS SCANDINAVIAN'],['WOODEN STAR CHRISTMAS SCANDINAVIAN'],WOODEN STAR CHRISTMAS SCANDINAVIAN
"22697, 22423",22698,0.02188542337175961,0.03224296330973141,0.0158581543683071,0.7245989304812835,22.473087337558358,1.0,0.015152503465513516,3.513991570118064,0.976881802919136,0.4143730886850153,0.7154233355299706,0.608215980667139,"['22697', '22423']",['22698'],"['GREEN REGENCY TEACUP AND SAUCER', 'REGENCY CAKESTAND 3 TIER']",['PINK REGENCY TEACUP AND SAUCER'],PINK REGENCY TEACUP AND SAUCER
22698,"22697, 22423",0.03224296330973141,0.02188542337175961,0.0158581543683071,0.49183303085299457,22.473087337558354,1.0,0.015152503465513516,1.9247897561505731,0.9873370018015091,0.4143730886850153,0.4804627379148564,0.608215980667139,['22698'],"['22697', '22423']",['PINK REGENCY TEACUP AND SAUCER'],"['GREEN REGENCY TEACUP AND SAUCER', 'REGENCY CAKESTAND 3 TIER']","GREEN REGENCY TEACUP AND SAUCER, REGENCY CAKESTAND 3 TIER"
"22699, 22697",22698,0.0316577915618234,0.03224296330973141,0.022821698168412428,0.720887245841035,22.357971223552536,1.0,0.02180095715661743,3.467261965890299,0.9865037528743112,0.5555555555555555,0.711587987917369,0.7143456192907534,"['22699', '22697']",['22698'],"['ROSES REGENCY TEACUP AND SAUCER', 'GREEN REGENCY TEACUP AND SAUCER']",['PINK REGENCY TEACUP AND SAUCER'],PINK REGENCY TEACUP AND SAUCER
22698,"22699, 22697",0.03224296330973141,0.0316577915618234,0.022821698168412428,0.7078039927404718,22.357971223552536,1.0,0.02180095715661743,3.3140158810523923,0.9871002601622991,0.5555555555555555,0.6982512951378972,0.7143456192907534,['22698'],"['22699', '22697']",['PINK REGENCY TEACUP AND SAUCER'],"['ROSES REGENCY TEACUP AND SAUCER', 'GREEN REGENCY TEACUP AND SAUCER']","ROSES REGENCY TEACUP AND SAUCER, GREEN REGENCY TEACUP AND SAUCER"
"22699, 22698",22697,0.02551348820878928,0.04043536778044356,0.022821698168412428,0.8944954128440367,22.121609421261567,1.0,0.021790050889328023,9.095003905385358,0.9797932766406916,0.5291723202170963,0.8900495249476609,0.7294474169864178,"['22699', '22698']",['22697'],"['ROSES REGENCY TEACUP AND SAUCER', 'PINK REGENCY TEACUP AND SAUCER']",['GREEN REGENCY TEACUP AND SAUCER'],GREEN REGENCY TEACUP AND SAUCER
22697,"22699, 22698",0.04043536778044356,0.02551348820878928,0.022821698168412428,0.5643994211287988,22.121609421261567,1.0,0.021790050889328023,2.237110231387796,0.9950297253261029,0.5291723202170963,0.5529947581618954,0.7294474169864178,['22697'],"['22699', '22698']",['GREEN REGENCY TEACUP AND SAUCER'],"['ROSES REGENCY TEACUP AND SAUCER', 'PINK REGENCY TEACUP AND SAUCER']","ROSES REGENCY TEACUP AND SAUCER, PINK REGENCY TEACUP AND SAUCER"
"22698, 22423",22697,0.01808180701035754,0.04043536778044356,0.0158581543683071,0.877022653721683,21.68949367503595,1.0,0.01512700985170829,7.802775561995875,0.9714604893367169,0.37174211248285327,0.8718404762440444,0.6346039462530267,"['22698', '22423']",['22697'],"['PINK REGENCY TEACUP AND SAUCER', 'REGENCY CAKESTAND 3 TIER']",['GREEN REGENCY TEACUP AND SAUCER'],GREEN REGENCY TEACUP AND SAUCER
22697,"22698, 22423",0.04043536778044356,0.01808180701035754,0.0158581543683071,0.39218523878437056,21.68949367503595,1.0,0.01512700985170829,1.6154892175139117,0.994091170329925,0.37174211248285327,0.38099246398010184,0.6346039462530267,['22697'],"['22698', '22423']",['GREEN REGENCY TEACUP AND SAUCER'],"['PINK REGENCY TEACUP AND SAUCER', 'REGENCY CAKESTAND 3 TIER']","PINK REGENCY TEACUP AND SAUCER, REGENCY CAKESTAND 3 TIER"
22698,22697,0.03224296330973141,0.04043536778044356,0.026917900403768506,0.8348457350272233,20.64642368434185,1.0,0.02561414432400817,5.810111124757975,0.9832689668589335,0.5882352941176471,0.8278862523405427,0.7502738081793136,['22698'],['22697'],['PINK REGENCY TEACUP AND SAUCER'],['GREEN REGENCY TEACUP AND SAUCER'],GREEN REGENCY TEACUP AND SAUCER
22697,22698,0.04043536778044356,0.03224296330973141,0.026917900403768506,0.6657018813314038,20.64642368434185,1.0,0.02561414432400817,2.8948922612682932,0.9916637500861718,0.5882352941176471,0.6545640010927779,0.7502738081793136,['22697'],['22698'],['GREEN REGENCY TEACUP AND SAUCER'],['PINK REGENCY TEACUP AND SAUCER'],PINK REGENCY TEACUP AND SAUCER
"22699, 22423",22698,0.02457721341213646,0.03224296330973141,0.01550705131956229,0.6309523809523809,19.568684642641085,1.0,0.014714609129259336,2.622309389741373,0.9728068259122968,0.3753541076487251,0.6186567443521126,0.5559480598046841,"['22699', '22423']",['22698'],"['ROSES REGENCY TEACUP AND SAUCER', 'REGENCY CAKESTAND 3 TIER']",['PINK REGENCY TEACUP AND SAUCER'],PINK REGENCY TEACUP AND SAUCER
22698,"22699, 22423",0.03224296330973141,0.02457721341213646,0.01550705131956229,0.48094373865698725,19.568684642641085,1.0,0.014714609129259336,1.8792236203143802,0.9805125759542916,0.3753541076487251,0.467865351845297,0.5559480598046841,['22698'],"['22699', '22423']",['PINK REGENCY TEACUP AND SAUCER'],"['ROSES REGENCY TEACUP AND SAUCER', 'REGENCY CAKESTAND 3 TIER']","ROSES REGENCY TEACUP AND SAUCER, REGENCY CAKESTAND 3 TIER"
"22698, 22423",22699,0.01808180701035754,0.045643396336824855,0.01550705131956229,0.8576051779935275,18.789249854783836,1.0,0.014681736235702564,6.702186148452753,0.9642127870105922,0.32160194174757273,0.8507949528929666,0.5986743838685586,"['22698', '22423']",['22699'],"['PINK REGENCY TEACUP AND SAUCER', 'REGENCY CAKESTAND 3 TIER']",['ROSES REGENCY TEACUP AND SAUCER'],ROSES REGENCY TEACUP AND SAUCER
22699,"22698, 22423",0.045643396336824855,0.01808180701035754,0.01550705131956229,0.33974358974358976,18.789249854783836,1.0,0.014681736235702564,1.4871770689940216,0.9920590205431197,0.32160194174757273,0.3275851135356499,0.5986743838685586,['22699'],"['22698', '22423']",['ROSES REGENCY TEACUP AND SAUCER'],"['PINK REGENCY TEACUP AND SAUCER', 'REGENCY CAKESTAND 3 TIER']","PINK REGENCY TEACUP AND SAUCER, REGENCY CAKESTAND 3 TIER"
"22698, 22697",22699,0.026917900403768506,0.045643396336824855,0.022821698168412428,0.8478260869565217,18.575,1.0,0.021593073771728043,6.271486252643721,0.9723374827109267,0.45882352941176463,0.8405481635906554,0.6739130434782609,"['22698', '22697']",['22699'],"['PINK REGENCY TEACUP AND SAUCER', 'GREEN REGENCY TEACUP AND SAUCER']",['ROSES REGENCY TEACUP AND SAUCER'],ROSES REGENCY TEACUP AND SAUCER
22699,"22698, 22697",0.045643396336824855,0.026917900403768506,0.022821698168412428,0.5,18.575,1.0,0.021593073771728043,1.946164199192463,0.9914157826966706,0.45882352941176463,0.48616874135546334,0.6739130434782609,['22699'],"['22698', '22697']",['ROSES REGENCY TEACUP AND SAUCER'],"['PINK REGENCY TEACUP AND SAUCER', 'GREEN REGENCY TEACUP AND SAUCER']","PINK REGENCY TEACUP AND SAUCER, GREEN REGENCY TEACUP AND SAUCER"
"22699, 22423",22697,0.02457721341213646,0.04043536778044356,0.018257358534729942,0.7428571428571429,18.371469919371513,1.0,0.017263569871391753,3.731640236409387,0.9693927465539439,0.39048811013767204,0.732021326642622,0.597188339880091,"['22699', '22423']",['22697'],"['ROSES REGENCY TEACUP AND SAUCER', 'REGENCY CAKESTAND 3 TIER']",['GREEN REGENCY TEACUP AND SAUCER'],GREEN REGENCY TEACUP AND SAUCER
22697,"22699, 22423",0.04043536778044356,0.02457721341213646,0.018257358534729942,0.4515195369030391,18.371469919371513,1.0,0.017263569871391753,1.7784093549662632,0.9854133243266063,0.39048811013767204,0.4376997640012019,0.597188339880091,['22697'],"['22699', '22423']",['GREEN REGENCY TEACUP AND SAUCER'],"['ROSES REGENCY TEACUP AND SAUCER', 'REGENCY CAKESTAND 3 TIER']","ROSES REGENCY TEACUP AND SAUCER, REGENCY CAKESTAND 3 TIER"
"22697, 22423",22699,0.02188542337175961,0.045643396336824855,0.018257358534729942,0.8342245989304813,18.277005347593583,1.0,0.01725843348177351,5.756925318871411,0.9664373317379599,0.3705463182897863,0.8262961659895146,0.6171122994652407,"['22697', '22423']",['22699'],"['GREEN REGENCY TEACUP AND SAUCER', 'REGENCY CAKESTAND 3 TIER']",['ROSES REGENCY TEACUP AND SAUCER'],ROSES REGENCY TEACUP AND SAUCER
22699,"22697, 22423",0.045643396336824855,0.02188542337175961,0.018257358534729942,0.4,18.277005347593583,1.0,0.01725843348177351,1.6301909610470675,0.9904960451284569,0.3705463182897863,0.386574932695184,0.6171122994652407,['22699'],"['22697', '22423']",['ROSES REGENCY TEACUP AND SAUCER'],"['GREEN REGENCY TEACUP AND SAUCER', 'REGENCY CAKESTAND 3 TIER']","GREEN REGENCY TEACUP AND SAUCER, REGENCY CAKESTAND 3 TIER"
22866,22865,0.02750307215167652,0.03341330680554743,0.016443326116215108,0.5978723404255318,17.893240675187236,1.0,0.015524357528316032,2.403681194716363,0.9708133232575413,0.36973684210526314,0.5839714508737083,0.5449957148712598,['22866'],['22865'],['HAND WARMER SCOTTY DOG DESIGN'],['HAND WARMER OWL DESIGN'],HAND WARMER OWL DESIGN
22865,22866,0.03341330680554743,0.02750307215167652,0.016443326116215108,0.49211908931698767,17.893240675187236,1.0,0.015524357528316032,1.9148129165565264,0.9767494018172346,0.36973684210526314,0.47775576853829965,0.5449957148712598,['22865'],['22866'],['HAND WARMER OWL DESIGN'],['HAND WARMER SCOTTY DOG DESIGN'],HAND WARMER SCOTTY DOG DESIGN
22698,22699,0.03224296330973141,0.045643396336824855,0.02551348820878928,0.7912885662431941,17.336320908371725,1.0,0.024041809855369505,4.572612944507907,0.9737130278779702,0.48715083798882675,0.7813066594230145,0.6751314626087765,['22698'],['22699'],['PINK REGENCY TEACUP AND SAUCER'],['ROSES REGENCY TEACUP AND SAUCER'],ROSES REGENCY TEACUP AND SAUCER
22699,22698,0.045643396336824855,0.03224296330973141,0.02551348820878928,0.558974358974359,17.336320908371725,1.0,0.024041809855369505,2.1943328157511903,0.9873852507845896,0.48715083798882675,0.5442806155830705,0.6751314626087765,['22699'],['22698'],['ROSES REGENCY TEACUP AND SAUCER'],['PINK REGENCY TEACUP AND SAUCER'],PINK REGENCY TEACUP AND SAUCER
22697,22699,0.04043536778044356,0.045643396336824855,0.0316577915618234,0.7829232995658467,17.153046495231738,1.0,0.029812184044195333,4.396402754208363,0.9813839386661598,0.5817204301075269,0.7725413125440403,0.7382565215777952,['22697'],['22699'],['GREEN REGENCY TEACUP AND SAUCER'],['ROSES REGENCY TEACUP AND SAUCER'],ROSES REGENCY TEACUP AND SAUCER
22699,22697,0.045643396336824855,0.04043536778044356,0.0316577915618234,0.6935897435897437,17.153046495231738,1.0,0.029812184044195333,3.1316335277458336,0.9867394583510755,0.5817204301075269,0.6806778343825546,0.7382565215777952,['22699'],['22697'],['ROSES REGENCY TEACUP AND SAUCER'],['GREEN REGENCY TEACUP AND SAUCER'],GREEN REGENCY TEACUP AND SAUCER
22865,22867,0.03341330680554743,0.02767862367604892,0.015624085669143894,0.46760070052539404,16.893928903337123,1.0,0.014699251324300782,1.8263010061874212,0.9733292882625377,0.34362934362934366,0.4524451354885929,0.5160413650618514,['22865'],['22867'],['HAND WARMER OWL DESIGN'],['HAND WARMER BIRD DESIGN'],HAND WARMER BIRD DESIGN
22867,22865,0.02767862367604892,0.03341330680554743,0.015624085669143894,0.5644820295983086,16.89392890333712,1.0,0.014699251324300782,2.2193956596163886,0.9675886605392754,0.34362934362934366,0.5494268921059146,0.5160413650618514,['22867'],['22865'],['HAND WARMER BIRD DESIGN'],['HAND WARMER OWL DESIGN'],HAND WARMER OWL DESIGN
22629,22630,0.041196091052723975,0.03604657967113348,0.024811282111299668,0.6022727272727273,16.708179604486425,1.0,0.023326303933028383,2.4236543139697218,0.9805436403521398,0.4732142857142857,0.5873999050788342,0.6452922077922079,['22629'],['22630'],['SPACEBOY LUNCH BOX'],['DOLLY GIRL LUNCH BOX'],DOLLY GIRL LUNCH BOX
22630,22629,0.03604657967113348,0.041196091052723975,0.024811282111299668,0.6883116883116883,16.70817960448642,1.0,0.023326303933028383,3.076162541205844,0.9753055027724039,0.4732142857142857,0.6749196485540703,0.6452922077922079,['22630'],['22629'],['DOLLY GIRL LUNCH BOX'],['SPACEBOY LUNCH BOX'],SPACEBOY LUNCH BOX
82483,82486,0.029609690444145357,0.03259406635847621,0.016033705892679502,0.541501976284585,16.61351395462706,1.0,0.01506860567748909,2.1099457000974615,0.9684845662451786,0.34727503168567814,0.5260541539273695,0.5167114908352907,['82483'],['82486'],['WOOD 2 DRAWER CABINET WHITE FINISH'],['WOOD S/3 CABINET ANT WHITE FINISH'],WOOD S/3 CABINET ANT WHITE FINISH
82486,82483,0.03259406635847621,0.029609690444145357,0.016033705892679502,0.4919210053859964,16.61351395462706,1.0,0.01506860567748909,1.909920149903219,0.9714722696614926,0.34727503168567814,0.4764179015281489,0.5167114908352907,['82486'],['82483'],['WOOD S/3 CABINET ANT WHITE FINISH'],['WOOD 2 DRAWER CABINET WHITE FINISH'],WOOD 2 DRAWER CABINET WHITE FINISH
22625,22624,0.025923108432324888,0.03610509684592428,0.01550705131956229,0.5981941309255079,16.56813533774069,1.0,0.014571094979065804,2.398906978074469,0.9646499017271983,0.3333333333333333,0.5831434861210542,0.5138458499035967,['22625'],['22624'],['RED KITCHEN SCALES'],['IVORY KITCHEN SCALES'],IVORY KITCHEN SCALES
22624,22625,0.03610509684592428,0.025923108432324888,0.01550705131956229,0.42949756888168555,16.56813533774069,1.0,0.014571094979065804,1.7074018241399305,0.9748398654778376,0.3333333333333333,0.4143147876137886,0.5138458499035967,['22624'],['22625'],['IVORY KITCHEN SCALES'],['RED KITCHEN SCALES'],RED KITCHEN SCALES
23300,23301,0.0370998888173679,0.044180466967054834,0.02709345192814091,0.7302839116719242,16.529565253723856,1.0,0.02545436151576378,3.543798736508111,0.9757007297210207,0.49999999999999994,0.717816931955523,0.6717644723922535,['23300'],['23301'],['GARDENERS KNEELING PAD CUP OF TEA'],['GARDENERS KNEELING PAD KEEP CALM'],GARDENERS KNEELING PAD KEEP CALM
23301,23300,0.044180466967054834,0.0370998888173679,0.02709345192814091,0.6132450331125827,16.529565253723856,1.0,0.02545436151576378,2.4896903559687913,0.9829285850103707,0.49999999999999994,0.5983436263057385,0.6717644723922535,['23301'],['23300'],['GARDENERS KNEELING PAD KEEP CALM'],['GARDENERS KNEELING PAD CUP OF TEA'],GARDENERS KNEELING PAD CUP OF TEA
22328,22326,0.026742348879396104,0.03481771900052665,0.015331499795189888,0.5733041575492341,16.46587352665355,1.0,0.014400392206493026,2.2619912944449196,0.9650767489507948,0.33164556962025316,0.5579116495912976,0.5068201460015078,['22328'],['22326'],['ROUND SNACK BOXES SET OF 4 FRUITS'],['ROUND SNACK BOXES SET OF4 WOODLAND'],ROUND SNACK BOXES SET OF4 WOODLAND
22326,22328,0.03481771900052665,0.026742348879396104,0.015331499795189888,0.44033613445378156,16.46587352665355,1.0,0.014400392206493026,1.7390039111614395,0.9731512361191718,0.33164556962025316,0.4249581650842156,0.5068201460015078,['22326'],['22328'],['ROUND SNACK BOXES SET OF4 WOODLAND'],['ROUND SNACK BOXES SET OF 4 FRUITS'],ROUND SNACK BOXES SET OF 4 FRUITS
23321,23322,0.03405699572824624,0.02984375914330856,0.016443326116215108,0.4828178694158075,16.1781854322485,1.0,0.01542693733855664,1.8758502730185858,0.9712668000009487,0.34648581997533906,0.4669084124764301,0.5168991307863351,['23321'],['23322'],['SMALL WHITE HEART OF WICKER'],['LARGE WHITE HEART OF WICKER'],LARGE WHITE HEART OF WICKER
23322,23321,0.02984375914330856,0.03405699572824624,0.016443326116215108,0.5509803921568627,16.178185432248497,1.0,0.01542693733855664,2.151226778072464,0.9670487404316098,0.34648581997533906,0.5351489623534638,0.5168991307863351,['23322'],['23321'],['LARGE WHITE HEART OF WICKER'],['SMALL WHITE HEART OF WICKER'],SMALL WHITE HEART OF WICKER
21914,21915,0.03025337936684417,0.03265258353326701,0.0159166715430979,0.5261121856866537,16.112421399998613,1.0,0.014928820546158404,2.0413004665849015,0.9671970616631881,0.3387297633872976,0.5101162144576388,0.5067836914096351,['21914'],['21915'],['BLUE HARMONICA IN BOX'],['RED  HARMONICA IN BOX'],RED  HARMONICA IN BOX
21915,21914,0.03265258353326701,0.03025337936684417,0.0159166715430979,0.48745519713261654,16.112421399998613,1.0,0.014928820546158404,1.892023126969584,0.9695958929213208,0.3387297633872976,0.4714652343591168,0.5067836914096351,['21915'],['21914'],['RED  HARMONICA IN BOX'],['BLUE HARMONICA IN BOX'],BLUE HARMONICA IN BOX
23200,23199,0.027444554976885718,0.041898297150213586,0.018257358534729942,0.6652452025586353,15.877619087324748,1.0,0.01710747841515301,2.862099991315603,0.9634599956802122,0.35738831615120276,0.6506061971858864,0.5504996962513846,['23200'],['23199'],['JUMBO BAG PEARS'],['JUMBO BAG APPLES'],JUMBO BAG APPLES
23199,23200,0.041898297150213586,0.027444554976885718,0.018257358534729942,0.43575418994413406,15.877619087324748,1.0,0.01710747841515301,1.723637867912252,0.9779945720518616,0.35738831615120276,0.4198317299612098,0.5504996962513846,['23199'],['23200'],['JUMBO BAG APPLES'],['JUMBO BAG PEARS'],JUMBO BAG PEARS
22356,20724,0.028497864123120137,0.04324419217040201,0.018842530282637954,0.6611909650924025,15.289705551372213,1.0,0.01761016317005174,2.8238792631091774,0.9620117983240812,0.3561946902654867,0.6458772111598817,0.5484574581889617,['22356'],['20724'],['CHARLOTTE BAG PINK POLKADOT'],['RED RETROSPOT CHARLOTTE BAG'],RED RETROSPOT CHARLOTTE BAG
20724,22356,0.04324419217040201,0.028497864123120137,0.018842530282637954,0.435723951285521,15.289705551372213,1.0,0.01761016317005174,1.7216788451151421,0.9768391361331129,0.3561946902654867,0.4191715819490584,0.5484574581889617,['20724'],['22356'],['RED RETROSPOT CHARLOTTE BAG'],['CHARLOTTE BAG PINK POLKADOT'],CHARLOTTE BAG PINK POLKADOT
22727,"22726, 22728",0.05131956229153257,0.020071390953244776,0.015624085669143894,0.30444697833523376,15.168205285046094,1.0,0.014594030670841146,1.4088481805475481,0.9846019640512276,0.2801678908709339,0.29020031128453416,0.5414363171559551,['22727'],"['22726', '22728']",['ALARM CLOCK BAKELIKE RED'],"['ALARM CLOCK BAKELIKE GREEN', 'ALARM CLOCK BAKELIKE PINK']","ALARM CLOCK BAKELIKE GREEN, ALARM CLOCK BAKELIKE PINK"
"22726, 22728",22727,0.020071390953244776,0.05131956229153257,0.015624085669143894,0.7784256559766765,15.168205285046092,1.0,0.014594030670841146,4.281544607026374,0.9532047677772901,0.2801678908709339,0.7664394297425009,0.5414363171559551,"['22726', '22728']",['22727'],"['ALARM CLOCK BAKELIKE GREEN', 'ALARM CLOCK BAKELIKE PINK']",['ALARM CLOCK BAKELIKE RED'],ALARM CLOCK BAKELIKE RED
21928,21929,0.0316577915618234,0.035227339224062265,0.01650184329100591,0.521256931608133,14.796943030317914,1.0,0.0153866235285729,2.015220113821553,0.962901818393772,0.3275261324041811,0.5037762906684894,0.49484773490705647,['21928'],['21929'],['JUMBO BAG SCANDINAVIAN BLUE PAISLEY'],['JUMBO BAG PINK VINTAGE PAISLEY'],JUMBO BAG PINK VINTAGE PAISLEY
21929,21928,0.035227339224062265,0.0316577915618234,0.01650184329100591,0.46843853820597997,14.796943030317912,1.0,0.0153866235285729,1.8216937796243193,0.9664644441547973,0.3275261324041811,0.4510603202442586,0.49484773490705647,['21929'],['21928'],['JUMBO BAG PINK VINTAGE PAISLEY'],['JUMBO BAG SCANDINAVIAN BLUE PAISLEY'],JUMBO BAG SCANDINAVIAN BLUE PAISLEY
22617,22138,0.024752764936508867,0.04979811574697174,0.01819884135993914,0.735224586288416,14.764104530061974,1.0,0.01696620030657329,3.5887089021342042,0.9559300700002276,0.32294911734164067,0.7213482544083473,0.5503384976095429,['22617'],['22138'],['BAKING SET SPACEBOY DESIGN'],['BAKING SET 9 PIECE RETROSPOT'],BAKING SET 9 PIECE RETROSPOT
22138,22617,0.04979811574697174,0.024752764936508867,0.01819884135993914,0.36545240893066977,14.764104530061974,1.0,0.01696620030657329,1.5369174019241312,0.981126403905887,0.32294911734164067,0.349346946850847,0.5503384976095429,['22138'],['22617'],['BAKING SET 9 PIECE RETROSPOT'],['BAKING SET SPACEBOY DESIGN'],BAKING SET SPACEBOY DESIGN
22726,"22727, 22728",0.045877465035988066,0.023172801217157236,0.015624085669143894,0.3405612244897959,14.696592841682127,1.0,0.014560976291517862,1.4813008198176958,0.9767686895520434,0.29244249726177435,0.32491767599030263,0.50740182436611,['22726'],"['22727', '22728']",['ALARM CLOCK BAKELIKE GREEN'],"['ALARM CLOCK BAKELIKE RED', 'ALARM CLOCK BAKELIKE PINK']","ALARM CLOCK BAKELIKE RED, ALARM CLOCK BAKELIKE PINK"
"22727, 22728",22726,0.023172801217157236,0.045877465035988066,0.015624085669143894,0.6742424242424242,14.696592841682126,1.0,0.014560976291517862,2.9289342933778966,0.9540653856793906,0.29244249726177435,0.6585788891676656,0.50740182436611,"['22727', '22728']",['22726'],"['ALARM CLOCK BAKELIKE RED', 'ALARM CLOCK BAKELIKE PINK']",['ALARM CLOCK BAKELIKE GREEN'],ALARM CLOCK BAKELIKE GREEN
22551,22554,0.03388144420387384,0.034349581602200245,0.01708701503891392,0.5043177892918825,14.681919422843238,1.0,0.015923201606432562,1.948124014816467,0.9645700405731686,0.33409610983981697,0.48668565635734945,0.5008812115113587,['22551'],['22554'],['PLASTERS IN TIN SPACEBOY'],['PLASTERS IN TIN WOODLAND ANIMALS'],PLASTERS IN TIN WOODLAND ANIMALS
22554,22551,0.034349581602200245,0.03388144420387384,0.01708701503891392,0.49744463373083475,14.681919422843238,1.0,0.015923201606432562,1.9224121771265288,0.9650376542154292,0.33409610983981697,0.4798201905406563,0.5008812115113587,['22554'],['22551'],['PLASTERS IN TIN WOODLAND ANIMALS'],['PLASTERS IN TIN SPACEBOY'],PLASTERS IN TIN SPACEBOY
"22726, 22727",22728,0.03101410263912458,0.035871028146761075,0.015624085669143894,0.5037735849056604,14.044024131244422,1.0,0.014511577920429319,1.9429215022137514,0.9585230702698986,0.30479452054794526,0.48531116730109436,0.4696681953892087,"['22726', '22727']",['22728'],"['ALARM CLOCK BAKELIKE GREEN', 'ALARM CLOCK BAKELIKE RED']",['ALARM CLOCK BAKELIKE PINK'],ALARM CLOCK BAKELIKE PINK
22728,"22726, 22727",0.035871028146761075,0.03101410263912458,0.015624085669143894,0.4355628058727569,14.044024131244422,1.0,0.014511577920429319,1.716729349948603,0.9633517553167791,0.30479452054794526,0.4174969979805268,0.4696681953892087,['22728'],"['22726', '22727']",['ALARM CLOCK BAKELIKE PINK'],"['ALARM CLOCK BAKELIKE GREEN', 'ALARM CLOCK BAKELIKE RED']","ALARM CLOCK BAKELIKE GREEN, ALARM CLOCK BAKELIKE RED"
22835,22112,0.029551173269354556,0.040610919304815966,0.016852946339750718,0.5702970297029704,14.042948041201814,1.0,0.015652846026746325,2.232679657839023,0.9570724962480571,0.31613611416026344,0.552107712143584,0.49264131024053415,['22835'],['22112'],['HOT WATER BOTTLE I AM SO POORLY'],['CHOCOLATE HOT WATER BOTTLE'],CHOCOLATE HOT WATER BOTTLE
22112,22835,0.040610919304815966,0.029551173269354556,0.016852946339750718,0.414985590778098,14.042948041201814,1.0,0.015652846026746325,1.6588460240174085,0.9681055369184373,0.31613611416026344,0.3971712952729689,0.49264131024053415,['22112'],['22835'],['CHOCOLATE HOT WATER BOTTLE'],['HOT WATER BOTTLE I AM SO POORLY'],HOT WATER BOTTLE I AM SO POORLY
20723,20724,0.02879044999707414,0.04324419217040201,0.017321083738077125,0.6016260162601625,13.91229633541261,1.0,0.0160760639857313,2.401652333939603,0.9556342810244117,0.3165775401069519,0.5836199995027472,0.5010836441246685,['20723'],['20724'],['STRAWBERRY CHARLOTTE BAG'],['RED RETROSPOT CHARLOTTE BAG'],RED RETROSPOT CHARLOTTE BAG
20724,20723,0.04324419217040201,0.02879044999707414,0.017321083738077125,0.40054127198917455,13.91229633541261,1.0,0.0160760639857313,1.6201441477475444,0.9700710802545666,0.3165775401069519,0.3827709704779782,0.5010836441246685,['20724'],['20723'],['RED RETROSPOT CHARLOTTE BAG'],['STRAWBERRY CHARLOTTE BAG'],STRAWBERRY CHARLOTTE BAG
22726,22727,0.045877465035988066,0.05131956229153257,0.03101410263912458,0.6760204081632653,13.172762548577012,1.0,0.028659691214432584,2.9282104848954265,0.968518974964272,0.46861184792219257,0.6584944951333604,0.6401766807064901,['22726'],['22727'],['ALARM CLOCK BAKELIKE GREEN'],['ALARM CLOCK BAKELIKE RED'],ALARM CLOCK BAKELIKE RED
22727,22726,0.05131956229153257,0.045877465035988066,0.03101410263912458,0.6043329532497149,13.172762548577012,1.0,0.028659691214432584,2.411427847733252,0.9740748758199144,0.46861184792219257,0.5853079324185451,0.6401766807064901,['22727'],['22726'],['ALARM CLOCK BAKELIKE RED'],['ALARM CLOCK BAKELIKE GREEN'],ALARM CLOCK BAKELIKE GREEN
22730,22727,0.027327520627304112,0.05131956229153257,0.018374392884311544,0.6723768736616702,13.10176555758755,1.0,0.01697195648720547,2.895645519018655,0.9496253143136983,0.30485436893203877,0.6546538609674489,0.5152078210953732,['22730'],['22727'],['ALARM CLOCK BAKELIKE IVORY'],['ALARM CLOCK BAKELIKE RED'],ALARM CLOCK BAKELIKE RED
22727,22730,0.05131956229153257,0.027327520627304112,0.018374392884311544,0.35803876852907635,13.10176555758755,1.0,0.01697195648720547,1.515157663250185,0.9736412518210148,0.30485436893203877,0.3400026781009136,0.5152078210953732,['22727'],['22730'],['ALARM CLOCK BAKELIKE RED'],['ALARM CLOCK BAKELIKE IVORY'],ALARM CLOCK BAKELIKE IVORY
22730,22726,0.027327520627304112,0.045877465035988066,0.016092223067470303,0.588865096359743,12.835606673076082,1.0,0.014838505695370915,2.3207042907718414,0.9479981623478195,0.28176229508196726,0.5690963282239588,0.469815201241096,['22730'],['22726'],['ALARM CLOCK BAKELIKE IVORY'],['ALARM CLOCK BAKELIKE GREEN'],ALARM CLOCK BAKELIKE GREEN
22726,22730,0.045877465035988066,0.027327520627304112,0.016092223067470303,0.35076530612244894,12.835606673076082,1.0,0.014838505695370915,1.4981831509394765,0.9664290373839592,0.28176229508196726,0.33252486561945194,0.469815201241096,['22726'],['22730'],['ALARM CLOCK BAKELIKE GREEN'],['ALARM CLOCK BAKELIKE IVORY'],ALARM CLOCK BAKELIKE IVORY
85152,21166,0.034291064427409444,0.035051787699689856,0.015331499795189888,0.447098976109215,12.75538297617759,1.0,0.014129536684883946,1.7452458407653757,0.9543266017328333,0.28385698808234017,0.42701482126927687,0.4422473177708012,['85152'],['21166'],['HAND OVER THE CHOCOLATE   SIGN'],['COOK WITH WINE METAL SIGN'],COOK WITH WINE METAL SIGN
21166,85152,0.035051787699689856,0.034291064427409444,0.015331499795189888,0.43739565943238734,12.75538297617759,1.0,0.014129536684883946,1.7164974848901535,0.9550789513885353,0.28385698808234017,0.4174183132788019,0.4422473177708012,['21166'],['85152'],['COOK WITH WINE METAL SIGN'],['HAND OVER THE CHOCOLATE   SIGN'],HAND OVER THE CHOCOLATE   SIGN
20719,20724,0.03101410263912458,0.04324419217040201,0.01691146351454152,0.5452830188679246,12.60939311154799,1.0,0.015570283700022643,2.104068789002851,0.9501624786780039,0.29489795918367356,0.5247303675494779,0.4681760155232722,['20719'],['20724'],['WOODLAND CHARLOTTE BAG'],['RED RETROSPOT CHARLOTTE BAG'],RED RETROSPOT CHARLOTTE BAG
20724,20719,0.04324419217040201,0.03101410263912458,0.01691146351454152,0.3910690121786198,12.609393111547988,1.0,0.015570283700022643,1.591290173665971,0.962308286509423,0.29489795918367356,0.37157910194579585,0.4681760155232722,['20724'],['20719'],['RED RETROSPOT CHARLOTTE BAG'],['WOODLAND CHARLOTTE BAG'],WOODLAND CHARLOTTE BAG
22728,22727,0.035871028146761075,0.05131956229153257,0.023172801217157236,0.6460032626427407,12.587856049374908,1.0,0.021331915753718213,2.679912941545118,0.9548083100978222,0.3619744058500914,0.626853550166654,0.5487713006486223,['22728'],['22727'],['ALARM CLOCK BAKELIKE PINK'],['ALARM CLOCK BAKELIKE RED'],ALARM CLOCK BAKELIKE RED
22727,22728,0.05131956229153257,0.035871028146761075,0.023172801217157236,0.45153933865450396,12.587856049374908,1.0,0.021331915753718213,1.7578817220692107,0.9703566319498962,0.3619744058500914,0.43113351288339513,0.5487713006486223,['22727'],['22728'],['ALARM CLOCK BAKELIKE RED'],['ALARM CLOCK BAKELIKE PINK'],ALARM CLOCK BAKELIKE PINK
22114,22112,0.029960793492890162,0.040610919304815966,0.015214465445608286,0.5078125,12.504334023775215,1.0,0.013997730078760269,1.9492349576029135,0.9484438587291939,0.27484143763213525,0.48697821363220495,0.44122613472622474,['22114'],['22112'],['HOT WATER BOTTLE TEA AND SYMPATHY'],['CHOCOLATE HOT WATER BOTTLE'],CHOCOLATE HOT WATER BOTTLE
22112,22114,0.040610919304815966,0.029960793492890162,0.015214465445608286,0.37463976945244953,12.504334023775215,1.0,0.013997730078760269,1.5511686850597561,0.9589724822295728,0.27484143763213525,0.3553247885728968,0.44122613472622474,['22112'],['22114'],['CHOCOLATE HOT WATER BOTTLE'],['HOT WATER BOTTLE TEA AND SYMPATHY'],HOT WATER BOTTLE TEA AND SYMPATHY
21755,21754,0.03247703200889461,0.040376850605652756,0.016092223067470303,0.4954954954954955,12.271771771771773,1.0,0.014780902797932163,1.9021101711209385,0.9493440513762276,0.2835051546391753,0.4742680969889946,0.44702311006658835,['21755'],['21754'],['LOVE BUILDING BLOCK WORD'],['HOME BUILDING BLOCK WORD'],HOME BUILDING BLOCK WORD
21754,21755,0.040376850605652756,0.03247703200889461,0.016092223067470303,0.3985507246376812,12.271771771771773,1.0,0.014780902797932163,1.6086526455755727,0.9571592502868801,0.2835051546391753,0.3783617596064675,0.44702311006658835,['21754'],['21755'],['HOME BUILDING BLOCK WORD'],['LOVE BUILDING BLOCK WORD'],LOVE BUILDING BLOCK WORD
22728,22726,0.035871028146761075,0.045877465035988066,0.020071390953244776,0.5595432300163132,12.196472267536704,1.0,0.0184257191136368,2.1662115330849603,0.9521641868692124,0.32542694497153696,0.5383645665592626,0.4985216150081566,['22728'],['22726'],['ALARM CLOCK BAKELIKE PINK'],['ALARM CLOCK BAKELIKE GREEN'],ALARM CLOCK BAKELIKE GREEN
22726,22728,0.045877465035988066,0.035871028146761075,0.020071390953244776,0.43749999999999994,12.196472267536704,1.0,0.0184257191136368,1.7140070610724247,0.9621500854251545,0.32542694497153696,0.4165718317552804,0.4985216150081566,['22726'],['22728'],['ALARM CLOCK BAKELIKE GREEN'],['ALARM CLOCK BAKELIKE PINK'],ALARM CLOCK BAKELIKE PINK
21166,21175,0.035051787699689856,0.04043536778044356,0.01708701503891392,0.4874791318864775,12.055761048926216,1.0,0.015669683111914936,1.8722449990212195,0.9503640645638288,0.29258517034068143,0.46588186881375865,0.45502755436581477,['21166'],['21175'],['COOK WITH WINE METAL SIGN'],['GIN + TONIC DIET METAL SIGN'],GIN + TONIC DIET METAL SIGN
21175,21166,0.04043536778044356,0.035051787699689856,0.01708701503891392,0.42257597684515197,12.055761048926215,1.0,0.015669683111914936,1.6711258513772291,0.9556960254090459,0.29258517034068143,0.40160102294158895,0.45502755436581477,['21175'],['21166'],['GIN + TONIC DIET METAL SIGN'],['COOK WITH WINE METAL SIGN'],COOK WITH WINE METAL SIGN
20724,22355,0.04324419217040201,0.03411551290303704,0.017438118087658726,0.4032476319350473,11.820066521677571,1.0,0.015962820291687965,1.618568335520761,0.9567729819592391,0.29101562499999994,0.3821700461733929,0.4571984300327037,['20724'],['22355'],['RED RETROSPOT CHARLOTTE BAG'],['CHARLOTTE BAG SUKI DESIGN'],CHARLOTTE BAG SUKI DESIGN
22355,20724,0.03411551290303704,0.04324419217040201,0.017438118087658726,0.5111492281303601,11.82006652167757,1.0,0.015962820291687965,1.9571531086479141,0.9477304165172397,0.29101562499999994,0.489053771224448,0.4571984300327037,['22355'],['20724'],['CHARLOTTE BAG SUKI DESIGN'],['RED RETROSPOT CHARLOTTE BAG'],RED RETROSPOT CHARLOTTE BAG
"20725, 22382",20726,0.027327520627304112,0.0478670489788753,0.015097431096026685,0.5524625267665954,11.541604058574997,1.0,0.013789343327688294,2.12749324462615,0.9390179634909932,0.25121713729308665,0.5299632548653647,0.43393297487474025,"['20725', '22382']",['20726'],"['LUNCH BAG RED RETROSPOT', 'LUNCH BAG SPACEBOY DESIGN']",['LUNCH BAG WOODLAND'],LUNCH BAG WOODLAND
20726,"20725, 22382",0.0478670489788753,0.027327520627304112,0.015097431096026685,0.3154034229828851,11.541604058574997,1.0,0.013789343327688294,1.4207965859408307,0.9592745737291677,0.25121713729308665,0.29616947992747705,0.43393297487474025,['20726'],"['20725', '22382']",['LUNCH BAG WOODLAND'],"['LUNCH BAG RED RETROSPOT', 'LUNCH BAG SPACEBOY DESIGN']","LUNCH BAG RED RETROSPOT, LUNCH BAG SPACEBOY DESIGN"
22910,22086,0.040552402130025166,0.05693721107144947,0.026391245830651295,0.6507936507936507,11.430023328276153,1.0,0.024082305151119754,2.700588895568121,0.9510796803503532,0.37119341563785996,0.6297103932993731,0.557154276578737,['22910'],['22086'],['PAPER CHAIN KIT VINTAGE CHRISTMAS'],"[""PAPER CHAIN KIT 50'S CHRISTMAS""]",PAPER CHAIN KIT 50'S CHRISTMAS
22086,22910,0.05693721107144947,0.040552402130025166,0.026391245830651295,0.4635149023638232,11.430023328276153,1.0,0.024082305151119754,1.7883956182518879,0.9676037750697685,0.37119341563785996,0.4408396051778102,0.557154276578737,['22086'],['22910'],"[""PAPER CHAIN KIT 50'S CHRISTMAS""]",['PAPER CHAIN KIT VINTAGE CHRISTMAS'],PAPER CHAIN KIT VINTAGE CHRISTMAS
"20728, 20727",22384,0.024635730586927262,0.05442097255544502,0.015214465445608286,0.6175771971496438,11.348147013000283,1.0,0.01387376502745378,2.4726010593425944,0.9349121301065145,0.23831347387717688,0.5955675921833197,0.448573544811381,"['20728', '20727']",['22384'],"['LUNCH BAG CARS BLUE', 'LUNCH BAG  BLACK SKULL.']",['LUNCH BAG PINK POLKADOT'],LUNCH BAG PINK POLKADOT
22384,"20728, 20727",0.05442097255544502,0.024635730586927262,0.015214465445608286,0.2795698924731183,11.348147013000283,1.0,0.01387376502745378,1.3538638366479965,0.9643613704199137,0.23831347387717688,0.2613732836856923,0.448573544811381,['22384'],"['20728', '20727']",['LUNCH BAG PINK POLKADOT'],"['LUNCH BAG CARS BLUE', 'LUNCH BAG  BLACK SKULL.']","LUNCH BAG CARS BLUE, LUNCH BAG  BLACK SKULL."
82482,82494L,0.05114401076716016,0.04734039440575809,0.027386037802094913,0.5354691075514875,11.311040270639518,1.0,0.024964860160885213,2.0507992494812006,0.9607261926410863,0.38518518518518513,0.5123852321220743,0.5569805364704286,['82482'],['82494L'],['WOODEN PICTURE FRAME WHITE FINISH'],['WOODEN FRAME ANTIQUE WHITE'],WOODEN FRAME ANTIQUE WHITE
82494L,82482,0.04734039440575809,0.05114401076716016,0.027386037802094913,0.5784919653893695,11.311040270639516,1.0,0.024964860160885213,2.2510982266550363,0.9568903693903694,0.38518518518518513,0.5557723833819881,0.5569805364704286,['82494L'],['82482'],['WOODEN FRAME ANTIQUE WHITE'],['WOODEN PICTURE FRAME WHITE FINISH'],WOODEN PICTURE FRAME WHITE FINISH
"20728, 20725",22384,0.026859383228977705,0.05442097255544502,0.016326291766633506,0.6078431372549019,11.169281045751633,1.0,0.014864578009073131,2.411226519983615,0.935598316295851,0.25135135135135134,0.5852733072930886,0.4539215686274509,"['20728', '20725']",['22384'],"['LUNCH BAG CARS BLUE', 'LUNCH BAG RED RETROSPOT']",['LUNCH BAG PINK POLKADOT'],LUNCH BAG PINK POLKADOT
22384,"20728, 20725",0.05442097255544502,0.026859383228977705,0.016326291766633506,0.3,11.169281045751633,1.0,0.014864578009073131,1.3902008811014606,0.962868989417662,0.25135135135135134,0.28067949488875527,0.4539215686274509,['22384'],"['20728', '20725']",['LUNCH BAG PINK POLKADOT'],"['LUNCH BAG CARS BLUE', 'LUNCH BAG RED RETROSPOT']","LUNCH BAG CARS BLUE, LUNCH BAG RED RETROSPOT"
85152,21175,0.034291064427409444,0.04043536778044356,0.01544853414477149,0.45051194539249145,11.14153203301344,1.0,0.014061962343066304,1.746288430064162,0.942567375261431,0.2606120434353406,0.4273569115021519,0.4162834690783007,['85152'],['21175'],['HAND OVER THE CHOCOLATE   SIGN'],['GIN + TONIC DIET METAL SIGN'],GIN + TONIC DIET METAL SIGN
21175,85152,0.04043536778044356,0.034291064427409444,0.01544853414477149,0.38205499276411,11.141532033013439,1.0,0.014061962343066304,1.5627748816877283,0.9486028414403825,0.2606120434353406,0.3601125717351921,0.4162834690783007,['21175'],['85152'],['GIN + TONIC DIET METAL SIGN'],['HAND OVER THE CHOCOLATE   SIGN'],HAND OVER THE CHOCOLATE   SIGN
21181,21166,0.04002574755690795,0.035051787699689856,0.01550705131956229,0.38742690058479534,11.052985482626992,1.0,0.014104077313676173,1.5752376544472844,0.9474490635045689,0.2603143418467584,0.3651751548874207,0.41491545363129584,['21181'],['21166'],['PLEASE ONE PERSON METAL SIGN'],['COOK WITH WINE METAL SIGN'],COOK WITH WINE METAL SIGN
21166,21181,0.035051787699689856,0.04002574755690795,0.01550705131956229,0.44240400667779634,11.05298548262699,1.0,0.014104077313676173,1.7216304706988388,0.942565305445267,0.2603143418467584,0.41915526181754714,0.41491545363129584,['21166'],['21181'],['COOK WITH WINE METAL SIGN'],['PLEASE ONE PERSON METAL SIGN'],PLEASE ONE PERSON METAL SIGN
"20725, 20727",22384,0.03025337936684417,0.05442097255544502,0.01802328983556674,0.5957446808510638,10.946968657057882,1.0,0.016376871507334245,2.3390639099944255,0.9369978621426848,0.2704126426690079,0.5724785476244711,0.46346373827499426,"['20725', '20727']",['22384'],"['LUNCH BAG RED RETROSPOT', 'LUNCH BAG  BLACK SKULL.']",['LUNCH BAG PINK POLKADOT'],LUNCH BAG PINK POLKADOT
22384,"20725, 20727",0.05442097255544502,0.03025337936684417,0.01802328983556674,0.3311827956989247,10.94696865705788,1.0,0.016376871507334245,1.4499426964450723,0.9609461335125051,0.2704126426690079,0.31031757154832995,0.46346373827499426,['22384'],"['20725', '20727']",['LUNCH BAG PINK POLKADOT'],"['LUNCH BAG RED RETROSPOT', 'LUNCH BAG  BLACK SKULL.']","LUNCH BAG RED RETROSPOT, LUNCH BAG  BLACK SKULL."
84991,21977,0.03844578383755632,0.03914798993504594,0.016384808941424307,0.4261796042617961,10.88637258180842,1.0,0.0148797337827067,1.6744821501662461,0.9444522447489219,0.26768642447418733,0.4028004419750203,0.4223573656585512,['84991'],['21977'],['60 TEATIME FAIRY CAKE CASES'],['PACK OF 60 PINK PAISLEY CAKE CASES'],PACK OF 60 PINK PAISLEY CAKE CASES
21977,84991,0.03914798993504594,0.03844578383755632,0.016384808941424307,0.4185351270553064,10.886372581808418,1.0,0.0148797337827067,1.6536755028603463,0.9451424656342441,0.26768642447418733,0.3952864402536594,0.4223573656585512,['21977'],['84991'],['PACK OF 60 PINK PAISLEY CAKE CASES'],['60 TEATIME FAIRY CAKE CASES'],60 TEATIME FAIRY CAKE CASES
22662,22382,0.034934753350108254,0.057814968693311486,0.02083211422552519,0.5963149078726968,10.314195810360847,1.0,0.018812362554280124,2.333960430249349,0.935735950968396,0.28966639544344996,0.5715437215475135,0.47831939725618644,['22662'],['22382'],['LUNCH BAG DOLLY GIRL DESIGN'],['LUNCH BAG SPACEBOY DESIGN'],LUNCH BAG SPACEBOY DESIGN
22382,22662,0.057814968693311486,0.034934753350108254,0.02083211422552519,0.3603238866396761,10.314195810360847,1.0,0.018812362554280124,1.5086779488767295,0.9584595555164764,0.28966639544344996,0.33716801472140584,0.47831939725618644,['22382'],['22662'],['LUNCH BAG SPACEBOY DESIGN'],['LUNCH BAG DOLLY GIRL DESIGN'],LUNCH BAG DOLLY GIRL DESIGN
"20726, 20725",22382,0.025337936684416876,0.057814968693311486,0.015097431096026685,0.5958429561200924,10.306032669166255,1.0,0.013632519079864014,2.331234963175978,0.9264436215922376,0.22184006878761822,0.5710428095855077,0.42848827967947944,"['20726', '20725']",['22382'],"['LUNCH BAG WOODLAND', 'LUNCH BAG RED RETROSPOT']",['LUNCH BAG SPACEBOY DESIGN'],LUNCH BAG SPACEBOY DESIGN
22382,"20726, 20725",0.057814968693311486,0.025337936684416876,0.015097431096026685,0.2611336032388664,10.306032669166255,1.0,0.013632519079864014,1.3191316692545154,0.9583780486454451,0.22184006878761822,0.2419255611040459,0.42848827967947944,['22382'],"['20726', '20725']",['LUNCH BAG SPACEBOY DESIGN'],"['LUNCH BAG WOODLAND', 'LUNCH BAG RED RETROSPOT']","LUNCH BAG WOODLAND, LUNCH BAG RED RETROSPOT"
23206,23208,0.05061735619404295,0.03481771900052665,0.017789221136403535,0.35144508670520236,10.093857288580175,1.0,0.01602684025188978,1.4882044083146961,0.9489638887807536,0.2629757785467128,0.3280492959079182,0.4311847282265508,['23206'],['23208'],['LUNCH BAG APPLE DESIGN'],['LUNCH BAG VINTAGE LEAF DESIGN'],LUNCH BAG VINTAGE LEAF DESIGN
23208,23206,0.03481771900052665,0.05061735619404295,0.017789221136403535,0.5109243697478992,10.093857288580173,1.0,0.01602684025188978,1.941177570668538,0.9334297400011488,0.2629757785467128,0.4848487767888221,0.4311847282265508,['23208'],['23206'],['LUNCH BAG VINTAGE LEAF DESIGN'],['LUNCH BAG APPLE DESIGN'],LUNCH BAG APPLE DESIGN
"22384, 20727",20728,0.02715196910293171,0.05646907367312306,0.015214465445608286,0.560344827586207,9.923039128104342,1.0,0.013681218901964474,2.1460703422336813,0.9243215731636784,0.22241231822070145,0.5340320490337814,0.4148874396998392,"['22384', '20727']",['20728'],"['LUNCH BAG PINK POLKADOT', 'LUNCH BAG  BLACK SKULL.']",['LUNCH BAG CARS BLUE'],LUNCH BAG CARS BLUE
20728,"22384, 20727",0.05646907367312306,0.02715196910293171,0.015214465445608286,0.2694300518134715,9.923039128104342,1.0,0.013681218901964474,1.3316288649867674,0.9530418105833635,0.22241231822070145,0.2490400093497994,0.4148874396998392,['20728'],"['22384', '20727']",['LUNCH BAG CARS BLUE'],"['LUNCH BAG PINK POLKADOT', 'LUNCH BAG  BLACK SKULL.']","LUNCH BAG PINK POLKADOT, LUNCH BAG  BLACK SKULL."
22384,"22383, 20725",0.05442097255544502,0.030370413716425772,0.016384808941424307,0.3010752688172043,9.913439824310606,1.0,0.01473202149006519,1.387316177298037,0.950874346892046,0.23952095808383228,0.2791837820650093,0.42028715271303374,['22384'],"['22383', '20725']",['LUNCH BAG PINK POLKADOT'],"['LUNCH BAG SUKI DESIGN', 'LUNCH BAG RED RETROSPOT']","LUNCH BAG SUKI DESIGN, LUNCH BAG RED RETROSPOT"
"22383, 20725",22384,0.030370413716425772,0.05442097255544502,0.016384808941424307,0.5394990366088631,9.913439824310604,1.0,0.01473202149006519,2.0533703566683013,0.9272889904302094,0.23952095808383228,0.5129957940843407,0.42028715271303374,"['22383', '20725']",['22384'],"['LUNCH BAG SUKI DESIGN', 'LUNCH BAG RED RETROSPOT']",['LUNCH BAG PINK POLKADOT'],LUNCH BAG PINK POLKADOT
"20728, 22384",20727,0.02498683363567207,0.061443033530341154,0.015214465445608286,0.6088992974238876,9.909981041596968,1.0,0.013679198588714631,2.399783381332601,0.9221328125721355,0.21364009860312244,0.5832957225311313,0.4282591725214676,"['20728', '22384']",['20727'],"['LUNCH BAG CARS BLUE', 'LUNCH BAG PINK POLKADOT']",['LUNCH BAG  BLACK SKULL.'],LUNCH BAG  BLACK SKULL.
20727,"20728, 22384",0.061443033530341154,0.02498683363567207,0.015214465445608286,0.24761904761904763,9.909981041596966,1.0,0.013679198588714631,1.2959035755475243,0.9579510520030502,0.21364009860312244,0.228337648827386,0.4282591725214676,['20727'],"['20728', '22384']",['LUNCH BAG  BLACK SKULL.'],"['LUNCH BAG CARS BLUE', 'LUNCH BAG PINK POLKADOT']","LUNCH BAG CARS BLUE, LUNCH BAG PINK POLKADOT"
"20728, 20725",22383,0.026859383228977705,0.06103341330680555,0.016150740242261104,0.6013071895424836,9.852098333740654,1.0,0.014511420404481026,2.355112914164897,0.9232979947188162,0.22512234910277323,0.5753919083940859,0.4329642371489983,"['20728', '20725']",['22383'],"['LUNCH BAG CARS BLUE', 'LUNCH BAG RED RETROSPOT']",['LUNCH BAG SUKI DESIGN'],LUNCH BAG SUKI DESIGN
22383,"20728, 20725",0.06103341330680555,0.026859383228977705,0.016150740242261104,0.26462128475551294,9.852098333740654,1.0,0.014511420404481026,1.3233189873431241,0.9569017606988602,0.22512234910277323,0.24432430157468193,0.4329642371489983,['22383'],"['20728', '20725']",['LUNCH BAG SUKI DESIGN'],"['LUNCH BAG CARS BLUE', 'LUNCH BAG RED RETROSPOT']","LUNCH BAG CARS BLUE, LUNCH BAG RED RETROSPOT"
"22384, 20725",20727,0.030604482415588975,0.061443033530341154,0.01802328983556674,0.5889101338432122,9.584652644996813,1.0,0.01614285759632697,2.2830943882029375,0.9239433450769924,0.2434782608695652,0.5619979598009012,0.4411217335882728,"['22384', '20725']",['20727'],"['LUNCH BAG PINK POLKADOT', 'LUNCH BAG RED RETROSPOT']",['LUNCH BAG  BLACK SKULL.'],LUNCH BAG  BLACK SKULL.
20727,"22384, 20725",0.061443033530341154,0.030604482415588975,0.01802328983556674,0.29333333333333333,9.584652644996813,1.0,0.01614285759632697,1.371786109789261,0.9543017304411407,0.2434782608695652,0.2710233812225844,0.4411217335882728,['20727'],"['22384', '20725']",['LUNCH BAG  BLACK SKULL.'],"['LUNCH BAG PINK POLKADOT', 'LUNCH BAG RED RETROSPOT']","LUNCH BAG PINK POLKADOT, LUNCH BAG RED RETROSPOT"
22383,"20725, 22382",0.06103341330680555,0.027327520627304112,0.0158581543683071,0.25982742090124644,9.507903202958031,1.0,0.014190262507210593,1.3141157979089662,0.9529884791556379,0.21872477804681198,0.23903205365066782,0.4200636033842421,['22383'],"['20725', '22382']",['LUNCH BAG SUKI DESIGN'],"['LUNCH BAG RED RETROSPOT', 'LUNCH BAG SPACEBOY DESIGN']","LUNCH BAG RED RETROSPOT, LUNCH BAG SPACEBOY DESIGN"
"20725, 22382",22383,0.027327520627304112,0.06103341330680555,0.0158581543683071,0.5802997858672377,9.50790320295803,1.0,0.014190262507210593,2.2372316121720504,0.9199646935706512,0.21872477804681198,0.5530190103879612,0.4200636033842421,"['20725', '22382']",['22383'],"['LUNCH BAG RED RETROSPOT', 'LUNCH BAG SPACEBOY DESIGN']",['LUNCH BAG SUKI DESIGN'],LUNCH BAG SUKI DESIGN
"22384, 20725",20728,0.030604482415588975,0.05646907367312306,0.016326291766633506,0.5334608030592735,9.446955091689041,1.0,0.014598084994379814,2.022404403561298,0.9223745833436106,0.23076923076923075,0.5055390513197671,0.4112899870218647,"['22384', '20725']",['20728'],"['LUNCH BAG PINK POLKADOT', 'LUNCH BAG RED RETROSPOT']",['LUNCH BAG CARS BLUE'],LUNCH BAG CARS BLUE
20728,"22384, 20725",0.05646907367312306,0.030604482415588975,0.016326291766633506,0.28911917098445594,9.44695509168904,1.0,0.014598084994379814,1.3636540444153886,0.9476592252338285,0.23076923076923075,0.2666761748734376,0.4112899870218647,['20728'],"['22384', '20725']",['LUNCH BAG CARS BLUE'],"['LUNCH BAG PINK POLKADOT', 'LUNCH BAG RED RETROSPOT']","LUNCH BAG PINK POLKADOT, LUNCH BAG RED RETROSPOT"
23207,23206,0.03780209491485751,0.05061735619404295,0.01802328983556674,0.47678018575851394,9.419302421303174,1.0,0.016109847732380375,1.8145005559131604,0.9289513320712006,0.25602660016625106,0.4488841589267286,0.4164247749601818,['23207'],['23206'],['LUNCH BAG ALPHABET DESIGN'],['LUNCH BAG APPLE DESIGN'],LUNCH BAG APPLE DESIGN
23206,23207,0.05061735619404295,0.03780209491485751,0.01802328983556674,0.3560693641618497,9.419302421303172,1.0,0.016109847732380375,1.4942570698359934,0.9414908008658007,0.25602660016625106,0.33077111014789573,0.4164247749601818,['23206'],['23207'],['LUNCH BAG APPLE DESIGN'],['LUNCH BAG ALPHABET DESIGN'],LUNCH BAG ALPHABET DESIGN
"22383, 20725",20728,0.030370413716425772,0.05646907367312306,0.016150740242261104,0.5317919075144508,9.417400940429483,1.0,0.01443575111262503,2.0151956821549346,0.9218093201437905,0.22847682119205295,0.5037702745915685,0.40890113510437565,"['22383', '20725']",['20728'],"['LUNCH BAG SUKI DESIGN', 'LUNCH BAG RED RETROSPOT']",['LUNCH BAG CARS BLUE'],LUNCH BAG CARS BLUE
20728,"22383, 20725",0.05646907367312306,0.030370413716425772,0.016150740242261104,0.2860103626943005,9.417400940429483,1.0,0.01443575111262503,1.3580443407309855,0.947307146786319,0.22847682119205295,0.2636470179893121,0.40890113510437565,['20728'],"['22383', '20725']",['LUNCH BAG CARS BLUE'],"['LUNCH BAG SUKI DESIGN', 'LUNCH BAG RED RETROSPOT']","LUNCH BAG SUKI DESIGN, LUNCH BAG RED RETROSPOT"
21181,21175,0.04002574755690795,0.04043536778044356,0.015214465445608286,0.3801169590643275,9.40060595289478,1.0,0.013596009622457522,1.547976906693813,0.930883173516517,0.23318385650224216,0.3539955307629158,0.3781916199084301,['21181'],['21175'],['PLEASE ONE PERSON METAL SIGN'],['GIN + TONIC DIET METAL SIGN'],GIN + TONIC DIET METAL SIGN
21175,21181,0.04043536778044356,0.04002574755690795,0.015214465445608286,0.3762662807525326,9.40060595289478,1.0,0.013596009622457522,1.539077049740549,0.9312805501609013,0.23318385650224216,0.3502599495141743,0.3781916199084301,['21175'],['21181'],['GIN + TONIC DIET METAL SIGN'],['PLEASE ONE PERSON METAL SIGN'],PLEASE ONE PERSON METAL SIGN
"20728, 20725",20727,0.026859383228977705,0.061443033530341154,0.015331499795189888,0.5708061002178649,9.290005187260089,1.0,0.013681177810847527,2.1867900893886976,0.9169871427063203,0.21010425020048115,0.5427087378653964,0.41016495487083726,"['20728', '20725']",['20727'],"['LUNCH BAG CARS BLUE', 'LUNCH BAG RED RETROSPOT']",['LUNCH BAG  BLACK SKULL.'],LUNCH BAG  BLACK SKULL.
20727,"20728, 20725",0.061443033530341154,0.026859383228977705,0.015331499795189888,0.24952380952380954,9.290005187260089,1.0,0.013681177810847527,1.2966975223471742,0.9507759949626602,0.21010425020048115,0.22881012513243423,0.41016495487083726,['20727'],"['20728', '20725']",['LUNCH BAG  BLACK SKULL.'],"['LUNCH BAG CARS BLUE', 'LUNCH BAG RED RETROSPOT']","LUNCH BAG CARS BLUE, LUNCH BAG RED RETROSPOT"
"22383, 22384",20725,0.02340686991632044,0.07537012113055182,0.016384808941424307,0.7,9.2875,1.0,0.014620630320544167,3.0820995962314934,0.9137156210677692,0.19886363636363633,0.6755458515283842,0.458695652173913,"['22383', '22384']",['20725'],"['LUNCH BAG SUKI DESIGN', 'LUNCH BAG PINK POLKADOT']",['LUNCH BAG RED RETROSPOT'],LUNCH BAG RED RETROSPOT
20725,"22383, 22384",0.07537012113055182,0.02340686991632044,0.016384808941424307,0.21739130434782608,9.2875,1.0,0.014620630320544167,1.2478689995513683,0.9650655021834061,0.19886363636363633,0.19863383066690635,0.458695652173913,['20725'],"['22383', '22384']",['LUNCH BAG RED RETROSPOT'],"['LUNCH BAG SUKI DESIGN', 'LUNCH BAG PINK POLKADOT']","LUNCH BAG SUKI DESIGN, LUNCH BAG PINK POLKADOT"
23200,23203,0.027444554976885718,0.0631400315992744,0.0158581543683071,0.5778251599147122,9.15148670786146,1.0,0.014125304299838512,2.2191279049491937,0.9158636062894925,0.21221613155833982,0.5493725270320122,0.4144918199944274,['23200'],['23203'],['JUMBO BAG PEARS'],['JUMBO BAG VINTAGE DOILY'],JUMBO BAG VINTAGE DOILY
23203,23200,0.0631400315992744,0.027444554976885718,0.0158581543683071,0.2511584800741427,9.15148670786146,1.0,0.014125304299838512,1.298746689579134,0.9507590965978368,0.21221613155833982,0.23002691131089198,0.4144918199944274,['23203'],['23200'],['JUMBO BAG VINTAGE DOILY'],['JUMBO BAG PEARS'],JUMBO BAG PEARS
23208,23209,0.03481771900052665,0.05875124348996431,0.018666978758265552,0.5361344537815127,9.125499681944492,1.0,0.016621394471500454,2.0291413410270702,0.9225376150841211,0.24921875000000002,0.5071807075332465,0.42693176872342564,['23208'],['23209'],['LUNCH BAG VINTAGE LEAF DESIGN'],['LUNCH BAG VINTAGE DOILY'],LUNCH BAG VINTAGE DOILY
23209,23208,0.05875124348996431,0.03481771900052665,0.018666978758265552,0.31772908366533864,9.125499681944492,1.0,0.016621394471500454,1.4146613286474032,0.9459953635808201,0.24921875000000002,0.29311703108748466,0.42693176872342564,['23209'],['23208'],['LUNCH BAG VINTAGE DOILY'],['LUNCH BAG VINTAGE LEAF DESIGN'],LUNCH BAG VINTAGE LEAF DESIGN
22470,22469,0.04675522265785008,0.05600093627479665,0.023816490139856046,0.5093867334167709,9.09603958971703,1.0,0.021198153895279855,1.9241205406031565,0.9337182486353757,0.301704966641957,0.48028204112070405,0.46733704486930494,['22470'],['22469'],['HEART OF WICKER LARGE'],['HEART OF WICKER SMALL'],HEART OF WICKER SMALL
22469,22470,0.05600093627479665,0.04675522265785008,0.023816490139856046,0.42528735632183906,9.09603958971703,1.0,0.021198153895279855,1.658645912575341,0.9428632699150924,0.301704966641957,0.3970985655115965,0.46733704486930494,['22469'],['22470'],['HEART OF WICKER SMALL'],['HEART OF WICKER LARGE'],HEART OF WICKER LARGE
"22383, 20725",22382,0.030370413716425772,0.057814968693311486,0.0158581543683071,0.5221579961464354,9.031536433346595,1.0,0.014102289850089026,1.9717501260006909,0.917130500816173,0.21925566343042074,0.49283634532926124,0.39822474706107197,"['22383', '20725']",['22382'],"['LUNCH BAG SUKI DESIGN', 'LUNCH BAG RED RETROSPOT']",['LUNCH BAG SPACEBOY DESIGN'],LUNCH BAG SPACEBOY DESIGN
22382,"22383, 20725",0.057814968693311486,0.030370413716425772,0.0158581543683071,0.2742914979757085,9.031536433346595,1.0,0.014102289850089026,1.3361144089932655,0.9438452517560391,0.21925566343042074,0.2515610989080798,0.39822474706107197,['22382'],"['22383', '20725']",['LUNCH BAG SPACEBOY DESIGN'],"['LUNCH BAG SUKI DESIGN', 'LUNCH BAG RED RETROSPOT']","LUNCH BAG SUKI DESIGN, LUNCH BAG RED RETROSPOT"
"20725, 20727",20728,0.03025337936684417,0.05646907367312306,0.015331499795189888,0.5067698259187621,8.974289694430803,1.0,0.013623119486862623,1.9129627016117465,0.9162914821836887,0.21475409836065573,0.47725065462203703,0.3891362082961686,"['20725', '20727']",['20728'],"['LUNCH BAG RED RETROSPOT', 'LUNCH BAG  BLACK SKULL.']",['LUNCH BAG CARS BLUE'],LUNCH BAG CARS BLUE
20728,"20725, 20727",0.05646907367312306,0.03025337936684417,0.015331499795189888,0.27150259067357513,8.974289694430803,1.0,0.013623119486862623,1.331160012675669,0.9417503375556989,0.21475409836065573,0.24877551122500152,0.3891362082961686,['20728'],"['20725', '20727']",['LUNCH BAG CARS BLUE'],"['LUNCH BAG RED RETROSPOT', 'LUNCH BAG  BLACK SKULL.']","LUNCH BAG RED RETROSPOT, LUNCH BAG  BLACK SKULL."
"20725, 22382",20727,0.027327520627304112,0.061443033530341154,0.015038913921235882,0.550321199143469,8.956608544916897,1.0,0.013359828155031346,2.0871719206730033,0.9133090690833535,0.20396825396825397,0.5208827839742342,0.39754155195268687,"['20725', '22382']",['20727'],"['LUNCH BAG RED RETROSPOT', 'LUNCH BAG SPACEBOY DESIGN']",['LUNCH BAG  BLACK SKULL.'],LUNCH BAG  BLACK SKULL.
20727,"20725, 22382",0.061443033530341154,0.027327520627304112,0.015038913921235882,0.24476190476190476,8.956608544916897,1.0,0.013359828155031346,1.2879017696611987,0.946506848700262,0.20396825396825397,0.22354326738516367,0.39754155195268687,['20727'],"['20725', '22382']",['LUNCH BAG  BLACK SKULL.'],"['LUNCH BAG RED RETROSPOT', 'LUNCH BAG SPACEBOY DESIGN']","LUNCH BAG RED RETROSPOT, LUNCH BAG SPACEBOY DESIGN"
"20725, 20727",22383,0.03025337936684417,0.06103341330680555,0.016384808941424307,0.5415860735009671,8.873599626134254,1.0,0.014538341934600124,2.048294199664057,0.9149876297369056,0.21874999999999994,0.511788882591177,0.4050212246699466,"['20725', '20727']",['22383'],"['LUNCH BAG RED RETROSPOT', 'LUNCH BAG  BLACK SKULL.']",['LUNCH BAG SUKI DESIGN'],LUNCH BAG SUKI DESIGN
22383,"20725, 20727",0.06103341330680555,0.03025337936684417,0.016384808941424307,0.2684563758389262,8.873599626134254,1.0,0.014538341934600124,1.3256169401315618,0.944981615355852,0.21874999999999994,0.24563426301661895,0.4050212246699466,['22383'],"['20725', '20727']",['LUNCH BAG SUKI DESIGN'],"['LUNCH BAG RED RETROSPOT', 'LUNCH BAG  BLACK SKULL.']","LUNCH BAG RED RETROSPOT, LUNCH BAG  BLACK SKULL."
23199,23201,0.041898297150213586,0.04388788109310082,0.016209257417051905,0.38687150837988826,8.814996275605214,1.0,0.014370429933719925,1.559399264549749,0.9253265645364461,0.23296888141295202,0.3587274133486695,0.37810242085661083,['23199'],['23201'],['JUMBO BAG APPLES'],['JUMBO BAG ALPHABET'],JUMBO BAG ALPHABET
23201,23199,0.04388788109310082,0.041898297150213586,0.016209257417051905,0.36933333333333335,8.814996275605214,1.0,0.014370429933719925,1.5191887465905705,0.9272520864897015,0.23296888141295202,0.3417539445021275,0.37810242085661083,['23201'],['23199'],['JUMBO BAG ALPHABET'],['JUMBO BAG APPLES'],JUMBO BAG APPLES
85099F,22386,0.03827023231318392,0.050851424893206154,0.017145532213704722,0.44801223241590216,8.810219838613754,1.0,0.015199436369585298,1.7195101609967955,0.9217718782544952,0.23821138211382117,0.4184390283449662,0.39259069618493614,['85099F'],['22386'],['JUMBO BAG STRAWBERRY'],['JUMBO BAG PINK POLKADOT'],JUMBO BAG PINK POLKADOT
22386,85099F,0.050851424893206154,0.03827023231318392,0.017145532213704722,0.33716915995397007,8.810219838613753,1.0,0.015199436369585298,1.4509430002080612,0.9339901861351804,0.23821138211382117,0.3107930498602613,0.39259069618493614,['22386'],['85099F'],['JUMBO BAG PINK POLKADOT'],['JUMBO BAG STRAWBERRY'],JUMBO BAG STRAWBERRY
"22384, 20727",20725,0.02715196910293171,0.07537012113055182,0.01802328983556674,0.6637931034482759,8.807112068965518,1.0,0.015976842635345774,2.750181178175795,0.9111961722488038,0.21329639889196678,0.6363875922300859,0.45146176911544234,"['22384', '20727']",['20725'],"['LUNCH BAG PINK POLKADOT', 'LUNCH BAG  BLACK SKULL.']",['LUNCH BAG RED RETROSPOT'],LUNCH BAG RED RETROSPOT
20725,"22384, 20727",0.07537012113055182,0.02715196910293171,0.01802328983556674,0.2391304347826087,8.807112068965518,1.0,0.015976842635345774,1.278600269179004,0.9587137753076617,0.21329639889196678,0.21789473684210525,0.45146176911544234,['20725'],"['22384', '20727']",['LUNCH BAG RED RETROSPOT'],"['LUNCH BAG PINK POLKADOT', 'LUNCH BAG  BLACK SKULL.']","LUNCH BAG PINK POLKADOT, LUNCH BAG  BLACK SKULL."
23202,23203,0.04517525893849845,0.0631400315992744,0.02504535081046287,0.5544041450777202,8.780549059530268,1.0,0.022192983533580676,2.1024880686202327,0.928036180372629,0.30077301475755447,0.5243730440495415,0.4755338612320945,['23202'],['23203'],['JUMBO BAG VINTAGE LEAF'],['JUMBO BAG VINTAGE DOILY'],JUMBO BAG VINTAGE DOILY
23203,23202,0.0631400315992744,0.04517525893849845,0.02504535081046287,0.3966635773864689,8.780549059530268,1.0,0.022192983533580676,1.582574340407619,0.9458317523510423,0.30077301475755447,0.36811815125068137,0.4755338612320945,['23203'],['23202'],['JUMBO BAG VINTAGE DOILY'],['JUMBO BAG VINTAGE LEAF'],JUMBO BAG VINTAGE LEAF
"22383, 20725",20727,0.030370413716425772,0.061443033530341154,0.016384808941424307,0.5394990366088631,8.780475272960821,1.0,0.014518758593115626,2.038121613379719,0.9138654194327096,0.21722265321954998,0.509352143937207,0.4030828516377649,"['22383', '20725']",['20727'],"['LUNCH BAG SUKI DESIGN', 'LUNCH BAG RED RETROSPOT']",['LUNCH BAG  BLACK SKULL.'],LUNCH BAG  BLACK SKULL.
20727,"22383, 20725",0.061443033530341154,0.030370413716425772,0.016384808941424307,0.26666666666666666,8.780475272960821,1.0,0.014518758593115626,1.3222221631139648,0.9441205810836087,0.21722265321954998,0.24369744518205594,0.4030828516377649,['20727'],"['22383', '20725']",['LUNCH BAG  BLACK SKULL.'],"['LUNCH BAG SUKI DESIGN', 'LUNCH BAG RED RETROSPOT']","LUNCH BAG SUKI DESIGN, LUNCH BAG RED RETROSPOT"
23202,23199,0.04517525893849845,0.041898297150213586,0.01661887764058751,0.36787564766839376,8.780205227660868,1.0,0.01472611121774446,1.5156854807377769,0.9280315095204431,0.2358803986710963,0.34023251346761013,0.3822618461805656,['23202'],['23199'],['JUMBO BAG VINTAGE LEAF'],['JUMBO BAG APPLES'],JUMBO BAG APPLES
23199,23202,0.041898297150213586,0.04517525893849845,0.01661887764058751,0.3966480446927374,8.780205227660867,1.0,0.01472611121774446,1.5825335986111921,0.924857395764067,0.2358803986710963,0.3681018836645333,0.3822618461805656,['23199'],['23202'],['JUMBO BAG APPLES'],['JUMBO BAG VINTAGE LEAF'],JUMBO BAG VINTAGE LEAF
"22384, 20725",22383,0.030604482415588975,0.06103341330680555,0.016384808941424307,0.5353728489483748,8.771799248014167,1.0,0.014516912917112802,2.0209033944055173,0.9139698780635036,0.21772939346811815,0.5051717945705333,0.40191461239365045,"['22384', '20725']",['22383'],"['LUNCH BAG PINK POLKADOT', 'LUNCH BAG RED RETROSPOT']",['LUNCH BAG SUKI DESIGN'],LUNCH BAG SUKI DESIGN
22383,"22384, 20725",0.06103341330680555,0.030604482415588975,0.016384808941424307,0.2684563758389262,8.771799248014167,1.0,0.014516912917112802,1.3251369919273142,0.9435887448585317,0.21772939346811815,0.24536104109087345,0.40191461239365045,['22383'],"['22384', '20725']",['LUNCH BAG SUKI DESIGN'],"['LUNCH BAG PINK POLKADOT', 'LUNCH BAG RED RETROSPOT']","LUNCH BAG PINK POLKADOT, LUNCH BAG RED RETROSPOT"
"20728, 22384",20725,0.02498683363567207,0.07537012113055182,0.016326291766633506,0.6533957845433255,8.669161927065907,1.0,0.014443031088843955,2.6676821505219883,0.9073196408973008,0.19428969359331474,0.6251427480577741,0.4350053456878118,"['20728', '22384']",['20725'],"['LUNCH BAG CARS BLUE', 'LUNCH BAG PINK POLKADOT']",['LUNCH BAG RED RETROSPOT'],LUNCH BAG RED RETROSPOT
20725,"20728, 22384",0.07537012113055182,0.02498683363567207,0.016326291766633506,0.21661490683229812,8.669161927065907,1.0,0.014443031088843955,1.2446154195017387,0.9567596896798192,0.19428969359331474,0.196538959480083,0.4350053456878118,['20725'],"['20728', '22384']",['LUNCH BAG RED RETROSPOT'],"['LUNCH BAG CARS BLUE', 'LUNCH BAG PINK POLKADOT']","LUNCH BAG CARS BLUE, LUNCH BAG PINK POLKADOT"
"20725, 20727",22382,0.03025337936684417,0.057814968693311486,0.015038913921235882,0.4970986460348162,8.59809591304552,1.0,0.01328981574027491,1.8734986968675302,0.9112639950561211,0.20592948717948717,0.46623928713054924,0.37861005176234735,"['20725', '20727']",['22382'],"['LUNCH BAG RED RETROSPOT', 'LUNCH BAG  BLACK SKULL.']",['LUNCH BAG SPACEBOY DESIGN'],LUNCH BAG SPACEBOY DESIGN
22382,"20725, 20727",0.057814968693311486,0.03025337936684417,0.015038913921235882,0.2601214574898785,8.59809591304552,1.0,0.01328981574027491,1.310683531033595,0.937921056212039,0.20592948717948717,0.23703931855204768,0.37861005176234735,['22382'],"['20725', '20727']",['LUNCH BAG SPACEBOY DESIGN'],"['LUNCH BAG RED RETROSPOT', 'LUNCH BAG  BLACK SKULL.']","LUNCH BAG RED RETROSPOT, LUNCH BAG  BLACK SKULL."
22382,20726,0.057814968693311486,0.0478670489788753,0.023699455790274444,0.409919028340081,8.56369960306069,1.0,0.02093202385211956,1.613563217167875,0.9374252500228112,0.2890792291220556,0.38025359690883437,0.45251452639497936,['22382'],['20726'],['LUNCH BAG SPACEBOY DESIGN'],['LUNCH BAG WOODLAND'],LUNCH BAG WOODLAND
20726,22382,0.0478670489788753,0.057814968693311486,0.023699455790274444,0.4951100244498777,8.563699603060687,1.0,0.02093202385211956,1.8661195051062252,0.9276309969035267,0.2890792291220556,0.46412863845872676,0.45251452639497936,['20726'],['22382'],['LUNCH BAG WOODLAND'],['LUNCH BAG SPACEBOY DESIGN'],LUNCH BAG SPACEBOY DESIGN
"20726, 22382",20725,0.023699455790274444,0.07537012113055182,0.015097431096026685,0.6370370370370371,8.452116402116403,1.0,0.013311200242385543,2.5474496662729695,0.9030891593672813,0.1797909407665505,0.6074505364170575,0.41867379802162413,"['20726', '22382']",['20725'],"['LUNCH BAG WOODLAND', 'LUNCH BAG SPACEBOY DESIGN']",['LUNCH BAG RED RETROSPOT'],LUNCH BAG RED RETROSPOT
20725,"20726, 22382",0.07537012113055182,0.023699455790274444,0.015097431096026685,0.2003105590062112,8.452116402116403,1.0,0.013311200242385543,1.2208496125651713,0.9535560746081718,0.1797909407665505,0.18089829434530946,0.41867379802162413,['20725'],"['20726', '22382']",['LUNCH BAG RED RETROSPOT'],"['LUNCH BAG WOODLAND', 'LUNCH BAG SPACEBOY DESIGN']","LUNCH BAG WOODLAND, LUNCH BAG SPACEBOY DESIGN"
21212,21975,0.06021417285973433,0.03089706828954298,0.015624085669143894,0.25947521865889217,8.39805305238979,1.0,0.013763644258298338,1.3086704943964047,0.9373675962332265,0.20697674418604653,0.23586570929664927,0.3825785184203552,['21212'],['21975'],['PACK OF 72 RETROSPOT CAKE CASES'],['PACK OF 60 DINOSAUR CAKE CASES'],PACK OF 60 DINOSAUR CAKE CASES
21975,21212,0.03089706828954298,0.06021417285973433,0.015624085669143894,0.5056818181818182,8.398053052389788,1.0,0.013763644258298338,1.9011759261688135,0.9090105425702324,0.20697674418604653,0.4740097503679384,0.3825785184203552,['21975'],['21212'],['PACK OF 60 DINOSAUR CAKE CASES'],['PACK OF 72 RETROSPOT CAKE CASES'],PACK OF 72 RETROSPOT CAKE CASES
21212,84991,0.06021417285973433,0.03844578383755632,0.01931066768096436,0.3206997084548105,8.341609311695978,1.0,0.016995686607241767,1.4155068504022237,0.9365102456696479,0.24336283185840707,0.29353927201705554,0.4114914067388208,['21212'],['84991'],['PACK OF 72 RETROSPOT CAKE CASES'],['60 TEATIME FAIRY CAKE CASES'],60 TEATIME FAIRY CAKE CASES
84991,21212,0.03844578383755632,0.06021417285973433,0.01931066768096436,0.502283105022831,8.341609311695976,1.0,0.016995686607241767,1.888193542602919,0.9153088209259096,0.24336283185840707,0.470393274080645,0.4114914067388208,['84991'],['21212'],['60 TEATIME FAIRY CAKE CASES'],['PACK OF 72 RETROSPOT CAKE CASES'],PACK OF 72 RETROSPOT CAKE CASES
21977,21212,0.03914798993504594,0.06021417285973433,0.01960325355491837,0.5007473841554559,8.316105002752757,1.0,0.017245989721858375,1.8823853843019096,0.9155951060774083,0.24578136463683053,0.4687591561539593,0.41315308955100305,['21977'],['21212'],['PACK OF 60 PINK PAISLEY CAKE CASES'],['PACK OF 72 RETROSPOT CAKE CASES'],PACK OF 72 RETROSPOT CAKE CASES
21212,21977,0.06021417285973433,0.03914798993504594,0.01960325355491837,0.3255587949465501,8.316105002752757,1.0,0.017245989721858375,1.424663859303801,0.9361190312447725,0.24578136463683053,0.2980800393935198,0.41315308955100305,['21212'],['21977'],['PACK OF 72 RETROSPOT CAKE CASES'],['PACK OF 60 PINK PAISLEY CAKE CASES'],PACK OF 60 PINK PAISLEY CAKE CASES
"20728, 20727",20725,0.024635730586927262,0.07537012113055182,0.015331499795189888,0.6223277909738718,8.256956226671193,1.0,0.01347470179671354,2.448233830214074,0.9010889815837633,0.18106427090532135,0.5915422833967784,0.4128719700210974,"['20728', '20727']",['20725'],"['LUNCH BAG CARS BLUE', 'LUNCH BAG  BLACK SKULL.']",['LUNCH BAG RED RETROSPOT'],LUNCH BAG RED RETROSPOT
20725,"20728, 20727",0.07537012113055182,0.024635730586927262,0.015331499795189888,0.20341614906832298,8.256956226671191,1.0,0.01347470179671354,1.224433897664754,0.9505316843894797,0.18106427090532135,0.18329605060166615,0.4128719700210974,['20725'],"['20728', '20727']",['LUNCH BAG RED RETROSPOT'],"['LUNCH BAG CARS BLUE', 'LUNCH BAG  BLACK SKULL.']","LUNCH BAG CARS BLUE, LUNCH BAG  BLACK SKULL."
22662,22383,0.034934753350108254,0.06103341330680555,0.01755515243724033,0.5025125628140704,8.233400945282503,1.0,0.015422965197251864,1.887417684363088,0.9103462284744118,0.22388059701492544,0.4701755693586968,0.3950721970350314,['22662'],['22383'],['LUNCH BAG DOLLY GIRL DESIGN'],['LUNCH BAG SUKI DESIGN'],LUNCH BAG SUKI DESIGN
22383,22662,0.06103341330680555,0.034934753350108254,0.01755515243724033,0.28763183125599234,8.233400945282503,1.0,0.015422965197251864,1.354728199536793,0.9356493830238065,0.22388059701492544,0.26184455277308105,0.3950721970350314,['22383'],['22662'],['LUNCH BAG SUKI DESIGN'],['LUNCH BAG DOLLY GIRL DESIGN'],LUNCH BAG DOLLY GIRL DESIGN
23199,23206,0.041898297150213586,0.05061735619404295,0.017321083738077125,0.4134078212290503,8.167313591888139,1.0,0.01520030270730091,1.6184713642025363,0.9159369165782163,0.23035019455252917,0.3821330286602096,0.37780217651047887,['23199'],['23206'],['JUMBO BAG APPLES'],['LUNCH BAG APPLE DESIGN'],LUNCH BAG APPLE DESIGN
23206,23199,0.05061735619404295,0.041898297150213586,0.017321083738077125,0.3421965317919075,8.167313591888139,1.0,0.01520030270730091,1.4565166484447545,0.9243488125699665,0.23035019455252917,0.3134304361932393,0.37780217651047887,['23206'],['23199'],['LUNCH BAG APPLE DESIGN'],['JUMBO BAG APPLES'],JUMBO BAG APPLES
"20727, 22382",20725,0.02446017906255486,0.07537012113055182,0.015038913921235882,0.6148325358851674,8.15751025290499,1.0,0.013195347262416135,2.4005918594250266,0.8994133898727187,0.1773636991028295,0.583436061372168,0.4071833486879253,"['20727', '22382']",['20725'],"['LUNCH BAG  BLACK SKULL.', 'LUNCH BAG SPACEBOY DESIGN']",['LUNCH BAG RED RETROSPOT'],LUNCH BAG RED RETROSPOT
22384,20728,0.05442097255544502,0.05646907367312306,0.02498683363567207,0.4591397849462366,8.1308184299961,1.0,0.021913731727075638,1.744500519848898,0.9274858320266706,0.2908719346049047,0.42677001891256744,0.4508134157891805,['22384'],['20728'],['LUNCH BAG PINK POLKADOT'],['LUNCH BAG CARS BLUE'],LUNCH BAG CARS BLUE
20728,22384,0.05646907367312306,0.05442097255544502,0.02498683363567207,0.4424870466321244,8.1308184299961,1.0,0.021913731727075638,1.6960664711598434,0.9294991044231562,0.2908719346049047,0.41040046660662005,0.4508134157891805,['20728'],['22384'],['LUNCH BAG CARS BLUE'],['LUNCH BAG PINK POLKADOT'],LUNCH BAG PINK POLKADOT
22384,20727,0.05442097255544502,0.061443033530341154,0.02715196910293171,0.4989247311827957,8.120118791602662,1.0,0.023808179461453725,1.8730857914523233,0.9273144463104792,0.3060686015831135,0.46612162423984016,0.4704147465437788,['22384'],['20727'],['LUNCH BAG PINK POLKADOT'],['LUNCH BAG  BLACK SKULL.'],LUNCH BAG  BLACK SKULL.
20727,22384,0.061443033530341154,0.05442097255544502,0.02715196910293171,0.4419047619047619,8.120118791602662,1.0,0.023808179461453725,1.6942968921788102,0.9342523934117486,0.3060686015831135,0.40978466960767845,0.4704147465437788,['20727'],['22384'],['LUNCH BAG  BLACK SKULL.'],['LUNCH BAG PINK POLKADOT'],LUNCH BAG PINK POLKADOT
"22383, 20728",20725,0.026449763005442096,0.07537012113055182,0.016150740242261104,0.6106194690265487,8.10161188369153,1.0,0.014157218400666544,2.374617643460174,0.900382681172487,0.1885245901639344,0.5788795713052776,0.4124525916561315,"['22383', '20728']",['20725'],"['LUNCH BAG SUKI DESIGN', 'LUNCH BAG CARS BLUE']",['LUNCH BAG RED RETROSPOT'],LUNCH BAG RED RETROSPOT
20725,"22383, 20728",0.07537012113055182,0.026449763005442096,0.016150740242261104,0.21428571428571427,8.101611883691529,1.0,0.014157218400666544,1.2390639379930737,0.9480201674999472,0.1885245901639344,0.1929391459655329,0.4124525916561315,['20725'],"['22383', '20728']",['LUNCH BAG RED RETROSPOT'],"['LUNCH BAG SUKI DESIGN', 'LUNCH BAG CARS BLUE']","LUNCH BAG SUKI DESIGN, LUNCH BAG CARS BLUE"
"22383, 22382",20725,0.02615717713148809,0.07537012113055182,0.0158581543683071,0.6062639821029083,8.043823905401087,1.0,0.013886684759473543,2.34834974917411,0.8992015932657825,0.18510928961748635,0.5741690519686475,0.4083338544054914,"['22383', '22382']",['20725'],"['LUNCH BAG SUKI DESIGN', 'LUNCH BAG SPACEBOY DESIGN']",['LUNCH BAG RED RETROSPOT'],LUNCH BAG RED RETROSPOT
20725,"22383, 22382",0.07537012113055182,0.02615717713148809,0.0158581543683071,0.21040372670807456,8.043823905401087,1.0,0.013886684759473543,1.2333427294539265,0.9470611299999464,0.18510928961748635,0.1891953662849589,0.4083338544054914,['20725'],"['22383', '22382']",['LUNCH BAG RED RETROSPOT'],"['LUNCH BAG SUKI DESIGN', 'LUNCH BAG SPACEBOY DESIGN']","LUNCH BAG SUKI DESIGN, LUNCH BAG SPACEBOY DESIGN"
"22383, 20727",20725,0.02721048627772251,0.07537012113055182,0.016384808941424307,0.6021505376344086,7.989247311827957,1.0,0.014333951294651143,2.3240696955367213,0.8993022136669875,0.19008825526137135,0.569720304894273,0.40977092099111734,"['22383', '20727']",['20725'],"['LUNCH BAG SUKI DESIGN', 'LUNCH BAG  BLACK SKULL.']",['LUNCH BAG RED RETROSPOT'],LUNCH BAG RED RETROSPOT
20725,"22383, 20727",0.07537012113055182,0.02721048627772251,0.016384808941424307,0.21739130434782608,7.989247311827957,1.0,0.014333951294651143,1.2430088230895768,0.9461426491994178,0.19008825526137135,0.1955004812319538,0.40977092099111734,['20725'],"['22383', '20727']",['LUNCH BAG RED RETROSPOT'],"['LUNCH BAG SUKI DESIGN', 'LUNCH BAG  BLACK SKULL.']","LUNCH BAG SUKI DESIGN, LUNCH BAG  BLACK SKULL."
20728,20726,0.05646907367312306,0.0478670489788753,0.02118321727427,0.3751295336787565,7.836905380239939,1.0,0.018480209358966902,1.5237285202908548,0.9246105116287995,0.254750175932442,0.3437151128410221,0.40883616048241,['20728'],['20726'],['LUNCH BAG CARS BLUE'],['LUNCH BAG WOODLAND'],LUNCH BAG WOODLAND
20726,20728,0.0478670489788753,0.05646907367312306,0.02118321727427,0.44254278728606355,7.836905380239938,1.0,0.018480209358966902,1.6925620564372486,0.9162571378220615,0.254750175932442,0.4091797129702022,0.40883616048241,['20726'],['20728'],['LUNCH BAG WOODLAND'],['LUNCH BAG CARS BLUE'],LUNCH BAG CARS BLUE
23201,23202,0.04388788109310082,0.04517525893849845,0.015331499795189888,0.34933333333333333,7.732846286701209,1.0,0.013348853402547028,1.4674560569592747,0.9106479182249748,0.20793650793650795,0.3185485894057323,0.34435578583765114,['23201'],['23202'],['JUMBO BAG ALPHABET'],['JUMBO BAG VINTAGE LEAF'],JUMBO BAG VINTAGE LEAF
23202,23201,0.04517525893849845,0.04388788109310082,0.015331499795189888,0.3393782383419689,7.732846286701209,1.0,0.013348853402547028,1.447291285874757,0.9118757330316765,0.20793650793650795,0.3090540862369733,0.34435578583765114,['23202'],['23201'],['JUMBO BAG VINTAGE LEAF'],['JUMBO BAG ALPHABET'],JUMBO BAG ALPHABET
20728,22383,0.05646907367312306,0.06103341330680555,0.026449763005442096,0.46839378238341967,7.674382883173786,1.0,0.023003262692897923,1.7662821757484066,0.9217465362467425,0.29048843187660667,0.4338390469369474,0.4508795374045574,['20728'],['22383'],['LUNCH BAG CARS BLUE'],['LUNCH BAG SUKI DESIGN'],LUNCH BAG SUKI DESIGN
22383,20728,0.06103341330680555,0.05646907367312306,0.026449763005442096,0.4333652924256951,7.674382883173786,1.0,0.023003262692897923,1.6651484875785663,0.9262271687923768,0.29048843187660667,0.3994529572229412,0.4508795374045574,['22383'],['20728'],['LUNCH BAG SUKI DESIGN'],['LUNCH BAG CARS BLUE'],LUNCH BAG CARS BLUE
23209,23206,0.05875124348996431,0.05061735619404295,0.02223652642050442,0.3784860557768924,7.477396771296318,1.0,0.01926269380192995,1.527532330739072,0.9203344076697808,0.2552048354600403,0.34534937174379404,0.40889620707919766,['23209'],['23206'],['LUNCH BAG VINTAGE DOILY'],['LUNCH BAG APPLE DESIGN'],LUNCH BAG APPLE DESIGN
23206,23209,0.05061735619404295,0.05875124348996431,0.02223652642050442,0.4393063583815029,7.477396771296317,1.0,0.01926269380192995,1.6787220090333625,0.9124493927125508,0.2552048354600403,0.40430875712660885,0.40889620707919766,['23206'],['23209'],['LUNCH BAG APPLE DESIGN'],['LUNCH BAG VINTAGE DOILY'],LUNCH BAG VINTAGE DOILY
22384,20725,0.05442097255544502,0.07537012113055182,0.030604482415588975,0.5623655913978495,7.461386328725038,1.0,0.026502767122042647,2.11279063230611,0.9158162604244601,0.3085545722713864,0.5266923353837004,0.4842107460094838,['22384'],['20725'],['LUNCH BAG PINK POLKADOT'],['LUNCH BAG RED RETROSPOT'],LUNCH BAG RED RETROSPOT
20725,22384,0.07537012113055182,0.05442097255544502,0.030604482415588975,0.406055900621118,7.461386328725038,1.0,0.026502767122042647,1.592033708952401,0.9365657206631766,0.3085545722713864,0.37187259643011855,0.4842107460094838,['20725'],['22384'],['LUNCH BAG RED RETROSPOT'],['LUNCH BAG PINK POLKADOT'],LUNCH BAG PINK POLKADOT
22382,22383,0.057814968693311486,0.06103341330680555,0.02615717713148809,0.4524291497975709,7.41281087333719,1.0,0.022628532251909188,1.7147855594323034,0.9181831356230462,0.28219696969696967,0.4168367032837273,0.4405002891844997,['22382'],['22383'],['LUNCH BAG SPACEBOY DESIGN'],['LUNCH BAG SUKI DESIGN'],LUNCH BAG SUKI DESIGN
22383,22382,0.06103341330680555,0.057814968693311486,0.02615717713148809,0.42857142857142855,7.412810873337189,1.0,0.022628532251909188,1.648823804786705,0.9213303419336076,0.28219696969696967,0.39350705812416265,0.4405002891844997,['22383'],['22382'],['LUNCH BAG SUKI DESIGN'],['LUNCH BAG SPACEBOY DESIGN'],LUNCH BAG SPACEBOY DESIGN
22383,20727,0.06103341330680555,0.061443033530341154,0.02721048627772251,0.44582933844678807,7.255978633063964,1.0,0.02346040821744129,1.693624422193519,0.9182250224153945,0.2856265356265356,0.4095503188925221,0.44434324065196545,['22383'],['20727'],['LUNCH BAG SUKI DESIGN'],['LUNCH BAG  BLACK SKULL.'],LUNCH BAG  BLACK SKULL.
20727,22383,0.061443033530341154,0.06103341330680555,0.02721048627772251,0.44285714285714284,7.255978633063964,1.0,0.02346040821744129,1.6853246427826567,0.918625769042797,0.2856265356265356,0.4066425099268175,0.44434324065196545,['20727'],['22383'],['LUNCH BAG  BLACK SKULL.'],['LUNCH BAG SUKI DESIGN'],LUNCH BAG SUKI DESIGN
20726,22383,0.0478670489788753,0.06103341330680555,0.02118321727427,0.44254278728606355,7.250828084306367,1.0,0.0182617278901652,1.6843742717434935,0.9054247277890943,0.2414943295530354,0.40630772104770907,0.3948092651674805,['20726'],['22383'],['LUNCH BAG WOODLAND'],['LUNCH BAG SUKI DESIGN'],LUNCH BAG SUKI DESIGN
22383,20726,0.06103341330680555,0.0478670489788753,0.02118321727427,0.34707574304889743,7.250828084306367,1.0,0.0182617278901652,1.45825942425115,0.9181207619254864,0.2414943295530354,0.31425096017224563,0.3948092651674805,['22383'],['20726'],['LUNCH BAG SUKI DESIGN'],['LUNCH BAG WOODLAND'],LUNCH BAG WOODLAND
20726,23206,0.0478670489788753,0.05061735619404295,0.017438118087658726,0.36430317848410754,7.197198863716664,1.0,0.015015214619537295,1.4934519281409093,0.9043454014409463,0.2151624548736462,0.3304103191022506,0.35440592450216934,['20726'],['23206'],['LUNCH BAG WOODLAND'],['LUNCH BAG APPLE DESIGN'],LUNCH BAG APPLE DESIGN
23206,20726,0.05061735619404295,0.0478670489788753,0.017438118087658726,0.3445086705202312,7.197198863716664,1.0,0.015015214619537295,1.4525485055260543,0.9069652383410772,0.2151624548736462,0.31155483194150524,0.35440592450216934,['23206'],['20726'],['LUNCH BAG APPLE DESIGN'],['LUNCH BAG WOODLAND'],LUNCH BAG WOODLAND
20727,22662,0.061443033530341154,0.034934753350108254,0.01544853414477149,0.25142857142857145,7.197090212969611,1.0,0.01330203692330659,1.2892092989597792,0.917424289657596,0.19088937093275488,0.22433075777000105,0.3468198133524767,['20727'],['22662'],['LUNCH BAG  BLACK SKULL.'],['LUNCH BAG DOLLY GIRL DESIGN'],LUNCH BAG DOLLY GIRL DESIGN
22662,20727,0.034934753350108254,0.061443033530341154,0.01544853414477149,0.44221105527638194,7.19709021296961,1.0,0.01330203692330659,1.6826381651122713,0.8922246047670496,0.19088937093275488,0.4056951632656706,0.3468198133524767,['22662'],['20727'],['LUNCH BAG DOLLY GIRL DESIGN'],['LUNCH BAG  BLACK SKULL.'],LUNCH BAG  BLACK SKULL.
20726,22384,0.0478670489788753,0.05442097255544502,0.01860846158347475,0.38875305623471884,7.143441911822699,1.0,0.016003490224685234,1.5469672888992918,0.9032472404312337,0.2223776223776224,0.35357392029179463,0.3653442700528433,['20726'],['22384'],['LUNCH BAG WOODLAND'],['LUNCH BAG PINK POLKADOT'],LUNCH BAG PINK POLKADOT
22384,20726,0.05442097255544502,0.0478670489788753,0.01860846158347475,0.3419354838709678,7.143441911822699,1.0,0.016003490224685234,1.4468687000811211,0.9095077572285786,0.2223776223776224,0.3088522822119703,0.3653442700528433,['22384'],['20726'],['LUNCH BAG PINK POLKADOT'],['LUNCH BAG WOODLAND'],LUNCH BAG WOODLAND
21931,22386,0.04529229328808005,0.050851424893206154,0.016443326116215108,0.36304909560723514,7.13940850958808,1.0,0.01414014846583524,1.490144010411072,0.9007284303792221,0.20631424375917767,0.3289239207664637,0.34320463986345645,['21931'],['22386'],['JUMBO STORAGE BAG SUKI'],['JUMBO BAG PINK POLKADOT'],JUMBO BAG PINK POLKADOT
22386,21931,0.050851424893206154,0.04529229328808005,0.016443326116215108,0.32336018411967776,7.13940850958808,1.0,0.01414014846583524,1.4109540767562219,0.9060039668086937,0.20631424375917767,0.29125971108925364,0.34320463986345645,['22386'],['21931'],['JUMBO BAG PINK POLKADOT'],['JUMBO STORAGE BAG SUKI'],JUMBO STORAGE BAG SUKI
23199,23203,0.041898297150213586,0.0631400315992744,0.018842530282637954,0.4497206703910615,7.122591785276042,1.0,0.01619707047661768,1.702517099936344,0.8971925071309264,0.218601493550577,0.41263438702766086,0.3740725687451137,['23199'],['23203'],['JUMBO BAG APPLES'],['JUMBO BAG VINTAGE DOILY'],JUMBO BAG VINTAGE DOILY
23203,23199,0.0631400315992744,0.041898297150213586,0.018842530282637954,0.29842446709916587,7.122591785276041,1.0,0.01619707047661768,1.3656429820012146,0.9175348481733078,0.218601493550577,0.26774419582591125,0.3740725687451137,['23203'],['23199'],['JUMBO BAG VINTAGE DOILY'],['JUMBO BAG APPLES'],JUMBO BAG APPLES
20727,20728,0.061443033530341154,0.05646907367312306,0.024635730586927262,0.40095238095238095,7.1003888477670865,1.0,0.021166099399802258,1.5750516258238805,0.9154080930108159,0.2641154328732748,0.36510017601682204,0.41861090550209723,['20727'],['20728'],['LUNCH BAG  BLACK SKULL.'],['LUNCH BAG CARS BLUE'],LUNCH BAG CARS BLUE
20728,20727,0.05646907367312306,0.061443033530341154,0.024635730586927262,0.43626943005181346,7.100388847767086,1.0,0.021166099399802258,1.6649034423588618,0.9105823867402925,0.2641154328732748,0.3993645670026461,0.41861090550209723,['20728'],['20727'],['LUNCH BAG CARS BLUE'],['LUNCH BAG  BLACK SKULL.'],LUNCH BAG  BLACK SKULL.
23209,23207,0.05875124348996431,0.03780209491485751,0.015741120018725498,0.2679282868525897,7.087657111492113,1.0,0.013520199935951962,1.3143492472183442,0.9125214213986338,0.19478638667632153,0.2391672136485985,0.34216847779161996,['23209'],['23207'],['LUNCH BAG VINTAGE DOILY'],['LUNCH BAG ALPHABET DESIGN'],LUNCH BAG ALPHABET DESIGN
23207,23209,0.03780209491485751,0.05875124348996431,0.015741120018725498,0.4164086687306502,7.0876571114921125,1.0,0.013520199935951962,1.6128559594309897,0.8926538383018322,0.19478638667632153,0.3799818302728058,0.34216847779161996,['23207'],['23209'],['LUNCH BAG ALPHABET DESIGN'],['LUNCH BAG VINTAGE DOILY'],LUNCH BAG VINTAGE DOILY
22383,22384,0.06103341330680555,0.05442097255544502,0.02340686991632044,0.3835091083413231,7.047082959618141,1.0,0.020085372205785643,1.5338085935064867,0.9138741742490339,0.25429116338207247,0.34802816711707846,0.4068083176115218,['22383'],['22384'],['LUNCH BAG SUKI DESIGN'],['LUNCH BAG PINK POLKADOT'],LUNCH BAG PINK POLKADOT
22384,22383,0.05442097255544502,0.06103341330680555,0.02340686991632044,0.43010752688172044,7.04708295961814,1.0,0.020085372205785643,1.6476206143861716,0.907483445757782,0.25429116338207247,0.39306416096732644,0.4068083176115218,['22384'],['22383'],['LUNCH BAG PINK POLKADOT'],['LUNCH BAG SUKI DESIGN'],LUNCH BAG SUKI DESIGN
20725,20726,0.07537012113055182,0.0478670489788753,0.025337936684416876,0.3361801242236025,7.023205553615089,1.0,0.02173019140471699,1.4343242583803608,0.9275223467161505,0.25881649731022116,0.3028075805332889,0.4327599887621679,['20725'],['20726'],['LUNCH BAG RED RETROSPOT'],['LUNCH BAG WOODLAND'],LUNCH BAG WOODLAND
20726,20725,0.0478670489788753,0.07537012113055182,0.025337936684416876,0.5293398533007334,7.023205553615088,1.0,0.02173019140471699,1.9645382880914506,0.9007301702699215,0.25881649731022116,0.4909745429438791,0.4327599887621679,['20726'],['20725'],['LUNCH BAG WOODLAND'],['LUNCH BAG RED RETROSPOT'],LUNCH BAG RED RETROSPOT
22382,20728,0.057814968693311486,0.05646907367312306,0.02288021534320323,0.395748987854251,7.0082429569339855,1.0,0.01961545761665132,1.5614883671875286,0.9099177490683412,0.25032010243277847,0.35958536674778563,0.400465167502255,['22382'],['20728'],['LUNCH BAG SPACEBOY DESIGN'],['LUNCH BAG CARS BLUE'],LUNCH BAG CARS BLUE
20728,22382,0.05646907367312306,0.057814968693311486,0.02288021534320323,0.40518134715025905,7.008242956933985,1.0,0.01961545761665132,1.583987029984241,0.9086198013984966,0.25032010243277847,0.3686816993634418,0.400465167502255,['20728'],['22382'],['LUNCH BAG CARS BLUE'],['LUNCH BAG SPACEBOY DESIGN'],LUNCH BAG SPACEBOY DESIGN
22961,22960,0.050207735970507344,0.05126104511674177,0.01802328983556674,0.358974358974359,7.002868516567146,1.0,0.015449588816773104,1.480032769617883,0.9025145884858781,0.21598877980364656,0.32433928455639427,0.35528626624517035,['22961'],['22960'],['JAM MAKING SET PRINTED'],['JAM MAKING SET WITH JARS'],JAM MAKING SET WITH JARS
22960,22961,0.05126104511674177,0.050207735970507344,0.01802328983556674,0.3515981735159817,7.002868516567146,1.0,0.015449588816773104,1.4648204635384428,0.9035165784070983,0.21598877980364656,0.3173224808831625,0.35528626624517035,['22960'],['22961'],['JAM MAKING SET WITH JARS'],['JAM MAKING SET PRINTED'],JAM MAKING SET PRINTED
23209,23203,0.05875124348996431,0.0631400315992744,0.025923108432324888,0.44123505976095617,6.988198272710824,1.0,0.022213553061871876,1.6766620468348103,0.9103880274865959,0.2701219512195122,0.4035768854625222,0.4259001990185689,['23209'],['23203'],['LUNCH BAG VINTAGE DOILY'],['JUMBO BAG VINTAGE DOILY'],JUMBO BAG VINTAGE DOILY
23203,23209,0.0631400315992744,0.05875124348996431,0.025923108432324888,0.41056533827618164,6.988198272710824,1.0,0.022213553061871876,1.5968669941420257,0.914652805878944,0.2701219512195122,0.37377376846762,0.4259001990185689,['23203'],['23209'],['JUMBO BAG VINTAGE DOILY'],['LUNCH BAG VINTAGE DOILY'],LUNCH BAG VINTAGE DOILY
22720,22722,0.06653402773714084,0.03780209491485751,0.017438118087658726,0.26209322779243627,6.933299024372977,1.0,0.014922992456071565,1.303955921432428,0.9167645554111999,0.2006734006734007,0.23310291125372157,0.3616967686949797,['22720'],['22722'],['SET OF 3 CAKE TINS PANTRY DESIGN'],['SET OF 6 SPICE TINS PANTRY DESIGN'],SET OF 6 SPICE TINS PANTRY DESIGN
22722,22720,0.03780209491485751,0.06653402773714084,0.017438118087658726,0.46130030959752316,6.933299024372976,1.0,0.014922992456071565,1.73281327035002,0.8893892956224206,0.2006734006734007,0.4229037732392223,0.3616967686949797,['22722'],['22720'],['SET OF 6 SPICE TINS PANTRY DESIGN'],['SET OF 3 CAKE TINS PANTRY DESIGN'],SET OF 3 CAKE TINS PANTRY DESIGN
20726,20727,0.0478670489788753,0.061443033530341154,0.020305459652407983,0.4242053789731051,6.904043544067994,1.0,0.017364362957000466,1.6300203791341419,0.8981490911235616,0.22813938198553588,0.3865107376564246,0.3773407847246478,['20726'],['20727'],['LUNCH BAG WOODLAND'],['LUNCH BAG  BLACK SKULL.'],LUNCH BAG  BLACK SKULL.
20727,20726,0.061443033530341154,0.0478670489788753,0.020305459652407983,0.3304761904761905,6.904043544067994,1.0,0.017364362957000466,1.422104692136815,0.9111405861756637,0.22813938198553588,0.2968168901141675,0.3773407847246478,['20727'],['20726'],['LUNCH BAG  BLACK SKULL.'],['LUNCH BAG WOODLAND'],LUNCH BAG WOODLAND
20727,22382,0.061443033530341154,0.057814968693311486,0.02446017906255486,0.3980952380952381,6.885677655677656,1.0,0.020907852002576097,1.5653390551772515,0.9107289617919957,0.2580246913580247,0.36116076789078466,0.4105860805860806,['20727'],['22382'],['LUNCH BAG  BLACK SKULL.'],['LUNCH BAG SPACEBOY DESIGN'],LUNCH BAG SPACEBOY DESIGN
22382,20727,0.057814968693311486,0.061443033530341154,0.02446017906255486,0.4230769230769231,6.8856776556776556,1.0,0.020907852002576097,1.6268320752140755,0.907222024606038,0.2580246913580247,0.3853084069119982,0.4105860805860806,['22382'],['20727'],['LUNCH BAG SPACEBOY DESIGN'],['LUNCH BAG  BLACK SKULL.'],LUNCH BAG  BLACK SKULL.
22662,20725,0.034934753350108254,0.07537012113055182,0.01808180701035754,0.5175879396984925,6.867282842785356,1.0,0.015448770418693929,1.9166806864064603,0.8853100885630926,0.19606598984771575,0.4782646858747889,0.3787473859983146,['22662'],['20725'],['LUNCH BAG DOLLY GIRL DESIGN'],['LUNCH BAG RED RETROSPOT'],LUNCH BAG RED RETROSPOT
20725,22662,0.07537012113055182,0.034934753350108254,0.01808180701035754,0.23990683229813664,6.867282842785356,1.0,0.015448770418693929,1.2696670456435757,0.9240259464959512,0.19606598984771575,0.21239193894875436,0.3787473859983146,['20725'],['22662'],['LUNCH BAG RED RETROSPOT'],['LUNCH BAG DOLLY GIRL DESIGN'],LUNCH BAG DOLLY GIRL DESIGN
85099F,85099B,0.03827023231318392,0.09269120486862895,0.024226110363391656,0.6330275229357799,6.829423825410065,1.0,0.0206787964196803,2.472416466732987,0.8875411700903427,0.22697368421052633,0.5955373969332178,0.44719557964970813,['85099F'],['85099B'],['JUMBO BAG STRAWBERRY'],['JUMBO BAG RED RETROSPOT'],JUMBO BAG RED RETROSPOT
85099B,85099F,0.09269120486862895,0.03827023231318392,0.024226110363391656,0.26136363636363635,6.829423825410064,1.0,0.0206787964196803,1.302034147022151,0.940776467619141,0.22697368421052633,0.23197098763724866,0.44719557964970813,['85099B'],['85099F'],['JUMBO BAG RED RETROSPOT'],['JUMBO BAG STRAWBERRY'],JUMBO BAG STRAWBERRY
22384,22382,0.05442097255544502,0.057814968693311486,0.021475803148224004,0.3946236559139785,6.825631230682165,1.0,0.018329456323671386,1.5563624851069633,0.9026145661143611,0.23662153449387494,0.35747616023315193,0.38304057289626053,['22384'],['22382'],['LUNCH BAG PINK POLKADOT'],['LUNCH BAG SPACEBOY DESIGN'],LUNCH BAG SPACEBOY DESIGN
22382,22384,0.057814968693311486,0.05442097255544502,0.021475803148224004,0.37145748987854255,6.825631230682165,1.0,0.018329456323671386,1.5043994832773275,0.9058660191194312,0.23662153449387494,0.33528294105665035,0.38304057289626053,['22382'],['22384'],['LUNCH BAG SPACEBOY DESIGN'],['LUNCH BAG PINK POLKADOT'],LUNCH BAG PINK POLKADOT
22383,23206,0.06103341330680555,0.05061735619404295,0.021066182924688395,0.3451581975071908,6.818969291561137,1.0,0.01797683290359958,1.449789308183914,0.9088185702217237,0.23255813953488372,0.310244602884639,0.3806715843027283,['22383'],['23206'],['LUNCH BAG SUKI DESIGN'],['LUNCH BAG APPLE DESIGN'],LUNCH BAG APPLE DESIGN
23206,22383,0.05061735619404295,0.06103341330680555,0.021066182924688395,0.41618497109826585,6.818969291561136,1.0,0.01797683290359958,1.608328905920026,0.8988475578018847,0.23255813953488372,0.37823663038129535,0.3806715843027283,['23206'],['22383'],['LUNCH BAG APPLE DESIGN'],['LUNCH BAG SUKI DESIGN'],LUNCH BAG SUKI DESIGN
85099B,22386,0.09269120486862895,0.050851424893206154,0.0319503774357774,0.3446969696969697,6.778511524915438,1.0,0.027236897593139534,1.4484116984288646,0.9395643376294779,0.2863135815416885,0.30958856443597504,0.4865026850786345,['85099B'],['22386'],['JUMBO BAG RED RETROSPOT'],['JUMBO BAG PINK POLKADOT'],JUMBO BAG PINK POLKADOT
22386,85099B,0.050851424893206154,0.09269120486862895,0.0319503774357774,0.6283084004602992,6.778511524915437,1.0,0.027236897593139534,2.4410258296258873,0.8981470440779936,0.2863135815416885,0.5903361661055179,0.4865026850786345,['22386'],['85099B'],['JUMBO BAG PINK POLKADOT'],['JUMBO BAG RED RETROSPOT'],JUMBO BAG RED RETROSPOT
22383,20725,0.06103341330680555,0.07537012113055182,0.030370413716425772,0.49760306807286675,6.602126421038214,1.0,0.025770317962480804,1.8404369535512106,0.9036888646490089,0.2864238410596026,0.456650770856099,0.45027668931593645,['22383'],['20725'],['LUNCH BAG SUKI DESIGN'],['LUNCH BAG RED RETROSPOT'],LUNCH BAG RED RETROSPOT
20725,22383,0.07537012113055182,0.06103341330680555,0.030370413716425772,0.4029503105590062,6.602126421038214,1.0,0.025770317962480804,1.5726774559958836,0.9177008747647615,0.2864238410596026,0.36414170865903384,0.45027668931593645,['20725'],['22383'],['LUNCH BAG RED RETROSPOT'],['LUNCH BAG SUKI DESIGN'],LUNCH BAG SUKI DESIGN
22383,23207,0.06103341330680555,0.03780209491485751,0.015097431096026685,0.24736337488015342,6.543641971094337,1.0,0.012790240213225093,1.2784361974570746,0.9022471247875536,0.180293501048218,0.21779436315313155,0.3233720899168569,['22383'],['23207'],['LUNCH BAG SUKI DESIGN'],['LUNCH BAG ALPHABET DESIGN'],LUNCH BAG ALPHABET DESIGN
23207,22383,0.03780209491485751,0.06103341330680555,0.015097431096026685,0.3993808049535604,6.5436419710943365,1.0,0.012790240213225093,1.5633309665046484,0.8804632587934735,0.180293501048218,0.3603401829646886,0.3233720899168569,['23207'],['22383'],['LUNCH BAG ALPHABET DESIGN'],['LUNCH BAG SUKI DESIGN'],LUNCH BAG SUKI DESIGN
20727,20725,0.061443033530341154,0.07537012113055182,0.03025337936684417,0.4923809523809524,6.532840136054422,1.0,0.0256224104870338,1.821503513720301,0.9023716731086932,0.28390993959362987,0.45100298052263127,0.44688923395445135,['20727'],['20725'],['LUNCH BAG  BLACK SKULL.'],['LUNCH BAG RED RETROSPOT'],LUNCH BAG RED RETROSPOT
20725,20727,0.07537012113055182,0.061443033530341154,0.03025337936684417,0.40139751552795033,6.532840136054422,1.0,0.0256224104870338,1.5679135834149425,0.9159635000943187,0.28390993959362987,0.3622097476686292,0.44688923395445135,['20725'],['20727'],['LUNCH BAG RED RETROSPOT'],['LUNCH BAG  BLACK SKULL.'],LUNCH BAG  BLACK SKULL.
22804,85123A,0.02387500731464685,0.11463514541517936,0.017672186786821933,0.7401960784313726,6.456973345744628,1.0,0.014935271851518921,3.407819440288744,0.8657996507109846,0.14624697336561746,0.7065572230213963,0.44717818214575267,['22804'],['85123A'],['CANDLEHOLDER PINK HANGING HEART'],['WHITE HANGING HEART T-LIGHT HOLDER'],WHITE HANGING HEART T-LIGHT HOLDER
85099B,21928,0.09269120486862895,0.0316577915618234,0.018725495933056353,0.20202020202020202,6.38137381205773,1.0,0.015791097089711027,1.2134921346250567,0.9294453402128345,0.1772853185595568,0.1759320299929437,0.39675871468847435,['85099B'],['21928'],['JUMBO BAG RED RETROSPOT'],['JUMBO BAG SCANDINAVIAN BLUE PAISLEY'],JUMBO BAG SCANDINAVIAN BLUE PAISLEY
21928,85099B,0.0316577915618234,0.09269120486862895,0.018725495933056353,0.5914972273567467,6.3813738120577295,1.0,0.015791097089711027,2.2210590867243063,0.8708635484650713,0.1772853185595568,0.5497643417155398,0.39675871468847435,['21928'],['85099B'],['JUMBO BAG SCANDINAVIAN BLUE PAISLEY'],['JUMBO BAG RED RETROSPOT'],JUMBO BAG RED RETROSPOT
20728,20725,0.05646907367312306,0.07537012113055182,0.026859383228977705,0.4756476683937824,6.310825314581792,1.0,0.022603302306104366,1.7633751642470703,0.8919072990424429,0.2558528428093646,0.4329057024986614,0.4160070640105558,['20728'],['20725'],['LUNCH BAG CARS BLUE'],['LUNCH BAG RED RETROSPOT'],LUNCH BAG RED RETROSPOT
20725,20728,0.07537012113055182,0.05646907367312306,0.026859383228977705,0.3563664596273292,6.310825314581792,1.0,0.022603302306104366,1.4659443101435679,0.9101394398936997,0.2558528428093646,0.317845846475529,0.4160070640105558,['20725'],['20728'],['LUNCH BAG RED RETROSPOT'],['LUNCH BAG CARS BLUE'],LUNCH BAG CARS BLUE
22382,20725,0.057814968693311486,0.07537012113055182,0.027327520627304112,0.4726720647773279,6.271345430884905,1.0,0.022969999433730164,1.7534247990844813,0.8921226247535132,0.25815367606412387,0.42968754604010867,0.41762485226444035,['22382'],['20725'],['LUNCH BAG SPACEBOY DESIGN'],['LUNCH BAG RED RETROSPOT'],LUNCH BAG RED RETROSPOT
20725,22382,0.07537012113055182,0.057814968693311486,0.027327520627304112,0.36257763975155277,6.271345430884904,1.0,0.022969999433730164,1.4781173207344882,0.9090605899092663,0.25815367606412387,0.32346371565208903,0.41762485226444035,['20725'],['22382'],['LUNCH BAG RED RETROSPOT'],['LUNCH BAG SPACEBOY DESIGN'],LUNCH BAG SPACEBOY DESIGN
23201,23203,0.04388788109310082,0.0631400315992744,0.017204049388495523,0.392,6.208422613531047,1.0,0.01443296718945194,1.5408881059222461,0.8774373572184244,0.19153094462540715,0.35102361024359774,0.3322372567191844,['23201'],['23203'],['JUMBO BAG ALPHABET'],['JUMBO BAG VINTAGE DOILY'],JUMBO BAG VINTAGE DOILY
23203,23201,0.0631400315992744,0.04388788109310082,0.017204049388495523,0.2724745134383688,6.208422613531047,1.0,0.01443296718945194,1.3141974220389097,0.8954683934785658,0.19153094462540715,0.2390793169807384,0.3322372567191844,['23203'],['23201'],['JUMBO BAG VINTAGE DOILY'],['JUMBO BAG ALPHABET'],JUMBO BAG ALPHABET
22382,23206,0.057814968693311486,0.05061735619404295,0.01814032418514834,0.31376518218623484,6.1987667033301355,1.0,0.01521388332145155,1.3834661535107458,0.8901410651712677,0.20090732339598186,0.27717783520590283,0.3360733425382041,['22382'],['23206'],['LUNCH BAG SPACEBOY DESIGN'],['LUNCH BAG APPLE DESIGN'],LUNCH BAG APPLE DESIGN
23206,22382,0.05061735619404295,0.057814968693311486,0.01814032418514834,0.3583815028901734,6.198766703330135,1.0,0.01521388332145155,1.4684505442888027,0.8833925844626838,0.20090732339598186,0.3190100927203387,0.3360733425382041,['23206'],['22382'],['LUNCH BAG APPLE DESIGN'],['LUNCH BAG SPACEBOY DESIGN'],LUNCH BAG SPACEBOY DESIGN
"22699, 22698",22423,0.02551348820878928,0.09836737082333664,0.01550705131956229,0.6077981651376146,6.178859514596488,1.0,0.012997356563931488,2.2988995691288023,0.8601020383884597,0.14308855291576672,0.5650092707708136,0.3827212122535188,"['22699', '22698']",['22423'],"['ROSES REGENCY TEACUP AND SAUCER', 'PINK REGENCY TEACUP AND SAUCER']",['REGENCY CAKESTAND 3 TIER'],REGENCY CAKESTAND 3 TIER
23206,22384,0.05061735619404295,0.05442097255544502,0.01696998068933232,0.3352601156069364,6.160494747964448,1.0,0.014215334937067123,1.4224797543296348,0.8823369380398558,0.19269102990033224,0.29700229689998986,0.32354403629809186,['23206'],['22384'],['LUNCH BAG APPLE DESIGN'],['LUNCH BAG PINK POLKADOT'],LUNCH BAG PINK POLKADOT
22384,23206,0.05442097255544502,0.05061735619404295,0.01696998068933232,0.3118279569892473,6.160494747964448,1.0,0.014215334937067123,1.3795716542805312,0.8858861614430733,0.19269102990033224,0.2751373247651163,0.32354403629809186,['22384'],['23206'],['LUNCH BAG PINK POLKADOT'],['LUNCH BAG APPLE DESIGN'],LUNCH BAG APPLE DESIGN
85099B,85099C,0.09269120486862895,0.03768506056527591,0.02118321727427,0.22853535353535354,6.064348845598846,1.0,0.017690143604927322,1.2473869591363365,0.9204163333517437,0.19399785637727762,0.19832415059687786,0.39532357738879476,['85099B'],['85099C'],['JUMBO BAG RED RETROSPOT'],['JUMBO  BAG BAROQUE BLACK WHITE'],JUMBO  BAG BAROQUE BLACK WHITE
85099C,85099B,0.03768506056527591,0.09269120486862895,0.02118321727427,0.562111801242236,6.064348845598845,1.0,0.017690143604927322,2.0720101562574573,0.8678051230537419,0.19399785637727762,0.517376883033123,0.39532357738879476,['85099C'],['85099B'],['JUMBO  BAG BAROQUE BLACK WHITE'],['JUMBO BAG RED RETROSPOT'],JUMBO BAG RED RETROSPOT
22385,85099B,0.027854175200421324,0.09269120486862895,0.015624085669143894,0.5609243697478992,6.051538228927934,1.0,0.013042248609194958,2.066406633887716,0.8586703116619786,0.14891243725599554,0.5160681428327539,0.3647424879042526,['22385'],['85099B'],['JUMBO BAG SPACEBOY DESIGN'],['JUMBO BAG RED RETROSPOT'],JUMBO BAG RED RETROSPOT
21931,85099B,0.04529229328808005,0.09269120486862895,0.025396453859207677,0.5607235142118863,6.049371296948816,1.0,0.02119825662307222,2.065461786563768,0.874292267300878,0.22557172557172558,0.5158467677760029,0.41735670660089264,['21931'],['85099B'],['JUMBO STORAGE BAG SUKI'],['JUMBO BAG RED RETROSPOT'],JUMBO BAG RED RETROSPOT
85099B,21931,0.09269120486862895,0.04529229328808005,0.025396453859207677,0.27398989898989895,6.049371296948816,1.0,0.02119825662307222,1.3150060934188532,0.9199663554346227,0.22557172557172558,0.2395472500054173,0.41735670660089264,['85099B'],['21931'],['JUMBO BAG RED RETROSPOT'],['JUMBO STORAGE BAG SUKI'],JUMBO STORAGE BAG SUKI
23206,20727,0.05061735619404295,0.061443033530341154,0.018725495933056353,0.36994219653179194,6.020897330030278,1.0,0.01561541201920855,1.4896362862316603,0.8783727040187377,0.2006269592476489,0.32869519275090675,0.33735205064684837,['23206'],['20727'],['LUNCH BAG APPLE DESIGN'],['LUNCH BAG  BLACK SKULL.'],LUNCH BAG  BLACK SKULL.
20727,23206,0.061443033530341154,0.05061735619404295,0.018725495933056353,0.3047619047619048,6.020897330030278,1.0,0.01561541201920855,1.3655503780770615,0.8885041929047947,0.2006269592476489,0.2676945383676153,0.33735205064684837,['20727'],['23206'],['LUNCH BAG  BLACK SKULL.'],['LUNCH BAG APPLE DESIGN'],LUNCH BAG APPLE DESIGN
"22698, 22697",22423,0.026917900403768506,0.09836737082333664,0.0158581543683071,0.5891304347826087,5.989083878643665,1.0,0.01321031127750396,2.1944497852976994,0.8560732495291759,0.1449197860962567,0.5443049065420562,0.37517199906887727,"['22698', '22697']",['22423'],"['PINK REGENCY TEACUP AND SAUCER', 'GREEN REGENCY TEACUP AND SAUCER']",['REGENCY CAKESTAND 3 TIER'],REGENCY CAKESTAND 3 TIER
23206,20725,0.05061735619404295,0.07537012113055182,0.022763180993621627,0.44971098265895953,5.966701073492981,1.0,0.018948144725968324,1.680262279878304,0.8767836725432633,0.2205215419501134,0.4048548182177685,0.3758648080996661,['23206'],['20725'],['LUNCH BAG APPLE DESIGN'],['LUNCH BAG RED RETROSPOT'],LUNCH BAG RED RETROSPOT
20725,23206,0.07537012113055182,0.05061735619404295,0.022763180993621627,0.30201863354037267,5.966701073492981,1.0,0.018948144725968324,1.3601833650968551,0.900255572643624,0.2205215419501134,0.26480500669202595,0.3758648080996661,['20725'],['23206'],['LUNCH BAG RED RETROSPOT'],['LUNCH BAG APPLE DESIGN'],LUNCH BAG APPLE DESIGN
20728,23206,0.05646907367312306,0.05061735619404295,0.01696998068933232,0.3005181347150259,5.937057114618588,1.0,0.014111665473272196,1.357265557441109,0.8813345280969042,0.18831168831168832,0.26322450715884355,0.31788912516098117,['20728'],['23206'],['LUNCH BAG CARS BLUE'],['LUNCH BAG APPLE DESIGN'],LUNCH BAG APPLE DESIGN
23206,20728,0.05061735619404295,0.05646907367312306,0.01696998068933232,0.3352601156069364,5.937057114618587,1.0,0.014111665473272196,1.4193986978656497,0.8759022393389104,0.18831168831168832,0.29547631577815286,0.31788912516098117,['23206'],['20728'],['LUNCH BAG APPLE DESIGN'],['LUNCH BAG CARS BLUE'],LUNCH BAG CARS BLUE
21929,85099B,0.035227339224062265,0.09269120486862895,0.019369184855755166,0.5498338870431894,5.9318884442430955,1.0,0.016103920338760923,2.0154977663065883,0.8617777588018172,0.17843665768194072,0.5038446498343155,0.3793992667539179,['21929'],['85099B'],['JUMBO BAG PINK VINTAGE PAISLEY'],['JUMBO BAG RED RETROSPOT'],JUMBO BAG RED RETROSPOT
85099B,21929,0.09269120486862895,0.035227339224062265,0.019369184855755166,0.20896464646464646,5.931888444243095,1.0,0.016103920338760923,1.2196327970224143,0.9163579432031964,0.17843665768194072,0.1800810846991171,0.3793992667539179,['85099B'],['21929'],['JUMBO BAG RED RETROSPOT'],['JUMBO BAG PINK VINTAGE PAISLEY'],JUMBO BAG PINK VINTAGE PAISLEY
21733,85123A,0.039616127333372345,0.11463514541517936,0.026742348879396104,0.6750369276218612,5.888568686130672,1.0,0.022200948361748702,2.724509120699653,0.8644246004551295,0.20972923359339146,0.6329614048995363,0.4541596072514615,['21733'],['85123A'],['RED HANGING HEART T-LIGHT HOLDER'],['WHITE HANGING HEART T-LIGHT HOLDER'],WHITE HANGING HEART T-LIGHT HOLDER
85123A,21733,0.11463514541517936,0.039616127333372345,0.026742348879396104,0.23328228688106176,5.888568686130671,1.0,0.022200948361748702,1.252591216081174,0.9376693022253525,0.20972923359339146,0.2016549476304207,0.4541596072514615,['85123A'],['21733'],['WHITE HANGING HEART T-LIGHT HOLDER'],['RED HANGING HEART T-LIGHT HOLDER'],RED HANGING HEART T-LIGHT HOLDER
23208,20725,0.03481771900052665,0.07537012113055182,0.015390016969980689,0.4420168067226891,5.864615846338536,1.0,0.01276580127142148,1.6570927046003663,0.8594084909779383,0.16234567901234567,0.3965334605457904,0.32310467665327003,['23208'],['20725'],['LUNCH BAG VINTAGE LEAF DESIGN'],['LUNCH BAG RED RETROSPOT'],LUNCH BAG RED RETROSPOT
20725,23208,0.07537012113055182,0.03481771900052665,0.015390016969980689,0.20419254658385091,5.864615846338535,1.0,0.01276580127142148,1.2128339296851918,0.8971004145427577,0.16234567901234567,0.17548480832856966,0.32310467665327003,['20725'],['23208'],['LUNCH BAG RED RETROSPOT'],['LUNCH BAG VINTAGE LEAF DESIGN'],LUNCH BAG VINTAGE LEAF DESIGN
"22699, 22697",22423,0.0316577915618234,0.09836737082333664,0.018257358534729942,0.5767097966728281,5.862816011506222,1.0,0.015143264812720162,2.130057870674999,0.8565499820258703,0.16335078534031414,0.5305291871327855,0.3811568019652064,"['22699', '22697']",['22423'],"['ROSES REGENCY TEACUP AND SAUCER', 'GREEN REGENCY TEACUP AND SAUCER']",['REGENCY CAKESTAND 3 TIER'],REGENCY CAKESTAND 3 TIER
20712,85099B,0.02873193282228334,0.09269120486862895,0.015331499795189888,0.5336048879837068,5.756801723960583,1.0,0.012668302323687939,1.9453651458930272,0.8507357181818098,0.14451185879757308,0.4859576866013263,0.3495044641938736,['20712'],['85099B'],['JUMBO BAG WOODLAND ANIMALS'],['JUMBO BAG RED RETROSPOT'],JUMBO BAG RED RETROSPOT
22698,22423,0.03224296330973141,0.09836737082333664,0.01808180701035754,0.5607985480943738,5.7010626938636255,1.0,0.014910151482025952,2.0528908209766175,0.8520672797883153,0.1606864274570983,0.5128820345524893,0.3723088516795486,['22698'],['22423'],['PINK REGENCY TEACUP AND SAUCER'],['REGENCY CAKESTAND 3 TIER'],REGENCY CAKESTAND 3 TIER
23209,22384,0.05875124348996431,0.05442097255544502,0.01814032418514834,0.30876494023904383,5.673638778220452,1.0,0.014943024375582726,1.3679558264471658,0.8751631955237801,0.19088669950738915,0.2689822429447998,0.32104913678618857,['23209'],['22384'],['LUNCH BAG VINTAGE DOILY'],['LUNCH BAG PINK POLKADOT'],LUNCH BAG PINK POLKADOT
22384,23209,0.05442097255544502,0.05875124348996431,0.01814032418514834,0.3333333333333333,5.673638778220451,1.0,0.014943024375582726,1.4118731347650535,0.8711553932792871,0.19088669950738915,0.2917210651745933,0.32104913678618857,['22384'],['23209'],['LUNCH BAG PINK POLKADOT'],['LUNCH BAG VINTAGE DOILY'],LUNCH BAG VINTAGE DOILY
21931,22383,0.04529229328808005,0.06103341330680555,0.015331499795189888,0.3385012919896641,5.546163546319626,1.0,0.012567156539325443,1.4194533947276027,0.8585823470650574,0.16848874598070737,0.29550346371752273,0.2948498789766154,['21931'],['22383'],['JUMBO STORAGE BAG SUKI'],['LUNCH BAG SUKI DESIGN'],LUNCH BAG SUKI DESIGN
22383,21931,0.06103341330680555,0.04529229328808005,0.015331499795189888,0.25119846596356665,5.546163546319626,1.0,0.012567156539325443,1.274980970679299,0.8729758813639793,0.16848874598070737,0.21567456848614103,0.2948498789766154,['22383'],['21931'],['LUNCH BAG SUKI DESIGN'],['JUMBO STORAGE BAG SUKI'],JUMBO STORAGE BAG SUKI
23209,20725,0.05875124348996431,0.07537012113055182,0.02451869623734566,0.4173306772908366,5.537083807626636,1.0,0.020090607898936505,1.5868861510853434,0.8705451275777621,0.22370528563801387,0.36983507019955114,0.3713206181485239,['23209'],['20725'],['LUNCH BAG VINTAGE DOILY'],['LUNCH BAG RED RETROSPOT'],LUNCH BAG RED RETROSPOT
20725,23209,0.07537012113055182,0.05875124348996431,0.02451869623734566,0.32531055900621114,5.537083807626636,1.0,0.020090607898936505,1.395084463043643,0.8861919104542944,0.22370528563801387,0.28319752209245524,0.3713206181485239,['20725'],['23209'],['LUNCH BAG RED RETROSPOT'],['LUNCH BAG VINTAGE DOILY'],LUNCH BAG VINTAGE DOILY
22697,22423,0.04043536778044356,0.09836737082333664,0.02188542337175961,0.5412445730824892,5.50227751898076,1.0,0.017907902554922722,1.9653884755869855,0.8527378452961202,0.1871871871871872,0.491194737111024,0.38186559409627135,['22697'],['22423'],['GREEN REGENCY TEACUP AND SAUCER'],['REGENCY CAKESTAND 3 TIER'],REGENCY CAKESTAND 3 TIER
22423,22697,0.09836737082333664,0.04043536778044356,0.02188542337175961,0.22248661511005355,5.50227751898076,1.0,0.017907902554922722,1.2341454833673102,0.907528244234539,0.1871871871871872,0.18972275677617423,0.38186559409627135,['22423'],['22697'],['REGENCY CAKESTAND 3 TIER'],['GREEN REGENCY TEACUP AND SAUCER'],GREEN REGENCY TEACUP AND SAUCER
22423,22699,0.09836737082333664,0.045643396336824855,0.02457721341213646,0.2498512790005949,5.473985265180983,1.0,0.020087392519035484,1.2722231964772381,0.9064864263462394,0.20578147966682997,0.21397440105715657,0.39415640873106667,['22423'],['22699'],['REGENCY CAKESTAND 3 TIER'],['ROSES REGENCY TEACUP AND SAUCER'],ROSES REGENCY TEACUP AND SAUCER
22699,22423,0.045643396336824855,0.09836737082333664,0.02457721341213646,0.5384615384615384,5.473985265180982,1.0,0.020087392519035484,1.9535373632161037,0.8564070670882861,0.20578147966682997,0.48810807572489817,0.39415640873106667,['22699'],['22423'],['ROSES REGENCY TEACUP AND SAUCER'],['REGENCY CAKESTAND 3 TIER'],REGENCY CAKESTAND 3 TIER
23209,20727,0.05875124348996431,0.061443033530341154,0.01954473638012757,0.33266932270916333,5.414272434073231,1.0,0.015934881756424456,1.4064346184112497,0.8661928862200996,0.1941860465116279,0.288982234289974,0.32538228040220074,['23209'],['20727'],['LUNCH BAG VINTAGE DOILY'],['LUNCH BAG  BLACK SKULL.'],LUNCH BAG  BLACK SKULL.
20727,23209,0.061443033530341154,0.05875124348996431,0.01954473638012757,0.3180952380952381,5.414272434073231,1.0,0.015934881756424456,1.3803228971166726,0.8686771354105806,0.1941860465116279,0.27553183237858403,0.32538228040220074,['20727'],['23209'],['LUNCH BAG  BLACK SKULL.'],['LUNCH BAG VINTAGE DOILY'],LUNCH BAG VINTAGE DOILY
23209,20726,0.05875124348996431,0.0478670489788753,0.015214465445608286,0.2589641434262948,5.410071206616078,1.0,0.012402216795904336,1.2848675844424855,0.8660405059659022,0.16645326504481434,0.22170968268772367,0.2884062770921205,['23209'],['20726'],['LUNCH BAG VINTAGE DOILY'],['LUNCH BAG WOODLAND'],LUNCH BAG WOODLAND
20726,23209,0.0478670489788753,0.05875124348996431,0.015214465445608286,0.3178484107579462,5.410071206616077,1.0,0.012402216795904336,1.379823445923314,0.8561404669941329,0.16645326504481434,0.27526959847326965,0.2884062770921205,['20726'],['23209'],['LUNCH BAG WOODLAND'],['LUNCH BAG VINTAGE DOILY'],LUNCH BAG VINTAGE DOILY
22411,85099B,0.04622856808473287,0.09269120486862895,0.023172801217157236,0.5012658227848101,5.4079113924050635,1.0,0.0188878195420319,1.8192232186644244,0.8545923062764587,0.20020222446916072,0.45031484331310034,0.37563291139240507,['22411'],['85099B'],['JUMBO SHOPPER VINTAGE RED PAISLEY'],['JUMBO BAG RED RETROSPOT'],JUMBO BAG RED RETROSPOT
85099B,22411,0.09269120486862895,0.04622856808473287,0.023172801217157236,0.25,5.4079113924050635,1.0,0.0188878195420319,1.2716952425536896,0.8983553692357303,0.20020222446916072,0.2136480765691147,0.37563291139240507,['85099B'],['22411'],['JUMBO BAG RED RETROSPOT'],['JUMBO SHOPPER VINTAGE RED PAISLEY'],JUMBO SHOPPER VINTAGE RED PAISLEY
23209,22383,0.05875124348996431,0.06103341330680555,0.019369184855755166,0.32968127490039845,5.401652259609692,1.0,0.015783395929543406,1.4007763046656274,0.8657344338563917,0.1928904428904429,0.28611014002074714,0.32351753102642167,['23209'],['22383'],['LUNCH BAG VINTAGE DOILY'],['LUNCH BAG SUKI DESIGN'],LUNCH BAG SUKI DESIGN
22383,23209,0.06103341330680555,0.05875124348996431,0.019369184855755166,0.3173537871524449,5.401652259609691,1.0,0.015783395929543406,1.378823669999954,0.8678386120266771,0.1928904428904429,0.27474410125260373,0.32351753102642167,['22383'],['23209'],['LUNCH BAG SUKI DESIGN'],['LUNCH BAG VINTAGE DOILY'],LUNCH BAG VINTAGE DOILY
23209,22382,0.05875124348996431,0.057814968693311486,0.01808180701035754,0.30776892430278885,5.323343266609675,1.0,0.014685105707292133,1.3610845632113888,0.8628411161175511,0.1836007130124777,0.2652917922744152,0.3102609803700179,['23209'],['22382'],['LUNCH BAG VINTAGE DOILY'],['LUNCH BAG SPACEBOY DESIGN'],LUNCH BAG SPACEBOY DESIGN
22382,23209,0.057814968693311486,0.05875124348996431,0.01808180701035754,0.31275303643724695,5.323343266609674,1.0,0.014685105707292133,1.3695931832576071,0.861983687519459,0.1836007130124777,0.26985617902866726,0.3102609803700179,['22382'],['23209'],['LUNCH BAG SPACEBOY DESIGN'],['LUNCH BAG VINTAGE DOILY'],LUNCH BAG VINTAGE DOILY
20725,23207,0.07537012113055182,0.03780209491485751,0.015097431096026685,0.2003105590062112,5.298927465723132,1.0,0.012248282623305257,1.20321446771812,0.8774133125712288,0.15393794749403342,0.16889297225914635,0.2998456819798858,['20725'],['23207'],['LUNCH BAG RED RETROSPOT'],['LUNCH BAG ALPHABET DESIGN'],LUNCH BAG ALPHABET DESIGN
23207,20725,0.03780209491485751,0.07537012113055182,0.015097431096026685,0.3993808049535604,5.298927465723131,1.0,0.012248282623305257,1.5394610869836687,0.8431556134487614,0.15393794749403342,0.35042203505166725,0.2998456819798858,['23207'],['20725'],['LUNCH BAG ALPHABET DESIGN'],['LUNCH BAG RED RETROSPOT'],LUNCH BAG RED RETROSPOT
23199,85099B,0.041898297150213586,0.09269120486862895,0.020539528351571187,0.49022346368715086,5.2887807897409855,1.0,0.016655924706774048,1.7798167049700322,0.8463824902473898,0.18009235505387378,0.4381443902579633,0.35590718638902996,['23199'],['85099B'],['JUMBO BAG APPLES'],['JUMBO BAG RED RETROSPOT'],JUMBO BAG RED RETROSPOT
85099B,23199,0.09269120486862895,0.041898297150213586,0.020539528351571187,0.2215909090909091,5.2887807897409855,1.0,0.016655924706774048,1.2308459832230834,0.8937646251416003,0.18009235505387378,0.1875506654525466,0.35590718638902996,['85099B'],['23199'],['JUMBO BAG RED RETROSPOT'],['JUMBO BAG APPLES'],JUMBO BAG APPLES
23298,47566,0.05880976066475511,0.0798174264146527,0.022763180993621627,0.3870646766169154,4.849375556236414,1.0,0.0180691372492992,1.5012718935929774,0.8433872874350533,0.19646464646464645,0.333898140458281,0.3361276462263463,['23298'],['47566'],['SPOTTY BUNTING'],['PARTY BUNTING'],PARTY BUNTING
47566,23298,0.0798174264146527,0.05880976066475511,0.022763180993621627,0.2851906158357771,4.849375556236413,1.0,0.0180691372492992,1.3167010117469478,0.862641725348515,0.19646464646464645,0.2405261398916684,0.3361276462263463,['47566'],['23298'],['PARTY BUNTING'],['SPOTTY BUNTING'],SPOTTY BUNTING
22386,23203,0.050851424893206154,0.0631400315992744,0.01550705131956229,0.3049482163406214,4.829712760931305,1.0,0.012296290744937126,1.3478995240732294,0.8354312169927646,0.1574569221628045,0.2581049387285996,0.2752729960294395,['22386'],['23203'],['JUMBO BAG PINK POLKADOT'],['JUMBO BAG VINTAGE DOILY'],JUMBO BAG VINTAGE DOILY
23203,22386,0.0631400315992744,0.050851424893206154,0.01550705131956229,0.2455977757182576,4.829712760931305,1.0,0.012296290744937126,1.2581465756022487,0.846389402849634,0.1574569221628045,0.20518004865902,0.2752729960294395,['23203'],['22386'],['JUMBO BAG VINTAGE DOILY'],['JUMBO BAG PINK POLKADOT'],JUMBO BAG PINK POLKADOT
22666,22720,0.04833518637720171,0.06653402773714084,0.01550705131956229,0.3208232445520581,4.821942327308814,1.0,0.01229111668846168,1.3744080090715178,0.8328716997374523,0.15606595995288572,0.2724140186904539,0.2769463628213237,['22666'],['22720'],['RECIPE BOX PANTRY YELLOW DESIGN'],['SET OF 3 CAKE TINS PANTRY DESIGN'],SET OF 3 CAKE TINS PANTRY DESIGN
22720,22666,0.06653402773714084,0.04833518637720171,0.01550705131956229,0.23306948109058928,4.821942327308814,1.0,0.01229111668846168,1.2408748773957818,0.8491093563709998,0.15606595995288572,0.1941169748728451,0.2769463628213237,['22720'],['22666'],['SET OF 3 CAKE TINS PANTRY DESIGN'],['RECIPE BOX PANTRY YELLOW DESIGN'],RECIPE BOX PANTRY YELLOW DESIGN
23202,85099B,0.04517525893849845,0.09269120486862895,0.020188425302826378,0.44689119170984454,4.821290135814099,1.0,0.016001076121564657,1.6403803040782634,0.8300859866077258,0.17155643958229735,0.3903852676639492,0.33234711100643743,['23202'],['85099B'],['JUMBO BAG VINTAGE LEAF'],['JUMBO BAG RED RETROSPOT'],JUMBO BAG RED RETROSPOT
85099B,23202,0.09269120486862895,0.04517525893849845,0.020188425302826378,0.21780303030303028,4.821290135814099,1.0,0.016001076121564657,1.2206960369987234,0.8735577583668661,0.17155643958229735,0.1807952432952433,0.33234711100643743,['85099B'],['23202'],['JUMBO BAG RED RETROSPOT'],['JUMBO BAG VINTAGE LEAF'],JUMBO BAG VINTAGE LEAF
20728,23209,0.05646907367312306,0.05875124348996431,0.0159751887178887,0.2829015544041451,4.815243688458601,1.0,0.012657560420866316,1.3125795520696308,0.8397458615146534,0.16096698113207547,0.23814141518261958,0.2774069525008773,['20728'],['23209'],['LUNCH BAG CARS BLUE'],['LUNCH BAG VINTAGE DOILY'],LUNCH BAG VINTAGE DOILY
23209,20728,0.05875124348996431,0.05646907367312306,0.0159751887178887,0.27191235059760954,4.815243688458601,1.0,0.012657560420866316,1.2959029412204985,0.8417819254623731,0.16096698113207547,0.22833727110906407,0.2774069525008773,['23209'],['20728'],['LUNCH BAG VINTAGE DOILY'],['LUNCH BAG CARS BLUE'],LUNCH BAG CARS BLUE
23203,85099B,0.0631400315992744,0.09269120486862895,0.027386037802094913,0.4337349397590361,4.679353778751368,1.0,0.021533512197714863,1.602268723317102,0.8392879450343533,0.21321184510250568,0.3758849652074923,0.36459474260679076,['23203'],['85099B'],['JUMBO BAG VINTAGE DOILY'],['JUMBO BAG RED RETROSPOT'],JUMBO BAG RED RETROSPOT
85099B,23203,0.09269120486862895,0.0631400315992744,0.027386037802094913,0.2954545454545454,4.679353778751368,1.0,0.021533512197714863,1.3297367293429654,0.8666236697839405,0.21321184510250568,0.2479714383056044,0.36459474260679076,['85099B'],['23203'],['JUMBO BAG RED RETROSPOT'],['JUMBO BAG VINTAGE DOILY'],JUMBO BAG VINTAGE DOILY
23201,85099B,0.04388788109310082,0.09269120486862895,0.017321083738077125,0.39466666666666667,4.25786531986532,1.0,0.01325306316042649,1.4988581417368467,0.8002623469298298,0.1452404317958783,0.33282545415457376,0.2907676767676768,['23201'],['85099B'],['JUMBO BAG ALPHABET'],['JUMBO BAG RED RETROSPOT'],JUMBO BAG RED RETROSPOT
20724,85099B,0.04324419217040201,0.09269120486862895,0.016150740242261104,0.37347767253044656,4.029267642596465,1.0,0.012142383966416011,1.4481667378014755,0.7857971014492754,0.1348314606741573,0.3094717798047598,0.2738600483864354,['20724'],['85099B'],['RED RETROSPOT CHARLOTTE BAG'],['JUMBO BAG RED RETROSPOT'],JUMBO BAG RED RETROSPOT
85099B,20725,0.09269120486862895,0.07537012113055182,0.02486979928609047,0.26830808080808083,3.5598732864357867,1.0,0.01788365194740511,1.2636874272038014,0.7925539010186466,0.17368205966489575,0.20866507138341203,0.29913851245372985,['85099B'],['20725'],['JUMBO BAG RED RETROSPOT'],['LUNCH BAG RED RETROSPOT'],LUNCH BAG RED RETROSPOT
20725,85099B,0.07537012113055182,0.09269120486862895,0.02486979928609047,0.3299689440993789,3.5598732864357863,1.0,0.01788365194740511,1.3541294648078865,0.7777069954619402,0.17368205966489575,0.2615181738609665,0.29913851245372985,['20725'],['85099B'],['LUNCH BAG RED RETROSPOT'],['JUMBO BAG RED RETROSPOT'],JUMBO BAG RED RETROSPOT
22384,85099B,0.05442097255544502,0.09269120486862895,0.016209257417051905,0.2978494623655914,3.2133519333116105,1.0,0.011164911900765117,1.2921855734642804,0.7284409466128899,0.12382655341975861,0.22611734681493656,0.23636159986966437,['22384'],['85099B'],['LUNCH BAG PINK POLKADOT'],['JUMBO BAG RED RETROSPOT'],JUMBO BAG RED RETROSPOT
22470,85123A,0.04675522265785008,0.11463514541517936,0.01702849786412312,0.3642052565707134,3.1770819956798984,1.0,0.011668706115821388,1.3925325173489602,0.7188560434900926,0.1179570328334009,0.28188391470832264,0.2563752163404869,['22470'],['85123A'],['HEART OF WICKER LARGE'],['WHITE HANGING HEART T-LIGHT HOLDER'],WHITE HANGING HEART T-LIGHT HOLDER
23203,20725,0.0631400315992744,0.07537012113055182,0.015097431096026685,0.2391102873030584,3.172481133324507,1.0,0.010338559266202505,1.2151956629721492,0.7309409332345579,0.12233285917496445,0.17708725395367161,0.2197104231546348,['23203'],['20725'],['JUMBO BAG VINTAGE DOILY'],['LUNCH BAG RED RETROSPOT'],LUNCH BAG RED RETROSPOT
20725,23203,0.07537012113055182,0.0631400315992744,0.015097431096026685,0.2003105590062112,3.172481133324507,1.0,0.010338559266202505,1.1715297468933346,0.7406090969612855,0.12233285917496445,0.14641518693673597,0.2197104231546348,['20725'],['23203'],['LUNCH BAG RED RETROSPOT'],['JUMBO BAG VINTAGE DOILY'],JUMBO BAG VINTAGE DOILY
82482,85123A,0.05114401076716016,0.11463514541517936,0.01802328983556674,0.35240274599542337,3.074124822009081,1.0,0.012160388724157836,1.3671535033694933,0.7110711983052409,0.12198019801980196,0.2685532403381223,0.25481290949592506,['82482'],['85123A'],['WOODEN PICTURE FRAME WHITE FINISH'],['WHITE HANGING HEART T-LIGHT HOLDER'],WHITE HANGING HEART T-LIGHT HOLDER
22383,85099B,0.06103341330680555,0.09269120486862895,0.0158581543683071,0.25982742090124644,2.8031507549125,1.0,0.010200893751654283,1.2258070897953628,0.685070781282411,0.11502546689303907,0.18421095103395035,0.2154566397435525,['22383'],['85099B'],['LUNCH BAG SUKI DESIGN'],['JUMBO BAG RED RETROSPOT'],JUMBO BAG RED RETROSPOT
20727,85099B,0.061443033530341154,0.09269120486862895,0.0159166715430979,0.2590476190476191,2.794737854737855,1.0,0.01022144273438701,1.224517011424087,0.6842255824956082,0.11515664690939881,0.18335148416025554,0.2153823953823954,['20727'],['85099B'],['LUNCH BAG  BLACK SKULL.'],['JUMBO BAG RED RETROSPOT'],JUMBO BAG RED RETROSPOT
22469,85123A,0.05600093627479665,0.11463514541517936,0.0158581543683071,0.28317659352142116,2.470242371969151,1.0,0.009438478895059593,1.2351226907254715,0.6304894216807281,0.10245746691871456,0.19036383388549677,0.21075623958868406,['22469'],['85123A'],['HEART OF WICKER SMALL'],['WHITE HANGING HEART T-LIGHT HOLDER'],WHITE HANGING HEART T-LIGHT HOLDER
22457,85123A,0.05652759084791386,0.11463514541517936,0.01550705131956229,0.2743271221532091,2.393045528573859,1.0,0.009027002722741925,1.2200605556760866,0.6169999730842731,0.09962406015037593,0.18036855191514806,0.20480011033643097,['22457'],['85123A'],['NATURAL SLATE HEART CHALKBOARD'],['WHITE HANGING HEART T-LIGHT HOLDER'],WHITE HANGING HEART T-LIGHT HOLDER
47566,85123A,0.0798174264146527,0.11463514541517936,0.016326291766633506,0.20454545454545456,1.7843171376862037,1.0,0.007176409482924416,1.1130301029066316,0.4776894541600424,0.09165571616294349,0.10155170341885479,0.1734825281915634,['47566'],['85123A'],['PARTY BUNTING'],['WHITE HANGING HEART T-LIGHT HOLDER'],WHITE HANGING HEART T-LIGHT HOLDER
