CustomerID,Recency,Frequency,Monetary,AvgOrderValue,CustomerTenureDays,Cluster,SegmentName,ProbAlive,ExpPurchases_90D,ExpAvgSpend,CLV_90D
12346,326,1,77183.6,77183.6,326,2,Loyal Customers,1.0,0.18882992870078272,416.9460280538009,77.18314156533768
12347,2,7,4310.0,615.7142857142857,367,1,Champions,0.9996980932908928,1.4087355398560577,569.9788363872387,787.1548572940642
12348,75,4,1797.24,449.31,358,2,Loyal Customers,0.9991774292051679,0.8059073704047269,333.7842346151549,263.70772933872274
12349,19,1,1757.55,1757.55,19,0,Potential Loyalists,1.0,0.8556074605824519,416.9460280538009,349.72507746716883
12350,310,1,334.40000000000003,334.40000000000003,310,3,At Risk / Hibernating,1.0,0.1963044977441553,416.9460280538009,80.23832982130457
12352,36,8,2506.04,313.255,297,2,Loyal Customers,0.9994056360781381,1.6822774067257116,376.17535872950975,620.3831665642808
12353,204,1,89.0,89.0,204,3,At Risk / Hibernating,1.0,0.2725408341327525,416.9460280538009,111.3995112365646
12354,232,1,1079.4,1079.4,232,3,At Risk / Hibernating,1.0,0.2471834875372397,416.9460280538009,101.03483474191951
12355,214,1,459.40000000000003,459.40000000000003,214,3,At Risk / Hibernating,1.0,0.26290850994245835,416.9460280538009,107.46235136551911
12356,23,3,2811.43,937.1433333333333,326,2,Loyal Customers,0.9994781788916599,0.645368389656845,324.03941879835287,205.01112653395194
12357,33,1,6207.67,6207.67,33,2,Loyal Customers,1.0,0.7297081291462637,416.9460280538009,298.26431428360155
12358,2,2,1168.06,584.03,151,0,Potential Loyalists,0.9994863742684319,0.7503904142680128,539.9071255504347,397.17177462453753
12359,58,4,6372.58,1593.145,332,2,Loyal Customers,0.9992925393826656,0.860408467070061,1515.1107660727298,1277.9709800617502
12360,52,3,2662.06,887.3533333333334,201,2,Loyal Customers,0.9991859618616311,0.9450210276267524,652.176773088504,604.1973721281865
12361,287,1,189.9,189.9,287,3,At Risk / Hibernating,1.0,0.20898906300458944,416.9460280538009,85.42307509676435
12362,3,10,5226.2300000000005,522.623,296,1,Champions,0.9997471884585591,2.428986693689429,514.789744267354,1225.8211891091632
12363,110,2,552.0,276.0,242,3,At Risk / Hibernating,0.99888006644345,0.5280583521789696,341.18648350310076,176.62234536375573
12364,8,4,1313.1,328.275,112,0,Potential Loyalists,0.9995430755886204,1.9020866652961395,282.1055202280919,526.0344534894873
12365,291,2,641.38,320.69,291,3,At Risk / Hibernating,1.0,0.20666660502882092,416.9460280538009,84.47378333598954
12367,4,1,168.9,168.9,4,0,Potential Loyalists,1.0,1.0198350377202603,416.9460280538009,416.8523623056601
12370,51,4,3545.69,886.4225,360,2,Loyal Customers,0.9993623798205298,0.8022984998333454,585.9670458834006,460.87280553234245
12371,45,2,1887.96,943.98,60,2,Loyal Customers,0.9989004906704736,1.2833104378775793,390.647280071238,491.46076842868655
12372,72,3,1298.04,432.68,297,2,Loyal Customers,0.9991825480121225,0.6964426802219004,437.4581095891788,298.6714919411638
12373,311,1,364.6,364.6,311,3,At Risk / Hibernating,1.0,0.19578783183211276,416.9460280538009,80.02714551866629
12374,25,1,742.9300000000001,742.9300000000001,25,0,Potential Loyalists,1.0,0.7918508048730493,416.9460280538009,323.66483987382634
12375,11,2,457.5,228.75,98,0,Potential Loyalists,0.9994298345198821,0.9840523820171664,329.31773960206317,317.69143841547617
12377,315,2,1628.1200000000001,814.0600000000001,355,2,Loyal Customers,0.9938613912985078,0.3862769503178176,513.7681798384219,194.5529530196099
12378,130,1,4008.62,4008.62,130,2,Loyal Customers,1.0,0.3758054953050638,416.9460280538009,153.60838699821088
12379,82,2,852.24,426.12,170,2,Loyal Customers,0.9989154932837945,0.6871919129493107,405.61021012546445,273.24921554831514
12380,22,4,2724.81,681.2025,186,2,Loyal Customers,0.9994533736530751,1.355241528230183,624.9529532945089,830.3021085333262
12381,5,5,1845.31,369.062,120,1,Champions,0.9996088229418759,2.3098937973004263,205.68951335233118,465.7753531892354
12383,185,5,1850.56,370.11199999999997,352,2,Loyal Customers,0.9943798932168313,1.0260382897028686,336.03301978327454,338.0005980882364
12384,29,2,585.27,292.635,122,0,Potential Loyalists,0.9993184818174478,0.8648053595362339,359.51145463123976,304.7917508096656
12386,338,2,401.9,200.95,367,3,At Risk / Hibernating,0.9922957980931496,0.37502831353261873,290.4325942142279,106.77786546896769
12388,16,6,2780.6600000000003,463.4433333333334,327,1,Champions,0.9995992895597366,1.3270644613246017,459.86813370239565,598.2701430280852
12390,80,1,549.84,549.84,80,3,At Risk / Hibernating,1.0,0.5028162745542563,416.9460280538009,205.5233846940691
12391,22,1,460.89,460.89,22,0,Potential Loyalists,1.0,0.827067906222666,416.9460280538009,338.0596662121936
12393,72,4,1582.6000000000001,395.65000000000003,333,2,Loyal Customers,0.9991623371310265,0.8581508549839466,385.558979317905,324.3593286920696
12394,64,2,1272.48,636.24,217,2,Loyal Customers,0.99919769057146,0.5744068202697136,636.0578057137043,358.16909949631327
12395,19,12,3018.63,251.5525,371,1,Champions,0.9996480140076898,2.2136934542455533,282.87677750198196,613.8846959985682
12397,36,2,2409.9,1204.95,135,2,Loyal Customers,0.9992816930255288,0.8054132530834907,776.3075658423467,612.9494528638568
12398,46,1,1635.6599999999999,1635.6599999999999,46,2,Loyal Customers,1.0,0.652856463211683,416.9460280538009,266.8515656011271
12399,119,4,1108.65,277.1625,262,2,Loyal Customers,0.9978271911688613,1.041403568395965,313.65628044711923,320.21749107581235
12401,303,1,84.3,84.3,303,3,At Risk / Hibernating,1.0,0.19999894856946523,416.9460280538009,81.74841595282066
12402,323,1,225.60000000000002,225.60000000000002,323,3,At Risk / Hibernating,1.0,0.18979348234935203,416.9460280538009,77.57698871983051
12403,50,1,427.7,427.7,50,3,At Risk / Hibernating,1.0,0.6307145960879933,416.9460280538009,257.80118548055043
12405,149,1,1710.39,1710.39,149,2,Loyal Customers,1.0,0.3428922366532319,416.9460280538009,140.15526732680286
12406,22,2,3415.3,1707.65,184,2,Loyal Customers,0.9993981769261707,0.6520503007025734,1052.918571560848,673.0508398480829
12407,50,5,1708.12,341.62399999999997,264,2,Loyal Customers,0.9992399325427869,1.3035383491428174,380.9438083552445,486.8069456017001
12408,33,5,2888.55,577.71,260,2,Loyal Customers,0.9994188205030963,1.0462353570956733,609.0359284693566,624.6608795903632
12409,79,3,11072.67,3690.89,183,2,Loyal Customers,0.9987302912549497,1.0123387659597807,1690.6428678642255,1677.837151241437
12410,309,2,693.33,346.665,309,3,At Risk / Hibernating,1.0,0.197346053596166,416.9460280538009,80.66405995347172
12412,75,3,1226.88,408.96000000000004,169,2,Loyal Customers,0.9987293863924379,1.0676416045846773,378.55785413378317,396.2140175905778
12413,67,3,758.1,252.70000000000002,337,2,Loyal Customers,0.9992676582747847,0.6261600502075,241.59675272004327,148.30245396466145
12414,217,3,562.4100000000001,187.47000000000003,310,3,At Risk / Hibernating,0.9951153932240597,0.6679842522869742,282.60325968266045,185.06116872239681
12415,24,21,124914.53,5948.310952380953,338,1,Champions,0.9995654536021307,3.506663040674589,7323.629188093691,25176.333909918903
12417,3,9,3649.1,405.4555555555555,358,1,Champions,0.999733890708674,1.86425065805014,419.36729646462885,766.4271555276198
12418,113,1,668.58,668.58,113,3,At Risk / Hibernating,1.0,0.4111133059469782,416.9460280538009,168.04026903462932
12420,64,1,600.39,600.39,64,3,At Risk / Hibernating,1.0,0.5637907092546836,416.9460280538009,230.44637764675514
12421,16,4,807.04,201.76,319,0,Potential Loyalists,0.999543121156804,0.8872431161187726,272.600919732952,237.10564712985263
12422,96,3,803.5600000000001,267.85333333333335,325,2,Loyal Customers,0.999030481958091,0.6467208657703325,332.016416493315,210.49817246445969
12423,1,8,1859.31,232.41375,354,1,Champions,0.9997303711453683,1.6687174731710663,258.07445606748405,422.1821254365508
12424,163,2,1760.96,880.48,163,2,Loyal Customers,1.0,0.32210579217928065,416.9460280538009,131.65891946653005
12425,78,1,777.2,777.2,78,3,At Risk / Hibernating,1.0,0.5062381486691934,416.9460280538009,206.92205834880286
12426,195,1,582.73,582.73,195,3,At Risk / Hibernating,1.0,0.2829058144344841,416.9460280538009,115.63614046749237
12427,22,3,825.8000000000001,275.2666666666667,372,0,Potential Loyalists,0.9994906418159633,0.5779004079340024,318.5076473275098,180.44494984626425
12428,26,9,7956.46,884.0511111111111,284,1,Champions,0.9995162337944334,1.7446015986823138,484.71155852817753,828.9946106305313
12429,9,4,3750.4,937.6,366,1,Champions,0.9995742946964982,0.793223094558601,709.3732038151204,551.6225808728962
12430,43,1,256.4,256.4,43,3,At Risk / Hibernating,1.0,0.6645208110997811,416.9460280538009,271.6193111494694
12431,36,15,6487.45,432.49666666666667,374,1,Champions,0.9994264434280955,2.8136446375144746,466.9907901240636,1288.1001034112196
12432,43,5,5059.32,1011.8639999999999,172,2,Loyal Customers,0.9992378565885407,1.054886343842151,704.0446337443013,728.0780578662909
12433,1,7,13375.87,1910.8385714285716,373,1,Champions,0.9996802008871137,1.18604337587958,1937.0540329739758,2252.2378922091334
12434,85,2,806.14,403.07,260,2,Loyal Customers,0.9991274526231892,0.49928750056514065,464.48749261353,227.35086688688332
12435,80,2,7829.89,3914.945,268,2,Loyal Customers,0.9991690662064262,0.48890472362506476,2002.8106296483656,959.9221463675808
12436,100,1,509.01,509.01,100,3,At Risk / Hibernating,1.0,0.4429365425240585,416.9460280538009,181.04785143984927
12437,2,18,4951.41,275.0783333333333,331,1,Champions,0.9998193612884076,3.3352291024415615,332.63974541561197,1087.606810897051
12438,14,2,2906.85,1453.425,140,2,Loyal Customers,0.999421886910269,0.786251168091118,1155.7794793070777,890.8577113065478
12441,367,1,173.55,173.55,367,3,At Risk / Hibernating,1.0,0.17102991131587994,416.9460280538009,69.90748450613242
12442,3,1,172.06,172.06,3,0,Potential Loyalists,1.0,1.0340116510919786,416.9460280538009,422.64699091651573
12444,21,5,5005.46,1001.092,171,1,Champions,0.9994514462882877,1.8090847365073512,701.045947576031,1243.3047267962822
12445,22,1,133.4,133.4,22,0,Potential Loyalists,1.0,0.8179731769372953,416.9460280538009,334.34223777226634
12446,58,1,1002.3100000000001,1002.3100000000001,58,3,At Risk / Hibernating,1.0,0.5906504285268684,416.9460280538009,241.4251543093273
12447,243,1,476.49,476.49,243,3,At Risk / Hibernating,1.0,0.23846712773301681,416.9460280538009,97.47207068516131
12448,44,1,449.45,449.45,44,3,At Risk / Hibernating,1.0,0.658636996609732,416.9460280538009,269.21433052901926
12449,22,4,4067.29,1016.8225,187,2,Loyal Customers,0.9994458768553787,1.3446425102567072,886.8996469102499,1169.1047642343
12450,156,2,197.88,98.94,173,3,At Risk / Hibernating,0.9966346164821376,0.6771218137231494,268.72710925902294,178.3816947720694
12451,11,5,9035.52,1807.104,325,1,Champions,0.9996006926963119,1.1049143605135416,1278.1122163746325,1384.425449006366
12452,17,2,430.57000000000005,215.28500000000003,17,0,Potential Loyalists,1.0,0.8757538718250983,416.9460280538009,357.959830801703
12453,134,1,707.09,707.09,134,3,At Risk / Hibernating,1.0,0.3665466020275492,416.9460280538009,149.82386336572912
12454,56,1,3528.34,3528.34,56,2,Loyal Customers,1.0,0.5953778621337587,416.9460280538009,243.3574693926252
12455,73,6,2466.86,411.1433333333334,297,2,Loyal Customers,0.9988269374951084,1.4350324353930006,205.80313001647949,289.52476551338987
12456,44,3,3181.04,1060.3466666666666,255,2,Loyal Customers,0.9993289914897858,0.7871262567428361,861.4394860851758,664.7236592813084
12457,66,7,2363.23,337.6042857142857,239,2,Loyal Customers,0.9984831587467807,1.9917774767030694,304.2235480464685,594.0264346228439
12458,71,2,947.4,473.7,285,2,Loyal Customers,0.9992324747493583,0.4653864421977788,457.8326832900299,208.87785356080303
12461,94,2,826.88,413.44,155,2,Loyal Customers,0.9986161812520545,0.7362862238190903,316.75626745777436,228.63563729496397
12462,19,2,1189.59,594.795,303,0,Potential Loyalists,0.9994423662972335,0.44170677013014065,421.8108146409663,182.65166203021286
12463,53,4,1344.78,336.195,242,2,Loyal Customers,0.9991949799357831,1.1101159936077556,355.3358382132533,386.7046524188323
12464,10,8,1212.05,151.50625,309,1,Champions,0.9996486615316934,1.6248149835108734,207.11316627212497,329.9010194637095
12465,17,2,742.19,371.095,169,0,Potential Loyalists,0.9994168295472744,0.6904261443774702,363.5154238772318,246.0436029064256
12468,188,2,729.54,364.77,316,3,At Risk / Hibernating,0.9982853542900192,0.42629628974142114,459.43519462608435,192.00284640537419
12471,2,30,19824.05,660.8016666666666,365,1,Champions,0.9998477545997748,4.120137139662315,890.1173270032131,3595.2659742762858
12472,32,7,6572.11,938.8728571428571,369,1,Champions,0.9995089466184862,1.4020375262473914,757.3527618722475,1040.9499000528356
12473,29,5,3938.55,787.71,192,2,Loyal Customers,0.9993822597177006,1.3238693059470066,900.8240426848929,1169.1148735966271
12474,17,18,7375.79,409.7661111111111,330,1,Champions,0.9996705425021649,3.8035551297558046,443.4676845734939,1653.5746920014024
12475,54,1,723.38,723.38,54,3,At Risk / Hibernating,1.0,0.6100253908571814,416.9460280538009,249.34457445004938
12476,16,11,6816.42,619.6745454545454,361,1,Champions,0.9996696316563337,2.0560070918846747,717.1280540712506,1445.417634664147
12477,23,6,13219.74,2203.29,302,1,Champions,0.9995429374407159,1.4166542088194487,1840.8810865455239,2556.5930975998717
12478,4,1,680.99,680.99,4,0,Potential Loyalists,1.0,1.0340116510919786,416.9460280538009,422.64699091651573
12479,11,1,527.2,527.2,11,0,Potential Loyalists,1.0,0.9305304735307653,416.9460280538009,380.34951849305605
12480,28,4,3281.63,820.4075,336,2,Loyal Customers,0.9994831983524367,0.8499476464490533,708.5281370370731,590.3658200324662
12481,23,10,5596.32,559.632,366,1,Champions,0.9995948942087199,1.6223575194809388,725.361148484116,1153.646766853772
12483,17,8,2484.98,310.6225,339,1,Champions,0.9996238027694426,1.7257939884970146,296.77946562606843,502.1053186524676
12484,33,6,4541.72,756.9533333333334,336,2,Loyal Customers,0.9994834417290847,1.2941464272345955,630.7732369543193,800.2554876298511
12488,10,3,1298.66,432.8866666666667,76,0,Potential Loyalists,0.9994675897871342,1.7660555833344806,388.9484859827853,673.393352216676
12489,336,1,334.93,334.93,336,3,At Risk / Hibernating,1.0,0.18370051608224094,416.9460280538009,75.086522928905
12490,5,10,5417.93,541.793,330,1,Champions,0.9997361055563536,2.2214611911673146,495.7623644603346,1079.6533737708733
12491,39,1,460.40000000000003,460.40000000000003,39,0,Potential Loyalists,1.0,0.6955905116847341,416.9460280538009,284.31890129330804
12492,63,2,263.21000000000004,131.60500000000002,105,3,At Risk / Hibernating,0.9988423708921962,0.9438985078748897,287.5785538520329,266.1055558749499
12493,166,2,433.74,216.87,197,3,At Risk / Hibernating,0.997017543416532,0.616254781517938,317.3289228055287,191.70874532834063
12494,16,7,1246.1,178.0142857142857,366,2,Loyal Customers,0.9996280266331813,1.4151283312251144,233.6785071898007,324.180266617347
12497,82,1,1043.1,1043.1,82,3,At Risk / Hibernating,1.0,0.49610945640804094,416.9460280538009,202.78200691206723
12498,21,3,403.70000000000005,134.5666666666667,58,0,Potential Loyalists,0.9992893160322199,1.3041956322726134,296.64405746204716,379.2719532829466
12500,23,11,4257.82,387.07454545454544,334,1,Champions,0.9995841949229449,2.1990229839509716,432.7217492099354,932.8472797019701
12501,337,1,2169.39,2169.39,337,3,At Risk / Hibernating,1.0,0.18370051608224094,416.9460280538009,75.086522928905
12502,96,5,3723.87,744.774,310,2,Loyal Customers,0.9985753113545428,1.1475838525389117,695.5013101732325,782.4459834425876
12504,18,2,482.04999999999995,241.02499999999998,30,0,Potential Loyalists,0.999265027476786,1.6600204098032438,239.47088645237966,389.70740392574476
12506,233,1,73.5,73.5,233,3,At Risk / Hibernating,1.0,0.2471834875372397,416.9460280538009,101.03483474191951
12507,134,3,1304.81,434.93666666666667,299,2,Loyal Customers,0.9983989995902312,0.6921038525750697,424.76757503842117,288.200376224273
12508,26,2,398.27,199.135,29,0,Potential Loyalists,0.9991052762185642,1.6766999106757228,281.2331631438517,462.2685930995916
12509,284,1,176.5,176.5,284,3,At Risk / Hibernating,1.0,0.21076545282052764,416.9460280538009,86.1491645454829
12510,143,2,982.5699999999999,491.28499999999997,325,2,Loyal Customers,0.9988482216372948,0.41679238949348424,363.64011496101705,148.5810469614514
12512,66,2,138.03,69.015,66,3,At Risk / Hibernating,1.0,0.551256579291776,416.9460280538009,225.32311472719084
12513,113,1,612.29,612.29,113,3,At Risk / Hibernating,1.0,0.4111133059469782,416.9460280538009,168.04026903462932
12514,267,1,1017.6800000000001,1017.6800000000001,267,3,At Risk / Hibernating,1.0,0.22143094177008768,416.9460280538009,90.50862390071362
12515,353,1,383.7,383.7,353,3,At Risk / Hibernating,1.0,0.17629929223329655,416.9460280538009,72.06131427897861
12516,78,2,1312.06,656.03,181,2,Loyal Customers,0.9989990544945266,0.6596441641749727,560.9937732750019,362.77700831432094
12517,28,5,2502.84,500.56800000000004,190,2,Loyal Customers,0.9993912997649667,1.3289933178337157,533.3952495604467,694.934777893165
12518,1,5,2056.89,411.378,110,1,Champions,0.9996473961115058,2.4261429468562783,429.3896904668479,1021.2695246824142
12519,64,1,340.84000000000003,340.84000000000003,64,3,At Risk / Hibernating,1.0,0.5637907092546836,416.9460280538009,230.44637764675514
12520,79,5,2634.26,526.8520000000001,274,2,Loyal Customers,0.9987479080130839,1.2686078590940966,412.8912966307273,513.4937352255122
12521,143,1,599.68,599.68,143,3,At Risk / Hibernating,1.0,0.35264535172858624,416.9460280538009,144.14180112956143
12522,39,2,192.72,96.36,51,0,Potential Loyalists,0.9989555921661737,1.3689741684675722,272.1076230860889,365.18113057938376
12523,19,11,1789.77,162.70636363636365,332,1,Champions,0.999630345833143,2.435017411042342,194.59384096205406,464.51873250909694
12524,9,8,4485.72,560.715,334,1,Champions,0.9996780974958299,1.7516475233887578,567.5467504101775,974.5864932342394
12526,1,3,1316.66,438.8866666666667,94,0,Potential Loyalists,0.9995563845737809,1.560287102286544,405.08887458617596,619.6224210517961
12527,82,3,348.71000000000004,116.23666666666668,326,3,At Risk / Hibernating,0.999149988620078,0.6451564754484661,221.80116160850554,140.2816207161704
12528,9,6,1933.48,322.24666666666667,313,1,Champions,0.9996324104907038,1.3758751945419208,312.3647788747596,421.32100138269254
12530,60,4,1662.28,415.57,337,2,Loyal Customers,0.9992824186110595,0.8497769059414395,422.7179099730645,352.14984470018135
12531,15,1,125.22,125.22,15,0,Potential Loyalists,1.0,0.8968719462723965,416.9460280538009,366.59174757508026
12532,30,1,349.83000000000004,349.83000000000004,30,0,Potential Loyalists,1.0,0.7518339371168964,416.9460280538009,307.3081333353372
12534,131,1,1089.18,1089.18,131,3,At Risk / Hibernating,1.0,0.3739164839709714,416.9460280538009,152.8362636000274
12535,92,2,716.35,358.175,187,2,Loyal Customers,0.9988596253880834,0.6440305684871058,383.6738157558424,242.23708033822788
12536,43,3,12601.830000000002,4200.610000000001,59,2,Loyal Customers,0.9989240035928185,1.2833406454697789,4067.704213508185,5117.5681934093445
12538,29,1,363.95,363.95,29,0,Potential Loyalists,1.0,0.7595104315174132,416.9460280538009,310.44586416142715
12539,22,4,5568.35,1392.0875,334,2,Loyal Customers,0.999512692823985,0.8563161857121205,1041.5420657771213,874.3451362972379
12540,20,17,13400.24,788.2494117647059,362,1,Champions,0.9996619027631642,3.520478656741425,757.6377767952091,2614.7816149905384
12541,30,3,981.18,327.06,281,2,Loyal Customers,0.9994331416139509,0.7285569180550255,364.78371157931383,260.5378710600819
12544,36,1,372.7,372.7,36,0,Potential Loyalists,1.0,0.7088474102284074,416.9460280538009,289.73759499029745
12545,75,2,1000.39,500.195,260,2,Loyal Customers,0.9991817254551533,0.5008371201550359,396.29994253616803,194.5774092097316
12546,47,2,1161.5,580.75,78,2,Loyal Customers,0.9989832112428085,1.1251360558150687,409.72039770208835,451.9234432097028
12547,198,2,207.8,103.9,281,3,At Risk / Hibernating,0.9976780314227157,0.46998875972925475,246.74453300651749,113.68597482857375
12548,166,1,95.19999999999999,95.19999999999999,166,3,At Risk / Hibernating,1.0,0.3166218216068191,416.9460280538009,129.41737598379694
12550,79,1,964.83,964.83,79,3,At Risk / Hibernating,1.0,0.5028162745542563,416.9460280538009,205.5233846940691
12551,358,1,168.0,168.0,358,3,At Risk / Hibernating,1.0,0.17464368592808965,416.9460280538009,71.3845945206428
12552,39,2,437.82,218.91,40,0,Potential Loyalists,0.9988751034666368,1.521028330564365,279.81076115104247,417.2286834313858
12553,8,10,3692.28,369.228,330,1,Champions,0.9997154678254726,2.221415333147412,342.1287167516467,745.0601832611577
12556,50,2,603.71,301.855,151,0,Potential Loyalists,0.9991843405017647,0.7467531326497925,358.69403530420334,262.5870152528426
12557,16,5,11990.960000000001,2398.192,372,1,Champions,0.9995783832223508,0.9868627160993473,2295.4583169275843,2220.741883784957
12558,8,1,269.96,269.96,8,0,Potential Loyalists,1.0,0.9795455375880102,416.9460280538009,400.3842069411168
12559,311,2,561.71,280.855,320,3,At Risk / Hibernating,0.9905268339201868,0.41971233806857416,259.3060051508063,106.69305779785768
12560,5,3,2134.01,711.3366666666667,143,0,Potential Loyalists,0.9995254248124072,1.1995557138160653,419.41271916002086,493.2125992253193
12561,303,1,238.85,238.85,303,3,At Risk / Hibernating,1.0,0.20053810965994096,416.9460280538009,81.96879503795522
12562,8,7,3781.7400000000002,540.2485714285715,199,1,Champions,0.9996398902055404,2.3003053133789724,533.4935352256525,1203.0587800442968
12564,261,1,456.90000000000003,456.90000000000003,261,3,At Risk / Hibernating,1.0,0.22545763665263796,416.9460280538009,92.15451311587614
12565,289,1,145.92000000000002,145.92000000000002,289,3,At Risk / Hibernating,1.0,0.20840356862522524,416.9460280538009,85.18375752967816
12566,86,1,351.65,351.65,86,3,At Risk / Hibernating,1.0,0.4800999270339793,416.9460280538009,196.23819354080604
12567,23,10,9401.28,940.128,370,1,Champions,0.9996059997166868,1.8129432677628787,912.1580094046863,1621.1615613329618
12569,2,32,4124.6900000000005,128.89656250000002,252,1,Champions,0.9998686236684973,7.239536557775292,162.88329348984786,1156.0046833152649
12571,40,2,519.61,259.805,122,0,Potential Loyalists,0.9992250926435591,0.8647245409988297,349.66547720049573,296.41668399604936
12572,9,2,1020.4200000000001,510.21000000000004,52,0,Potential Loyalists,0.9994222223128882,1.369613640954728,449.6123081367821,603.6825621360902
12573,227,1,160.54000000000002,160.54000000000002,227,3,At Risk / Hibernating,1.0,0.2513596717158101,416.9460280538009,102.74182706787143
12574,316,1,218.45000000000002,218.45000000000002,316,3,At Risk / Hibernating,1.0,0.19374808181184813,416.9460280538009,79.19340910772809
12576,36,5,1315.83,263.166,305,2,Loyal Customers,0.9994327335861952,1.1639663352841971,297.14699084730637,339.0656117528928
12577,35,3,657.8,219.26666666666665,359,2,Loyal Customers,0.9994047895614833,0.3838932703074595,437.71123691772607,164.72898502436115
12578,21,2,2794.51,1397.255,330,2,Loyal Customers,0.9994377968149365,0.41181180928528194,772.0403598639192,311.6812273577822
12579,78,1,440.42,440.42,78,3,At Risk / Hibernating,1.0,0.5062381486691934,416.9460280538009,206.92205834880286
12580,247,1,415.7,415.7,247,3,At Risk / Hibernating,1.0,0.2361956106507191,416.9460280538009,96.54360061208392
12581,40,1,197.71,197.71,40,3,At Risk / Hibernating,1.0,0.6891462926528363,416.9460280538009,281.68485775936074
12582,239,2,511.36,255.68,289,3,At Risk / Hibernating,0.9962199554339592,0.45878407073746674,365.80142707996083,164.52261331786508
12583,3,15,7281.38,485.42533333333336,374,1,Champions,0.999813836187522,3.0182984675375915,455.73679496222996,1348.4918878422009
12584,4,9,2338.15,259.7944444444445,280,1,Champions,0.9997301861054635,2.275554511494344,257.53607451422124,574.5097751519036
12585,234,2,2040.1,1020.05,351,2,Loyal Customers,0.9977478441943677,0.39055765558427025,583.3411864022863,223.3467450955578
12586,17,1,196.94000000000003,196.94000000000003,17,0,Potential Loyalists,1.0,0.8655634485010557,416.9460280538009,353.79454187048543
12587,8,1,144.0,144.0,8,0,Potential Loyalists,1.0,0.9795455375880102,416.9460280538009,400.3842069411168
12588,39,1,214.89999999999998,214.89999999999998,39,3,At Risk / Hibernating,1.0,0.6891462926528363,416.9460280538009,281.68485775936074
12589,29,2,646.68,323.34,145,0,Potential Loyalists,0.9993411237417564,0.771420457090258,462.31232592972106,349.6219385622197
12590,211,2,9864.26,4932.13,211,2,Loyal Customers,1.0,0.26572594996969207,416.9460280538009,108.61396456244529
12591,317,1,452.84999999999997,452.84999999999997,317,3,At Risk / Hibernating,1.0,0.19274406209242811,416.9460280538009,78.7830216664005
12592,92,2,437.6,218.8,213,3,At Risk / Hibernating,0.998952495978525,0.582412726722577,319.4348166650124,182.3832925859919
12593,109,3,418.1,139.36666666666667,219,3,At Risk / Hibernating,0.9983164144402448,0.8849736470614155,211.0314249185547,183.08361373096193
12594,38,10,3338.2200000000003,333.822,323,1,Champions,0.9993988433975344,2.030447101512985,380.03001540289915,756.4524500866271
12596,51,2,618.27,309.135,242,2,Loyal Customers,0.9992935853116448,0.5282769590963259,385.25323615045517,199.5169872818918
12597,19,4,3811.22,952.805,268,2,Loyal Customers,0.9995094129898724,1.021489652183006,907.7166185933411,908.9840257773101
12598,10,8,3023.08,377.885,285,1,Champions,0.9996510143933717,1.7398938426089359,389.1098257442204,663.6926567543444
12599,29,7,1032.58,147.51142857142855,304,2,Loyal Customers,0.9994916435626808,1.6463372124108555,183.7465519834649,296.5582654061017
12600,29,10,2599.04,259.904,371,1,Champions,0.9995553176430292,2.009050121397186,295.94929940696113,582.881278597385
12601,190,5,577.0600000000001,115.412,333,2,Loyal Customers,0.9924037570366357,1.0750737479684263,177.8559756637713,187.44708072686427
12602,59,1,153.12,153.12,59,3,At Risk / Hibernating,1.0,0.5859974786974553,416.9460280538009,239.52328413305474
12603,22,1,739.1999999999999,739.1999999999999,22,0,Potential Loyalists,1.0,0.827067906222666,416.9460280538009,338.0596662121936
12604,79,2,254.18,127.09,262,3,At Risk / Hibernating,0.9991605176764005,0.49779078639463403,259.3429506571131,126.55904742690197
12607,60,1,1579.51,1579.51,60,2,Loyal Customers,1.0,0.5769080982349951,416.9460280538009,235.80804501970792
12609,78,3,1126.85,375.6166666666666,318,2,Loyal Customers,0.9991620603042065,0.6568348710566124,418.534459611823,269.5003449475507
12610,23,5,2099.54,419.908,126,2,Loyal Customers,0.9993716208733211,2.226436041133646,317.2443654557045,692.4309275171116
12611,52,1,1193.32,1193.32,52,2,Loyal Customers,1.0,0.6150693878726767,416.9460280538009,251.4062834017911
12612,74,1,704.04,704.04,74,3,At Risk / Hibernating,1.0,0.5204044314005793,416.9460280538009,212.7124546117273
12613,57,5,3344.38,668.876,262,2,Loyal Customers,0.9992432732316163,0.7680342900075101,950.4817356030006,715.6428552346945
12614,278,1,315.6,315.6,278,3,At Risk / Hibernating,1.0,0.21503017704195912,416.9460280538009,87.892346853725
12615,2,4,2291.19,572.7975,168,1,Champions,0.9995941415546071,1.4526686212402247,514.3236288649701,732.445275604751
12616,95,2,713.3,356.65,297,3,At Risk / Hibernating,0.9991183176687388,0.44880313607158767,435.7669796483343,191.7264663414166
12617,29,1,355.53000000000003,355.53000000000003,29,0,Potential Loyalists,1.0,0.7595104315174132,416.9460280538009,310.44586416142715
12618,22,1,177.31,177.31,22,0,Potential Loyalists,1.0,0.827067906222666,416.9460280538009,338.0596662121936
12619,16,9,3641.24,404.5822222222222,253,1,Champions,0.9996079528932902,2.4660620615792457,427.82305527719893,1034.2852569189074
12620,15,3,1339.41,446.47,205,2,Loyal Customers,0.9994852199772575,0.931451740963565,399.2095903444633,364.53006330058355
12621,2,20,13689.67,684.4835,366,1,Champions,0.9998356933041036,3.488639323334784,798.7572381908473,2731.7626330878393
12622,232,1,180.1,180.1,232,3,At Risk / Hibernating,1.0,0.2471834875372397,416.9460280538009,101.03483474191951
12623,276,1,305.1,305.1,276,3,At Risk / Hibernating,1.0,0.21565355312687062,416.9460280538009,88.14714836438557
12624,106,2,641.13,320.565,178,3,At Risk / Hibernating,0.9985743910404847,0.6674062079828681,381.9604679008677,249.90828421660513
12625,212,2,2683.82,1341.91,319,2,Loyal Customers,0.9978662978655786,0.42282226247163035,671.0636729393327,278.15919878812247
12626,23,9,6620.4800000000005,735.6088888888889,327,1,Champions,0.9995754591445243,2.010240726596196,655.7706736823327,1292.3260807387933
12627,11,7,4478.53,639.79,140,1,Champions,0.999591098225531,2.9385638886510463,585.6514803854262,1687.1229675098411
12628,4,3,786.46,262.15333333333336,65,0,Potential Loyalists,0.9995163826917253,1.912256283998636,296.55747703658034,555.9393342965421
12630,10,2,1270.88,635.44,44,0,Potential Loyalists,0.9994064055994794,1.4674623041724058,487.20897899217005,700.8977283738591
12631,57,1,640.5,640.5,57,3,At Risk / Hibernating,1.0,0.5906504285268684,416.9460280538009,241.4251543093273
12633,59,4,2163.98,540.995,288,2,Loyal Customers,0.9992242014057228,0.9666922281622622,393.01573333101567,372.45185028432076
12635,90,2,1689.18,844.59,155,2,Loyal Customers,0.9987089820502222,0.736354646452864,688.7698068368339,497.20234195265016
12637,67,8,6021.9,752.7375,324,2,Loyal Customers,0.9989486191327878,1.5656874283384603,696.561604266099,1069.1450150292528
12638,33,1,671.69,671.69,33,0,Potential Loyalists,1.0,0.7297081291462637,416.9460280538009,298.26431428360155
12639,239,1,486.1,486.1,239,3,At Risk / Hibernating,1.0,0.24235166221690915,416.9460280538009,99.05985274143755
12640,24,3,1174.58,391.52666666666664,82,2,Loyal Customers,0.9992898415037716,1.695093836821869,283.02659342171984,470.31987593692287
12641,115,1,185.9,185.9,115,3,At Risk / Hibernating,1.0,0.404408281657243,416.9460280538009,165.2996254410221
12642,25,3,1013.26,337.75333333333333,108,2,Loyal Customers,0.9993159658287648,1.4446668109149916,357.8429337829449,506.79507383469127
12643,128,6,3344.64,557.4399999999999,333,2,Loyal Customers,0.997747639662541,1.0808627908681532,572.9191345201591,607.065925001436
12644,130,1,477.90999999999997,477.90999999999997,130,3,At Risk / Hibernating,1.0,0.3758054953050638,416.9460280538009,153.60838699821088
12645,34,4,1775.18,443.795,316,2,Loyal Customers,0.9994464189341152,0.8940706259840105,454.1678383606203,398.07064124315923
12646,5,2,1346.97,673.485,49,0,Potential Loyalists,0.9994575234277537,1.3928861236941403,508.54039069601936,694.4059644513063
12647,22,12,3722.82,310.235,369,1,Champions,0.9996186918337802,2.223736306349035,343.6263215115463,749.1033539353966
12648,155,1,318.05,318.05,155,3,At Risk / Hibernating,1.0,0.33366409034830324,416.9460280538009,136.38331185577388
12649,107,3,623.51,207.83666666666667,212,2,Loyal Customers,0.9987779775110643,0.5843835777827998,339.1590988445189,194.30027802687874
12650,3,1,314.44,314.44,3,0,Potential Loyalists,1.0,1.0340116510919786,416.9460280538009,422.64699091651573
12651,335,1,114.0,114.0,335,3,At Risk / Hibernating,1.0,0.18461230590393363,416.9460280538009,75.45921190071817
12652,331,1,919.98,919.98,331,3,At Risk / Hibernating,1.0,0.1859970890947965,416.9460280538009,76.02523426018668
12653,149,2,2209.85,1104.925,297,2,Loyal Customers,0.9986838655993369,0.44983718552434754,885.139791045402,390.3364296249751
12654,11,5,601.98,120.396,295,0,Potential Loyalists,0.9995629027898597,0.9457652849252524,221.17428492456787,205.06425531190547
12656,17,5,4051.17,810.234,234,1,Champions,0.9995336383662394,1.4377762512363592,773.5889322548952,1090.3693384313547
12657,11,4,1643.18,410.795,79,2,Loyal Customers,0.9994472872276557,1.729969092709189,477.2388442327285,809.3688516940067
12658,19,1,686.05,686.05,19,0,Potential Loyalists,1.0,0.8556074605824519,416.9460280538009,349.72507746716883
12659,30,1,91.68,91.68,30,3,At Risk / Hibernating,1.0,0.7595104315174132,416.9460280538009,310.44586416142715
12660,11,1,245.10000000000002,245.10000000000002,11,0,Potential Loyalists,1.0,0.9305304735307653,416.9460280538009,380.34951849305605
12662,1,11,3849.78,349.98,373,1,Champions,0.9997669345755464,2.0003828569944893,400.79171644309463,785.9662146040173
12664,8,9,4881.88,542.4311111111111,323,1,Champions,0.9996999369560008,2.031058823796947,513.4760733187486,1022.3857041642241
12665,325,1,63.0,63.0,325,3,At Risk / Hibernating,1.0,0.18931047945452373,416.9460280538009,77.37956399291005
12667,58,1,620.13,620.13,58,3,At Risk / Hibernating,1.0,0.5859974786974553,416.9460280538009,239.52328413305474
12668,12,4,3807.15,951.7875,356,1,Champions,0.9995655238643304,0.8119251041003631,917.8502176562324,730.5664071081117
12669,151,3,2744.0299999999997,914.6766666666666,257,2,Loyal Customers,0.9974514043843841,0.7808121252716873,661.4174535866284,506.2839501605248
12670,10,5,2996.05,599.21,233,1,Champions,0.9995849456474122,1.442627274960358,551.538207328641,780.0129636478968
12672,330,1,225.9,225.9,330,3,At Risk / Hibernating,1.0,0.18693187737411035,416.9460280538009,76.40732372637208
12673,5,2,610.52,305.26,327,0,Potential Loyalists,0.9994786622936281,0.41599950670588487,404.3263537813055,164.89090890779414
12674,39,4,1970.6,492.65,208,2,Loyal Customers,0.99930749699614,1.2470226168778613,448.8813694820402,548.7543638681332
12676,25,6,1331.39,221.89833333333334,311,2,Loyal Customers,0.9995323267679579,1.3793579249477097,212.11744985400037,286.83053373761715
12678,42,12,17628.46,1469.0383333333332,354,1,Champions,0.999369387568075,1.8812351663043239,1952.2512574517216,3600.4005770560098
12679,59,4,1113.02,278.255,284,2,Loyal Customers,0.9992176017216479,0.977671678513765,193.22466154381033,185.19427905711
12680,1,4,862.81,215.7025,113,0,Potential Loyalists,0.9996070918617763,1.891755089338381,248.93904994762758,461.6684962269112
12681,15,22,13787.54,626.7063636363637,368,1,Champions,0.9997347185401879,4.0913261354239205,656.56721767791,2633.391256207532
12682,4,31,12288.22,396.3941935483871,371,1,Champions,0.9998699174045578,5.486165357947588,457.8578225838967,2462.4739553023815
12683,4,15,8476.57,565.1046666666666,366,1,Champions,0.9997587192547476,2.2445457284481165,707.4903766521746,1556.7577278447006
12684,8,7,2283.63,326.23285714285714,213,1,Champions,0.9996526511663277,2.177971510321992,318.2563561855402,679.5187644384489
12685,28,6,2863.08,477.18,94,2,Loyal Customers,0.9990337871842947,3.2341138729360916,454.10690481391015,1439.746109226962
12686,372,1,89.14,89.14,372,3,At Risk / Hibernating,1.0,0.16908614672765057,416.9460280538009,69.11298169077256
12688,114,1,4873.81,4873.81,114,2,Loyal Customers,1.0,0.4088537293250076,416.9460280538009,167.11667890587626
12689,26,2,1247.6100000000001,623.8050000000001,128,2,Loyal Customers,0.9993464920000376,0.8383491420347817,564.5590146336015,463.9875848149792
12690,206,1,389.01,389.01,206,3,At Risk / Hibernating,1.0,0.2715459560664511,416.9460280538009,110.99286025667325
12691,28,6,1035.8,172.63333333333333,357,2,Loyal Customers,0.9995247885037034,1.2303995439526243,217.6175419600968,262.4895560351665
12693,127,4,855.91,213.9775,319,2,Loyal Customers,0.9982103073303441,0.8860600457063367,283.2290749216321,246.02142521249232
12694,70,2,869.67,434.835,183,2,Loyal Customers,0.9990772257913585,0.6518408983954682,423.0531072905302,270.33886132942547
12695,7,4,582.1,145.525,210,0,Potential Loyalists,0.9995669727989542,1.2339328281574278,234.97144053092535,284.2357292674701
12697,29,3,957.59,319.19666666666666,169,2,Loyal Customers,0.9993681204193372,1.0683244111894221,332.65773551591985,348.3957630733464
12700,8,4,4939.99,1234.9975,215,1,Champions,0.9995677229285083,1.2122075739539062,1040.3560913783845,1236.3205006548449
12701,80,2,797.71,398.855,242,2,Loyal Customers,0.9991302173204415,0.5281905945415293,437.12010881681834,226.34106905011572
12702,20,1,219.0,219.0,20,0,Potential Loyalists,1.0,0.8458779098923013,416.9460280538009,345.74816836534876
12703,71,1,283.55,283.55,71,3,At Risk / Hibernating,1.0,0.5315606090478071,416.9460280538009,217.27248589139984
12704,7,8,2340.84,292.605,170,1,Champions,0.9996412797166792,2.580612646084729,348.50609426752715,881.6687927225828
12705,15,9,6868.29,763.1433333333333,357,1,Champions,0.9996430577708653,1.6529042448026685,795.5785805509884,1289.1480058444756
12707,292,1,603.42,603.42,292,3,At Risk / Hibernating,1.0,0.20666660502882092,416.9460280538009,84.47378333598954
12708,30,10,2712.91,271.291,369,1,Champions,0.9995423998338281,2.022816015223855,295.35217297004357,585.6910335138522
12709,15,15,9736.52,649.1013333333334,367,1,Champions,0.9997071491037992,3.066540195543779,639.5966967470048,1922.7682499464086
12710,97,3,1149.02,383.00666666666666,201,2,Loyal Customers,0.9984649748102924,0.9408411344328885,289.36712188658674,266.89320222539595
12712,29,13,4396.13,338.1638461538462,371,1,Champions,0.9995499068753514,2.6223478538674962,357.4905438068034,919.0241145326256
12713,1,1,848.55,848.55,1,0,Potential Loyalists,1.0,1.0790093373001535,416.9460280538009,441.0395996011872
12714,9,5,4708.86,941.7719999999999,295,1,Champions,0.9996019782208874,1.1962356659021138,818.2306200590617,959.543072409909
12715,106,1,353.86,353.86,106,3,At Risk / Hibernating,1.0,0.42521324797573734,416.9460280538009,173.80354679285344
12716,4,2,1053.49,526.745,133,0,Potential Loyalists,0.9994765376238716,0.8135480066056446,397.8470356127624,317.3009609879048
12717,151,2,1030.98,515.49,246,2,Loyal Customers,0.9983141439416146,0.5227162054821162,418.92906514904126,214.67346573350238
12718,71,1,238.25,238.25,71,3,At Risk / Hibernating,1.0,0.5315606090478071,416.9460280538009,217.27248589139984
12719,5,2,644.95,322.475,65,0,Potential Loyalists,0.9994540059075393,1.2265076518841425,391.27073549016416,470.45698765231054
12720,3,25,5781.7300000000005,231.2692,369,1,Champions,0.9998531503519613,4.278555857222407,273.7600956046646,1148.257911551261
12721,32,6,2656.13,442.68833333333333,355,2,Loyal Customers,0.9995017619514147,1.2390974846090175,463.13964233642594,562.58662129533
12722,85,4,997.63,249.4075,151,2,Loyal Customers,0.9974287023327774,1.5686754885903482,283.43313934246737,435.86894685589533
12723,4,5,725.07,145.014,65,0,Potential Loyalists,0.999527057193882,1.8980018180035771,287.9770708031082,535.8299148787418
12724,5,4,1031.41,257.8525,332,0,Potential Loyalists,0.9995877704341506,0.8585162470120958,327.07891782229666,275.27894935199777
12725,371,1,427.8,427.8,371,3,At Risk / Hibernating,1.0,0.16908614672765057,416.9460280538009,69.11298169077256
12726,28,7,2609.1,372.7285714285714,357,2,Loyal Customers,0.9995346514595596,1.4415693168890626,408.1737898595579,576.8363638653411
12727,11,7,3980.7000000000003,568.6714285714286,320,1,Champions,0.9996278043875249,1.3475724253229584,641.0159623008243,846.8236142946441
12728,71,4,836.33,209.0825,332,2,Loyal Customers,0.9991720035569673,0.8581591571900822,256.80393280240867,216.04361867942578
12729,114,1,453.01,453.01,114,3,At Risk / Hibernating,1.0,0.4088537293250076,416.9460280538009,167.11667890587626
12731,24,12,18895.91,1574.6591666666666,365,1,Champions,0.9996059051028781,2.249385508911806,1639.8855806245904,3616.1753103800606
12732,180,1,236.26000000000002,236.26000000000002,180,3,At Risk / Hibernating,1.0,0.300020934317706,416.9460280538009,122.63185288017826
12733,234,1,383.95,383.95,234,3,At Risk / Hibernating,1.0,0.24555161293703237,416.9460280538009,100.36781497798975
12734,353,1,110.39999999999999,110.39999999999999,353,3,At Risk / Hibernating,1.0,0.17671811015910002,416.9460280538009,72.23250374954006
12735,315,2,779.5699999999999,389.78499999999997,337,3,At Risk / Hibernating,0.9922232121607913,0.40178941036552807,436.73679918888604,172.0244243579882
12736,333,1,234.0,234.0,333,3,At Risk / Hibernating,1.0,0.18553319215907066,416.9460280538009,75.83561899017326
12738,372,1,155.35,155.35,372,3,At Risk / Hibernating,1.0,0.16870268363576454,416.9460280538009,68.95624331496865
12739,78,2,1013.04,506.52,99,2,Loyal Customers,0.9984076111498618,0.9771928256125638,241.71070777222528,231.55188722965076
12740,64,1,427.6,427.6,64,3,At Risk / Hibernating,1.0,0.5637907092546836,416.9460280538009,230.44637764675514
12743,134,2,546.43,273.215,134,3,At Risk / Hibernating,1.0,0.3665466020275492,416.9460280538009,149.82386336572912
12744,52,7,21279.29,3039.8985714285714,318,1,Champions,0.9992715854675644,1.3540541607060501,3197.24013198297,4244.077382845701
12747,2,11,4196.01,381.4554545454546,369,1,Champions,0.999770646416738,2.224074342167893,387.21026142128153,844.2444020844353
12748,1,209,33719.73,161.3384210526316,374,1,Champions,0.9999708074723903,22.970741774852108,302.2185519029921,6805.629672951904
12749,4,5,4090.88,818.176,213,1,Champions,0.9995906791836705,1.2208336217839637,892.522221893735,1068.1877312681595
12750,129,1,275.88,275.88,129,3,At Risk / Hibernating,1.0,0.37771369014749023,416.9460280538009,154.38835155991666
12752,81,1,4366.78,4366.78,81,2,Loyal Customers,1.0,0.49610945640804094,416.9460280538009,202.78200691206723
12753,23,6,21429.39,3571.565,363,1,Champions,0.9995660551412553,1.2161755786592165,2972.2051042672433,3543.6189556003555
12754,236,3,3010.74,1003.5799999999999,309,2,Loyal Customers,0.9930292982220927,0.6701204888195765,1090.2608496677926,716.2344809936501
12755,281,2,3811.9500000000003,1905.9750000000001,366,2,Loyal Customers,0.9966273340303726,0.377533350201535,232.49742213698403,86.04889314225804
12756,87,1,112.08,112.08,87,3,At Risk / Hibernating,1.0,0.4800999270339793,416.9460280538009,196.23819354080604
12757,16,13,7857.1,604.3923076923077,211,1,Champions,0.9995935215671592,2.8359358020508414,783.6512057010311,2178.66985819037
12758,117,2,2791.59,1395.795,277,2,Loyal Customers,0.9989235962808132,0.47603214156807855,788.4580192289732,367.94824404042015
12759,52,3,1531.44,510.48,276,2,Loyal Customers,0.9992950891440312,0.739045308829303,496.7943356116654,359.9313212348383
12762,8,2,1898.52,949.26,25,0,Potential Loyalists,0.9994132744965332,1.7486257244601457,887.9938314075971,1522.2267893172552
12763,138,2,494.08,247.04,369,3,At Risk / Hibernating,0.9989835813166014,0.374969649644551,304.7489779080865,112.02377332726593
12764,317,1,1693.88,1693.88,317,3,At Risk / Hibernating,1.0,0.1932447678398679,416.9460280538009,78.98768233824514
12766,4,7,6989.63,998.5185714285715,366,1,Champions,0.9996932684404307,1.4119672537873056,882.8916172212197,1222.0922697452688
12769,239,1,1143.6,1143.6,239,3,At Risk / Hibernating,1.0,0.24235166221690915,416.9460280538009,99.05985274143755
12770,211,1,1351.45,1351.45,211,3,At Risk / Hibernating,1.0,0.2666785638805637,416.9460280538009,109.00334028987075
12772,60,1,892.47,892.47,60,3,At Risk / Hibernating,1.0,0.581417266065254,416.9460280538009,237.65114495636038
12775,17,5,1386.04,277.20799999999997,311,2,Loyal Customers,0.9995602449998316,1.1426696005567576,320.88400173966454,359.45184828050924
12778,20,6,822.23,137.03833333333333,312,2,Loyal Customers,0.9995691690304609,1.3757881501889149,190.36037656848657,256.74389654119034
12779,38,8,3981.36,497.67,371,1,Champions,0.9994638554324629,1.6000244944368391,516.7063168636165,810.4801706431106
12781,64,2,826.74,413.37,285,2,Loyal Customers,0.9992706911884667,0.46540424127164753,352.5379903158441,160.84521206879256
12782,5,5,2330.92,466.184,358,1,Champions,0.9996309718931699,1.0193497590388205,455.5950717113599,455.2753994096601
12783,2,6,2225.91,370.98499999999996,75,1,Champions,0.9996227641229213,3.015861099014121,459.3644184373545,1358.1296350733403
12784,9,2,574.42,287.21,15,0,Potential Loyalists,0.9993734264303228,1.9568432170576548,250.25435610565702,480.0763599412885
12785,364,1,311.95,311.95,364,3,At Risk / Hibernating,1.0,0.17181998815269117,416.9460280538009,70.23042396023831
12787,10,3,463.66,154.55333333333334,193,0,Potential Loyalists,0.9995101322030263,0.9743069480426955,250.03499463815962,238.8188710451855
12789,65,1,91.85,91.85,65,3,At Risk / Hibernating,1.0,0.5553722353508629,416.9460280538009,227.0053685269044
12790,192,1,324.92,324.92,192,3,At Risk / Hibernating,1.0,0.2850741416717793,416.9460280538009,116.52243243619067
12791,374,1,192.60000000000002,192.60000000000002,374,3,At Risk / Hibernating,1.0,0.16832095589037088,416.9460280538009,68.8002142525221
12792,257,1,400.54,400.54,257,3,At Risk / Hibernating,1.0,0.22892680899745552,416.9460280538009,93.57251810682868
12793,335,2,545.48,272.74,371,3,At Risk / Hibernating,0.9931785684844582,0.37109606781860427,415.4377148030551,151.13466736113597
12794,53,2,860.41,430.205,99,2,Loyal Customers,0.9989770253026945,0.9836065398245658,475.3494714677091,458.3598738841697
12795,19,1,430.48,430.48,19,0,Potential Loyalists,1.0,0.8556074605824519,416.9460280538009,349.72507746716883
12797,366,1,254.03,254.03,366,3,At Risk / Hibernating,1.0,0.17142403939022,416.9460280538009,70.06858213503683
12798,10,3,6977.04,2325.68,171,1,Champions,0.999499423297237,1.0639935638321159,1849.9964285500014,1929.6652445940122
12802,187,1,427.58,427.58,187,3,At Risk / Hibernating,1.0,0.2917832473659613,416.9460280538009,119.26474296105053
12808,37,3,483.65000000000003,161.21666666666667,369,0,Potential Loyalists,0.9994343961670578,0.5818352289674342,265.41717355965295,151.39129430041595
12809,178,1,489.31,489.31,178,3,At Risk / Hibernating,1.0,0.3024606876171741,416.9460280538009,123.62908884763294
12811,261,3,514.85,171.61666666666667,284,3,At Risk / Hibernating,0.9810672558753928,0.7070640965925241,240.2540897416833,166.5334604139195
12812,45,1,229.64000000000001,229.64000000000001,45,3,At Risk / Hibernating,1.0,0.658636996609732,416.9460280538009,269.21433052901926
12814,102,1,125.92,125.92,102,3,At Risk / Hibernating,1.0,0.43772375661816415,416.9460280538009,178.91715220847476
12815,148,2,1063.46,531.73,198,2,Loyal Customers,0.9978069793492269,0.6144324570881958,431.33351889152647,259.8120690841523
12816,96,2,572.2,286.1,176,3,At Risk / Hibernating,0.9987523854486997,0.6702502515687102,341.48666574184296,224.379270391548
12817,281,1,166.04000000000002,166.04000000000002,281,3,At Risk / Hibernating,1.0,0.21257229995181484,416.9460280538009,86.88770325808089
12818,262,1,1542.08,1542.08,262,3,At Risk / Hibernating,1.0,0.22545763665263796,416.9460280538009,92.15451311587614
12820,3,4,942.34,235.585,327,0,Potential Loyalists,0.9995954624712013,0.8715644991227091,301.9597879964191,258.00051943917714
12821,214,1,92.72,92.72,214,3,At Risk / Hibernating,1.0,0.26290850994245835,416.9460280538009,107.46235136551911
12822,71,2,948.88,474.44,87,2,Loyal Customers,0.9984886484011368,1.0524691301086466,343.53252315357827,354.44547039363
12823,75,5,1759.5,351.9,297,2,Loyal Customers,0.9989479101645228,1.1889021804048736,375.4611222083431,437.60582575464366
12824,60,1,397.12,397.12,60,3,At Risk / Hibernating,1.0,0.581417266065254,416.9460280538009,237.65114495636038
12826,3,7,1474.72,210.67428571428573,365,1,Champions,0.999698049513598,1.4152274594600895,251.99163582241115,349.61040712088675
12827,6,3,430.15,143.38333333333333,44,0,Potential Loyalists,0.9994958231692055,2.250782176690766,220.60382215250925,486.76467578424297
12828,3,6,1018.71,169.785,130,1,Champions,0.9996608113961948,2.634388287858496,207.22235165989866,535.1662720452168
12829,337,2,293.0,146.5,360,3,At Risk / Hibernating,0.9917387392318856,0.38006049420897164,320.1044539668219,119.2658953466697
12830,38,6,6814.64,1135.7733333333333,172,2,Loyal Customers,0.9992089377675883,1.8086457772513518,983.2223023272558,1743.3212818330624
12831,262,1,215.05,215.05,262,3,At Risk / Hibernating,1.0,0.22477638140037942,416.9460280538009,91.87605380537597
12832,32,2,383.03000000000003,191.51500000000001,98,0,Potential Loyalists,0.9992487936483063,0.9838741266812107,277.6078853375036,267.7586477761471
12833,145,1,417.38,417.38,145,3,At Risk / Hibernating,1.0,0.3477004125556604,416.9460280538009,142.12058357963045
12834,283,1,312.38,312.38,283,3,At Risk / Hibernating,1.0,0.21196658521344985,416.9460280538009,86.64012072799322
12836,59,4,2612.86,653.215,312,2,Loyal Customers,0.9992507686005638,0.9056581373208257,540.6647444579672,480.02548406029257
12837,173,1,134.1,134.1,173,3,At Risk / Hibernating,1.0,0.3074612026474286,416.9460280538009,125.67302235592369
12838,34,2,683.13,341.565,374,0,Potential Loyalists,0.9994131201506758,0.371735708564494,359.4006181123196,130.97394864358975
12839,3,14,5591.42,399.38714285714286,367,1,Champions,0.9998046251801666,2.853442922092,400.60415556185205,1120.6156927990894
12840,144,4,2726.77,681.6925,227,2,Loyal Customers,0.9950481168919649,1.1617259742564128,566.2400182833588,644.8761355261945
12841,5,25,4022.35,160.894,372,1,Champions,0.9998513654894556,4.872582958095534,174.38143326711094,832.9742762115993
12842,70,2,1118.99,559.495,309,2,Loyal Customers,0.9992588700545436,0.43576791502828843,597.6621882844332,255.31885612625007
12843,66,8,1702.26,212.7825,264,2,Loyal Customers,0.9985256708268921,2.1121695098810247,256.54114787968035,531.1998142128158
12844,29,2,325.96000000000004,162.98000000000002,130,0,Potential Loyalists,0.999320873916229,0.8256866945074341,294.16409035120785,238.10966524079618
12845,267,4,354.09000000000003,88.52250000000001,290,3,At Risk / Hibernating,0.9326821251891765,0.8947758115266695,186.03199089883955,163.18259631289155
12847,22,1,871.54,871.54,22,0,Potential Loyalists,1.0,0.8179731769372953,416.9460280538009,334.34223777226634
12849,31,2,1050.89,525.445,269,2,Loyal Customers,0.9993925029846213,0.48756279063843805,384.36192581080525,183.714233189276
12851,97,1,135.18,135.18,97,3,At Risk / Hibernating,1.0,0.45099275193784377,416.9460280538009,184.34078538192955
12852,295,1,311.55,311.55,295,3,At Risk / Hibernating,1.0,0.20495835604064036,416.9460280538009,83.77554608371102
12853,135,6,1957.1000000000001,326.18333333333334,316,2,Loyal Customers,0.9985087295427241,0.66153397496877,636.7661613039395,412.9562423093288
12854,79,3,1324.5,441.5,318,2,Loyal Customers,0.9991620603042065,0.6568348710566124,448.76175226346567,288.9641324789373
12855,373,1,38.1,38.1,373,3,At Risk / Hibernating,1.0,0.16870268363576454,416.9460280538009,68.95624331496865
12856,8,6,2179.93,363.32166666666666,64,1,Champions,0.9995606546260001,3.9713589930651345,368.5237847967537,1434.7536723079802
12857,211,2,1106.4,553.2,303,2,Loyal Customers,0.9976628019035397,0.44210888522205694,365.15488071959305,158.26257079643142
12863,52,1,521.2,521.2,52,3,At Risk / Hibernating,1.0,0.6150693878726767,416.9460280538009,251.4062834017911
12864,138,1,147.12,147.12,138,3,At Risk / Hibernating,1.0,0.35946162723961156,416.9460280538009,146.9279175068071
12865,26,2,1568.23,784.115,124,2,Loyal Customers,0.9993355909347815,0.8558095069461082,495.4108813922645,415.6375220507665
12866,283,1,559.12,559.12,283,3,At Risk / Hibernating,1.0,0.21136431258897512,416.9460280538009,86.3939451434604
12867,26,7,4036.82,576.6885714285714,360,1,Champions,0.9995516951054286,1.4315126417697164,580.5603133947417,814.7315159406676
12868,186,6,1607.0600000000002,267.84333333333336,374,2,Loyal Customers,0.9925143168022396,1.177541607670463,306.49487815757806,353.8110857687792
12871,84,2,380.64,190.32,207,3,At Risk / Hibernating,0.9990118902028552,0.5951112361703793,339.2191352922673,197.9021194889622
12872,327,2,599.97,299.985,365,3,At Risk / Hibernating,0.9935685153165386,0.37637463616945754,326.6576631479785,120.52718793476076
12873,282,1,374.0,374.0,282,3,At Risk / Hibernating,1.0,0.21196658521344985,416.9460280538009,86.64012072799322
12875,143,2,343.2300000000001,171.61500000000004,363,3,At Risk / Hibernating,0.9989366842906428,0.3810423433162979,247.23867915337004,92.35522699531057
12876,58,2,2218.02,1109.01,196,2,Loyal Customers,0.999207331436893,0.619939264816292,913.2368485916717,555.0147658055905
12877,4,12,1535.77,127.98083333333334,359,1,Champions,0.9997769185867774,2.4920903212177334,153.84665422985847,375.85807649537816
12878,236,2,854.99,427.495,266,3,At Risk / Hibernating,0.9952933306580899,0.48846222278672513,473.68692368390623,226.82674922948632
12879,45,3,573.22,191.07333333333335,92,2,Loyal Customers,0.9988990749872917,1.5885040382064335,290.2074709506897,451.927962256298
12881,276,1,298.0,298.0,276,3,At Risk / Hibernating,1.0,0.21628055408770347,416.9460280538009,88.40343152363323
12882,9,2,1463.04,731.52,34,0,Potential Loyalists,0.9993969918953144,1.61138528753028,682.1473248313522,1077.5813308805682
12883,25,4,703.47,175.8675,89,2,Loyal Customers,0.9993117955367453,1.0399994958206848,414.5879681580003,422.6900463128876
12884,88,1,309.05,309.05,88,3,At Risk / Hibernating,1.0,0.47398174500857093,416.9460280538009,193.73741798726365
12885,63,3,1175.22,391.74,124,2,Loyal Customers,0.9989469798815787,0.8554767087981665,469.0964445252947,393.40731434562053
12886,68,2,1378.4,689.2,220,2,Loyal Customers,0.9991739412956467,0.5704037293579074,503.0539830094697,281.29945219072044
12888,214,2,354.12,177.06,255,3,At Risk / Hibernating,0.9963438361583561,0.5055810590018812,261.96608160489103,129.839776867036
12890,24,1,380.46999999999997,380.46999999999997,24,0,Potential Loyalists,1.0,0.8003708770294453,416.9460280538009,327.14737958121214
12891,186,3,331.0,110.33333333333333,293,3,At Risk / Hibernating,0.9966276149927368,0.7023596321848412,244.80334783306762,168.55778680636968
12893,31,1,188.14,188.14,31,0,Potential Loyalists,1.0,0.7518339371168964,416.9460280538009,307.3081333353372
12895,42,2,372.8,186.4,87,0,Potential Loyalists,0.9990927581258845,1.059902162378207,272.8834787185303,283.5405840923736
12897,205,2,216.5,108.25,302,3,At Risk / Hibernating,0.9978004227074007,0.44336506090835043,264.8940129796995,115.1344981405754
12901,9,28,17654.54,630.5192857142857,271,1,Champions,0.9997863193745063,6.058405798666548,767.9844076818158,4561.240825638498
12902,265,1,138.68,138.68,265,3,At Risk / Hibernating,1.0,0.2234261478566501,416.9460280538009,91.32415332651593
12904,18,2,509.58,254.79,172,0,Potential Loyalists,0.9994130720425366,0.6818274990720897,346.7236912608222,231.75549089495672
12906,12,5,2919.81,583.962,78,1,Champions,0.9994128866706883,1.1179602774346968,678.4620105772558,743.573916038906
12908,176,2,750.0,375.0,313,3,At Risk / Hibernating,0.9984210312116839,0.4308308811496735,423.89823574729667,179.0359686532411
12909,40,5,2178.67,435.73400000000004,253,2,Loyal Customers,0.999356125056709,1.068914319889988,422.7995357413986,443.04659953647183
12910,23,8,3075.04,384.38,242,1,Champions,0.9994988912259198,1.6907829520250848,460.75372800788926,763.7105950380659
12912,3,5,1662.3,332.46,41,1,Champions,0.9996144102972724,3.9844794191622177,354.3086402729459,1383.968228187279
12913,5,5,2483.63,496.726,368,1,Champions,0.9996313965950789,0.9936904810724999,494.04163392580733,481.26758599532394
12915,149,2,363.65,181.825,373,3,At Risk / Hibernating,0.9989255208301567,0.37239695033509246,300.130789619745,109.56919915001028
12916,139,4,3006.15,751.5375,321,2,Loyal Customers,0.9979016834674069,0.8835088698685599,634.8056636840148,549.8239433993655
12917,128,1,594.0,594.0,128,3,At Risk / Hibernating,1.0,0.37771369014749023,416.9460280538009,154.38835155991666
12919,8,6,1335.19,222.53166666666667,170,1,Champions,0.9996096980216415,2.202557988385229,261.9280746190315,565.5638456727626
12920,17,1,164.23,164.23,17,0,Potential Loyalists,1.0,0.8655634485010557,416.9460280538009,353.79454187048543
12921,9,37,16587.09,448.29972972972973,373,1,Champions,0.9998018747809632,4.646737549132586,723.0876139028148,3293.9057306992954
12922,161,1,405.38,405.38,161,3,At Risk / Hibernating,1.0,0.323506596540059,416.9460280538009,132.2314907245807
12923,64,1,176.97,176.97,64,3,At Risk / Hibernating,1.0,0.5595498093719844,416.9460280538009,228.7129310090923
12924,88,4,933.7,233.425,328,2,Loyal Customers,0.9989725163582376,0.8688216593786424,326.83884203307866,278.37885098569177
12925,5,2,694.05,347.025,75,0,Potential Loyalists,0.9994635549787226,1.1493003957796277,374.82536699538014,422.3133265121563
12928,35,5,2062.7,412.53999999999996,359,2,Loyal Customers,0.9994677940628737,1.014420631107837,417.4447139391708,415.1346456482794
12929,312,1,117.85,117.85,312,3,At Risk / Hibernating,1.0,0.19578783183211276,416.9460280538009,80.02714551866629
12930,78,2,415.8,207.9,171,3,At Risk / Hibernating,0.9989559553698028,0.6843558089877476,314.0961910036896,210.72527604896888
12931,22,15,42055.96,2803.730666666667,358,1,Champions,0.9996268503240908,2.4975652634416345,3482.418843505641,8526.482463510616
12933,24,3,607.53,202.51,284,0,Potential Loyalists,0.9994584045731573,0.7223653132198803,310.4453510433342,219.84367601732617
12935,2,7,2160.7,308.6714285714285,319,1,Champions,0.9996704256323771,1.351103268207848,359.2591059085135,475.84809000413645
12936,17,4,1063.9,265.975,78,2,Loyal Customers,0.9993720948570916,1.7298389402952041,237.36025612244157,402.5186694502413
12937,15,4,1504.27,376.0675,267,2,Loyal Customers,0.9995320742606804,1.0245532540729692,425.58921641211157,427.46163874641366
12938,26,1,114.14,114.14,26,0,Potential Loyalists,1.0,0.7918508048730493,416.9460280538009,323.66483987382634
12939,64,8,11581.8,1447.725,335,1,Champions,0.9991243054516313,1.3001018648061005,1643.7812066750637,2095.045111201075
12940,55,2,913.54,456.77,88,2,Loyal Customers,0.9988932382707436,1.0528955929921233,479.44118629117963,494.8719661105448
12942,131,3,683.9,227.96666666666667,366,2,Loyal Customers,0.9987757867535214,0.5854713536435017,287.81595124570504,165.19328153814075
12944,36,2,604.51,302.255,355,0,Potential Loyalists,0.9994036435331977,0.38843101758499565,371.0476889755168,141.2913139535037
12945,288,1,462.95,462.95,288,3,At Risk / Hibernating,1.0,0.20840356862522524,416.9460280538009,85.18375752967816
12947,144,6,1603.99,267.33166666666665,373,2,Loyal Customers,0.9968883958337034,1.1827311147310586,289.6572325800531,335.84767996362376
12948,16,7,2064.95,294.99285714285713,265,1,Champions,0.9995905318302305,1.8442833142818384,304.1077128325906,549.8283920994453
12949,31,8,4167.22,520.9025,252,1,Champions,0.9994338558533479,1.352534071101437,603.7940916779218,800.5880864355131
12950,2,3,1843.0,614.3333333333334,24,0,Potential Loyalists,0.9995282532420849,2.7351280367057984,637.3032264952835,1708.8207308739397
12951,9,6,1064.07,177.345,331,1,Champions,0.9996401485665205,1.3138138399787023,220.79335450617072,284.37526631642817
12952,6,4,1387.79,346.9475,78,0,Potential Loyalists,0.999510790573202,1.730079012288223,360.8252251984079,611.9771211583308
12953,10,1,329.85,329.85,10,0,Potential Loyalists,1.0,0.9544090839250546,416.9460280538009,390.10979344052834
12955,1,11,4757.16,432.4690909090909,268,1,Champions,0.9997745749885434,2.8992444485692768,427.1454133156403,1214.0392764467738
12956,306,1,108.07,108.07,306,3,At Risk / Hibernating,1.0,0.19839872104602566,416.9460280538009,81.09433189112764
12957,10,8,4017.54,502.1925,340,1,Champions,0.9996593031906019,1.5053568941487816,570.7673532046009,842.3073755187628
12962,7,2,266.39,133.195,113,0,Potential Loyalists,0.9994528217813587,0.902949599544417,268.6578364346978,237.81275673318464
12963,8,8,1856.63,232.07875,366,1,Champions,0.9996678018650224,1.415184639227651,275.8718327460965,382.72994755796753
12965,89,1,771.91,771.91,89,3,At Risk / Hibernating,1.0,0.4709807600913632,416.9460280538009,192.51078080038636
12966,10,1,160.18,160.18,10,0,Potential Loyalists,1.0,0.9544090839250546,416.9460280538009,390.10979344052834
12967,358,2,1660.9,830.45,372,2,Loyal Customers,0.9891368091194621,0.36958588520390306,359.47450912493304,130.24327179032375
12968,112,1,135.95,135.95,112,3,At Risk / Hibernating,1.0,0.4111133059469782,416.9460280538009,168.04026903462932
12970,7,4,452.24,113.06,322,0,Potential Loyalists,0.9994735672953461,0.42025357022126636,422.2541607166471,173.96312427776044
12971,4,86,11189.91,130.11523255813952,372,1,Champions,0.9999264047454136,14.451973737804563,163.43175973424178,2315.4520001597057
12974,198,1,144.8,144.8,198,3,At Risk / Hibernating,1.0,0.27971447385806925,416.9460280538009,114.33169737335649
12976,212,1,738.6,738.6,212,3,At Risk / Hibernating,1.0,0.26572594996969207,416.9460280538009,108.61396456244529
12977,156,1,39.239999999999995,39.239999999999995,156,3,At Risk / Hibernating,1.0,0.3306974405473046,416.9460280538009,135.1707096385539
12980,158,9,7374.900000000001,819.4333333333334,359,2,Loyal Customers,0.9858924515424663,1.834134389801256,760.6329936147353,1367.6605870459252
12981,30,2,372.21999999999997,186.10999999999999,133,0,Potential Loyalists,0.999324006462346,0.8134238501920289,309.84745777841545,247.07961446049814
12982,243,1,390.54,390.54,243,3,At Risk / Hibernating,1.0,0.23923404042787236,416.9460280538009,97.78554201937808
12984,19,1,97.5,97.5,19,0,Potential Loyalists,1.0,0.8556074605824519,416.9460280538009,349.72507746716883
12985,1,2,1239.38,619.69,29,0,Potential Loyalists,0.999490649683989,1.6946477764113104,448.3746336755065,744.8914758119182
12987,74,2,558.7,279.35,198,3,At Risk / Hibernating,0.9990849832039235,0.6175326623966579,341.879211746352,206.96866220982588
12988,292,1,535.32,535.32,292,3,At Risk / Hibernating,1.0,0.20609403354496764,416.9460280538009,84.23974793284941
12989,3,15,6924.11,461.6073333333333,364,1,Champions,0.9997882643585662,2.665376066387393,547.4596485862457,1430.4828758978942
12990,31,3,409.5,136.5,310,0,Potential Loyalists,0.9994354102306094,0.6708841203320637,252.06952395125097,165.78291172115425
12991,23,2,503.76,251.88,112,0,Potential Loyalists,0.9993471400840681,0.9078435170023567,316.84863122354113,281.990812739642
12993,23,4,414.76,103.69,298,0,Potential Loyalists,0.9994967001675183,0.9379715909810851,191.52012344036262,176.10677312632964
12994,4,3,974.42,324.8066666666667,269,0,Potential Loyalists,0.9995411595643185,0.7545836474150959,349.94807547018826,258.8707287860276
12995,85,1,211.32,211.32,85,3,At Risk / Hibernating,1.0,0.48321863399917936,416.9460280538009,197.5129490548465
12997,22,4,1226.89,306.7225,317,2,Loyal Customers,0.999508191881607,0.8918093526480231,337.8415154529388,295.36360720337467
12999,196,3,455.88,151.96,246,3,At Risk / Hibernating,0.9929826614917912,0.8045475561482583,196.34111233179277,154.8584611923783
13000,107,3,534.85,178.28333333333333,365,2,Loyal Customers,0.9990193153681393,0.5869666633453365,258.7354507379322,148.88167462909817
13001,4,13,9818.82,755.2938461538462,327,1,Champions,0.9997793195162868,2.921760568303951,721.5347604687793,2066.6835328790166
13002,318,1,120.95,120.95,318,3,At Risk / Hibernating,1.0,0.19224594434773853,416.9460280538009,78.57941882664375
13003,106,3,149.05,49.68333333333334,215,3,At Risk / Hibernating,0.9983560132279109,0.8975191876458458,181.93512837574235,160.0782453531299
13004,12,18,5655.91,314.21722222222223,358,1,Champions,0.999754542175838,3.553862987253904,337.003798785252,1174.1067018956396
13005,174,2,513.7,256.85,246,3,At Risk / Hibernating,0.9978192542869623,0.5207982629471473,313.0848077685429,159.8466102435493
13006,56,1,81.57,81.57,56,3,At Risk / Hibernating,1.0,0.5953778621337587,416.9460280538009,243.3574693926252
13008,323,1,229.47,229.47,323,3,At Risk / Hibernating,1.0,0.18979348234935203,416.9460280538009,77.57698871983051
13011,372,1,50.550000000000004,50.550000000000004,372,3,At Risk / Hibernating,1.0,0.16870268363576454,416.9460280538009,68.95624331496865
13012,9,8,1661.8400000000001,207.73000000000002,295,1,Champions,0.9996718297894835,1.9398314109967387,216.82577150405274,412.33192277577035
13013,1,13,4810.9400000000005,370.07230769230773,372,1,Champions,0.9997891679960904,2.4184911311252657,309.7722788738507,734.4446802078367
13014,11,10,3466.28,346.62800000000004,281,1,Champions,0.9996901253097208,2.5260018775094943,338.0885218975764,837.2134890001078
13015,53,5,3346.28,669.2560000000001,249,2,Loyal Customers,0.999210761333257,1.0822034126699887,760.4157173607557,806.7370443656232
13016,73,3,789.89,263.2966666666667,123,2,Loyal Customers,0.9987798306548012,0.8553335657953031,392.79011943702847,329.3579637604364
13017,7,1,204.0,204.0,7,0,Potential Loyalists,1.0,0.9795455375880102,416.9460280538009,400.3842069411168
13018,16,28,7277.7,259.91785714285714,296,1,Champions,0.9996613505113555,4.900202676559714,368.57223487486334,1770.5526487611967
13021,4,9,2616.38,290.7088888888889,359,1,Champions,0.9997097611082786,1.6491432740180307,360.6603668912666,583.0808942936288
13023,64,2,689.9,344.95,130,2,Loyal Customers,0.9989608526513617,0.8295588048298881,387.64545768381606,315.24917693678503
13026,1,5,975.36,195.072,276,1,Champions,0.9996424070717876,1.2623614174440847,266.5624302015618,329.87900244951265
13027,114,6,6912.0,1152.0,355,2,Loyal Customers,0.9980464130411978,1.2372932665050318,966.3502220002695,1172.1391425227225
13028,23,2,661.3199999999999,330.65999999999997,45,0,Potential Loyalists,0.9992463831511851,1.4414755166912068,365.4227356403169,516.3869248213298
13029,31,3,1247.5,415.8333333333333,353,2,Loyal Customers,0.999453604612684,0.602529701586574,426.7736714884414,252.08555324515726
13030,11,2,799.48,399.74,368,0,Potential Loyalists,0.9994663780844361,0.3760094185060019,396.0690331217509,145.99616048857865
13032,52,2,1010.1800000000001,505.09000000000003,87,2,Loyal Customers,0.9989317985554104,1.0529362379301752,461.7119614522367,476.5905245737258
13033,357,1,190.55,190.55,357,3,At Risk / Hibernating,1.0,0.17464368592808965,416.9460280538009,71.3845945206428
13034,55,2,642.77,321.385,369,2,Loyal Customers,0.9993523288985404,0.3751080594784991,444.6385193502383,163.5066049523956
13035,74,2,921.88,460.94,261,2,Loyal Customers,0.9991946849926024,0.49932109816231735,496.3483736147979,242.96203512885273
13037,138,3,881.07,293.69,256,2,Loyal Customers,0.997886350003731,0.781152603827261,352.73765525816907,270.1218208209425
13038,80,3,908.46,302.82,291,2,Loyal Customers,0.9990955632643138,0.7080217941863999,315.683316262442,219.11402821712932
13040,9,2,676.99,338.495,33,0,Potential Loyalists,0.9994086624075275,1.6114041045687848,396.9926707794192,627.1326889641182
13043,273,1,516.42,516.42,273,3,At Risk / Hibernating,1.0,0.21754555784720792,416.9460280538009,88.92049478434917
13044,291,1,560.47,560.47,291,3,At Risk / Hibernating,1.0,0.20666660502882092,416.9460280538009,84.47378333598954
13045,99,1,305.28000000000003,305.28000000000003,99,3,At Risk / Hibernating,1.0,0.4429365425240585,416.9460280538009,181.04785143984927
13046,31,2,629.31,314.655,266,0,Potential Loyalists,0.9993954674133027,0.49047543715871483,423.7088900274747,203.7308187158523
13047,32,10,3237.54,323.754,374,1,Champions,0.9995236816527726,1.5928798451271005,411.1027771462651,641.9562295725892
13048,14,4,1835.91,458.9775,327,2,Loyal Customers,0.999549083379905,0.8693231085259465,442.74503230962864,377.3174206432715
13049,64,2,656.6800000000001,328.34000000000003,318,2,Loyal Customers,0.9992914548589225,0.42452038213913695,456.6411907116378,190.04020160279876
13050,15,17,5836.86,343.3447058823529,367,1,Champions,0.999725932894421,3.4802376338238337,349.2348330569807,1191.5123106619994
13052,212,1,348.15000000000003,348.15000000000003,212,3,At Risk / Hibernating,1.0,0.2647801176124813,416.9460280538009,108.22736075955052
13055,78,3,1214.41,404.80333333333334,214,2,Loyal Customers,0.9990800026254626,0.5824870660872787,625.9670643036782,357.4454018821566
13058,25,3,271.40000000000003,90.46666666666668,152,0,Potential Loyalists,0.9993851133026901,1.1557662585595085,224.2211141765614,254.04967345408392
13059,250,1,183.4,183.4,250,3,At Risk / Hibernating,1.0,0.2339669600512075,416.9460280538009,95.63265198612173
13060,254,1,307.53000000000003,307.53000000000003,254,3,At Risk / Hibernating,1.0,0.23106003589612162,416.9460280538009,94.44446280287912
13061,72,1,248.61,248.61,72,3,At Risk / Hibernating,1.0,0.5277891125744973,416.9460280538009,215.73090573137534
13062,191,1,346.98,346.98,191,3,At Risk / Hibernating,1.0,0.2861708176423465,416.9460280538009,116.97069277941594
13064,13,4,1119.49,279.8725,327,2,Loyal Customers,0.9995580024103621,0.8693308655429964,336.60512513846624,286.865129169537
13065,373,1,205.86,205.86,373,3,At Risk / Hibernating,1.0,0.16832095589037088,416.9460280538009,68.8002142525221
13066,24,2,470.8,235.4,32,0,Potential Loyalists,0.9991637624684098,1.6269676524723926,371.70808990074966,592.8617387648719
13067,82,1,115.46000000000001,115.46000000000001,82,3,At Risk / Hibernating,1.0,0.49282269798453576,416.9460280538009,201.43856115989064
13068,10,2,344.0,172.0,320,0,Potential Loyalists,0.9994657755578148,0.42350000334538346,307.0580720522572,127.48109590915676
13069,1,24,4436.12,184.83833333333334,370,1,Champions,0.9998611079273931,4.073159915894919,227.59378336524733,908.7908562261083
13070,192,1,228.8,228.8,192,3,At Risk / Hibernating,1.0,0.2850741416717793,416.9460280538009,116.52243243619067
13072,267,1,177.15,177.15,267,3,At Risk / Hibernating,1.0,0.22209203923416623,416.9460280538009,90.77884382303202
13075,130,1,919.61,919.61,130,3,At Risk / Hibernating,1.0,0.3758054953050638,416.9460280538009,153.60838699821088
13077,1,4,729.27,182.3175,366,0,Potential Loyalists,0.9995534899838777,0.5845801780304619,284.78311251811544,163.2037702064831
13078,3,26,12627.94,485.69,367,1,Champions,0.9998627903124133,5.135489581155715,500.6661121425551,2520.589733629555
13079,4,5,220.10000000000002,44.02,140,0,Potential Loyalists,0.9996129232484438,2.0777818815905484,132.07012560225346,269.015199360712
13080,179,1,58.08,58.08,179,3,At Risk / Hibernating,1.0,0.300020934317706,416.9460280538009,122.63185288017826
13081,12,11,28337.38,2576.1254545454544,371,1,Champions,0.9996873809100225,1.8048495329705188,2886.576601074169,5107.3555731357455
13082,126,9,3613.63,401.51444444444445,338,2,Loyal Customers,0.9963407075942451,1.5040459802922206,519.1760236693385,765.5044954863522
13083,4,2,303.75,151.875,76,0,Potential Loyalists,0.9994637508923241,1.141316768057469,275.82064646991546,308.6066078505615
13085,158,2,416.08,208.04,295,3,At Risk / Hibernating,0.9985726958540262,0.4510229334091247,288.11426369348044,127.3899751287885
13089,3,97,58825.83,606.4518556701031,370,1,Champions,0.9999343297089688,13.52385388055366,885.3171251464727,11737.388985790065
13090,9,14,8910.82,636.4871428571429,373,1,Champions,0.9997550688094673,2.6169386326156463,701.5466876811013,1799.7913672297925
13091,28,1,345.82,345.82,28,0,Potential Loyalists,1.0,0.7673453072359011,416.9460280538009,313.6483326845508
13092,71,5,477.83,95.566,360,2,Loyal Customers,0.9991653225797152,1.0141136344095338,150.6709901853851,149.79185685006541
13093,276,8,7832.47,979.05875,373,2,Loyal Customers,0.8160312745656259,1.1343093965973603,1049.34961077383,1166.8733162743083
13094,21,12,1927.3200000000002,160.61,369,1,Champions,0.9996325627756699,2.43471235794943,179.98071252689437,429.5815982631743
13095,71,1,74.39999999999999,74.39999999999999,71,3,At Risk / Hibernating,1.0,0.535386395375701,416.9460280538009,218.8362567774073
13097,33,10,6010.42,601.042,360,1,Champions,0.9995044434302617,1.8507890479290958,675.5233262684967,1225.6579519157794
13098,1,28,28882.44,1031.5157142857142,317,1,Champions,0.9998804631168018,6.020576484054942,1097.616778332995,6478.299068351466
13099,99,1,207.36,207.36,99,3,At Risk / Hibernating,1.0,0.4429365425240585,416.9460280538009,181.04785143984927
13101,234,1,101.19,101.19,234,3,At Risk / Hibernating,1.0,0.24555161293703237,416.9460280538009,100.36781497798975
13102,1,24,6424.09,267.67041666666665,365,1,Champions,0.9998546075447263,4.110672297861618,326.95480963693035,1317.5669221318492
13103,40,1,243.94,243.94,40,3,At Risk / Hibernating,1.0,0.6891462926528363,416.9460280538009,281.68485775936074
13104,3,6,1098.48,183.08,355,1,Champions,0.9996666613154601,1.2393019128501477,240.47430927331135,292.1579946049591
13106,133,1,76.5,76.5,133,3,At Risk / Hibernating,1.0,0.3683617011303699,416.9460280538009,150.56577550814916
13107,44,4,1531.6200000000001,382.90500000000003,334,2,Loyal Customers,0.9993878136181206,0.856209197490752,348.27040773656796,292.3266393177282
13108,373,1,350.06,350.06,373,3,At Risk / Hibernating,1.0,0.16870268363576454,416.9460280538009,68.95624331496865
13109,60,2,786.54,393.27,157,2,Loyal Customers,0.9991149578476689,0.7268734692639327,416.82778947784584,297.02124233813737
13110,31,7,1488.67,212.66714285714286,311,2,Loyal Customers,0.9994749719015045,1.3792787750418407,276.2224750115493,373.49352302336206
13113,1,24,12245.960000000001,510.2483333333334,366,1,Champions,0.9998761240692808,4.721859774500074,533.507065622215,2469.5929021570078
13115,12,4,2294.78,573.695,184,2,Loyal Customers,0.9995342426711994,1.3607088724275893,456.6526227790263,609.1486552721267
13116,138,1,501.14,501.14,138,3,At Risk / Hibernating,1.0,0.35946162723961156,416.9460280538009,146.9279175068071
13117,22,8,984.91,123.11375,372,2,Loyal Customers,0.999605008805326,1.5966217479398421,155.3734246609111,243.1928317408642
13118,20,5,1197.81,239.56199999999998,289,2,Loyal Customers,0.9995156466612168,0.9642653870099182,358.3775984626451,338.77347902817803
13120,239,1,30.6,30.6,239,3,At Risk / Hibernating,1.0,0.24235166221690915,416.9460280538009,99.05985274143755
13121,269,1,283.73,283.73,269,3,At Risk / Hibernating,1.0,0.22012048426804184,416.9460280538009,89.97298166620061
13122,94,2,922.39,461.195,240,2,Loyal Customers,0.99901228392449,0.5315470280330633,233.03775016671997,121.43388475634094
13124,90,3,3866.33,1288.7766666666666,359,2,Loyal Customers,0.9991428260049918,0.5938976712618711,978.0584535750104,569.4404419132
13126,5,8,2099.64,262.455,367,1,Champions,0.9996883776457665,1.4119603460265664,329.6542621101347,456.3028423947319
13127,78,1,259.17,259.17,78,3,At Risk / Hibernating,1.0,0.5097069171828498,416.9460280538009,208.33989986882636
13130,94,1,64.0,64.0,94,3,At Risk / Hibernating,1.0,0.4565283672980163,416.9460280538009,186.6034395964469
13131,23,3,1073.3,357.76666666666665,188,2,Loyal Customers,0.9994211670067017,0.9932504956733997,389.9373177762599,379.68692665291724
13132,262,1,77.3,77.3,262,3,At Risk / Hibernating,1.0,0.22545763665263796,416.9460280538009,92.15451311587614
13133,274,2,109.8,54.9,304,3,At Risk / Hibernating,0.9943818624098735,0.4382919266806888,250.92399340746653,107.8145869229521
13134,86,4,1793.58,448.395,240,2,Loyal Customers,0.9986551344410425,1.1131071827209789,427.1593120735972,466.121237632364
13135,197,1,3096.0,3096.0,197,2,Loyal Customers,1.0,0.2807702237766985,416.9460280538009,114.76322940553919
13136,56,5,2607.61,521.522,213,2,Loyal Customers,0.9990804946535088,1.2245533053892148,604.7601786633842,725.993863025493
13137,11,8,3650.41,456.30125,309,1,Champions,0.9996672336769933,1.8677856673661148,479.8775278671051,878.6775006361055
13138,22,6,962.39,160.39833333333334,372,2,Loyal Customers,0.9995691263289074,1.1886008085510567,203.56481473885842,237.1978180780956
13139,16,7,5064.9400000000005,723.5628571428572,260,1,Champions,0.9995720274398768,1.5981090098935444,833.9068362688013,1306.4596639501092
13140,108,3,423.72,141.24,366,3,At Risk / Hibernating,0.9990064677907263,0.584260256851392,236.97167366046918,135.72962553182003
13141,85,5,2388.75,477.75,315,2,Loyal Customers,0.998989860806494,0.8959895965250666,564.1945725592217,495.56864105588795
13142,19,1,307.09000000000003,307.09000000000003,19,0,Potential Loyalists,1.0,0.8458779098923013,416.9460280538009,345.74816836534876
13144,333,1,110.95,110.95,333,3,At Risk / Hibernating,1.0,0.18553319215907066,416.9460280538009,75.83561899017326
13145,40,4,618.52,154.63,372,2,Loyal Customers,0.9994400772588564,0.7805267612431961,194.3194071426443,148.68798514524343
13146,26,1,228.91,228.91,26,0,Potential Loyalists,1.0,0.7835102225248187,416.9460280538009,320.25566588018444
13147,10,4,712.8,178.2,100,0,Potential Loyalists,0.9995030748167404,2.049216223898148,259.25510661032433,520.8197666521864
13148,29,12,3707.12,308.9266666666667,364,1,Champions,0.9995303913300532,1.4182580459362133,541.9983520132708,753.5727798786127
13149,14,4,1676.06,419.015,289,2,Loyal Customers,0.9995423072287507,0.9615973718311188,428.58536226155206,404.01972846493106
13151,296,1,1257.8700000000001,1257.8700000000001,296,3,At Risk / Hibernating,1.0,0.20439519800391076,416.9460280538009,83.54535837633952
13153,6,1,486.22,486.22,6,0,Potential Loyalists,1.0,1.0060419152691307,416.9460280538009,411.2144841588212
13155,33,4,971.76,242.94,369,2,Loyal Customers,0.9994694259045893,0.7876946852761493,258.7893595792414,199.83715375883563
13157,49,4,1741.22,435.305,298,2,Loyal Customers,0.999320182245555,0.9378059388122756,487.18306089387727,447.8959340427366
13158,95,4,1201.06,300.265,319,2,Loyal Customers,0.9988610369375327,0.8889288612501302,343.43768209961,299.2863395022797
13159,9,4,1437.85,359.4625,116,0,Potential Loyalists,0.9995342312732974,1.8710528426466257,352.0540021746434,645.7547849771167
13160,22,1,91.8,91.8,22,0,Potential Loyalists,1.0,0.8179731769372953,416.9460280538009,334.34223777226634
13161,313,1,112.75,112.75,313,3,At Risk / Hibernating,1.0,0.19476261637545175,416.9460280538009,79.60809443461496
13162,122,4,1688.29,422.0725,335,2,Loyal Customers,0.998439782737458,0.8532742882673834,341.128153007333,285.3501807153351
13165,46,2,1021.48,510.74,351,2,Loyal Customers,0.999370488932567,0.39119282240370745,532.351769510708,204.1556538897268
13166,283,1,417.2,417.2,283,3,At Risk / Hibernating,1.0,0.21136431258897512,416.9460280538009,86.3939451434604
13167,19,4,791.33,197.8325,144,2,Loyal Customers,0.9994482485103968,1.6237593104623937,248.31245213776864,395.2686428152245
13168,36,4,1319.19,329.7975,318,2,Loyal Customers,0.9994291584014342,0.8894344566705963,281.58455576548886,245.52443731629563
13169,64,2,712.88,356.44,252,2,Loyal Customers,0.9992409378072878,0.5117905786958413,320.3030360632206,160.7034669066088
13170,27,1,116.00999999999999,116.00999999999999,27,0,Potential Loyalists,1.0,0.7835102225248187,416.9460280538009,320.25566588018444
13171,22,3,468.41,156.13666666666668,299,0,Potential Loyalists,0.9994762552886015,0.6909677099730832,257.1432104059477,174.18258558885088
13173,4,2,353.65000000000003,176.82500000000002,367,0,Potential Loyalists,0.9994820049623933,0.3768778002087911,311.08051405140264,114.93311769841671
13174,16,3,2817.03,939.0100000000001,369,2,Loyal Customers,0.9995071928974885,0.5805490255155,596.1261223542393,339.27270501743
13176,46,1,492.84,492.84,46,3,At Risk / Hibernating,1.0,0.647176515107259,416.9460280538009,264.5299144689541
13177,65,1,282.45,282.45,65,3,At Risk / Hibernating,1.0,0.5595498093719844,416.9460280538009,228.7129310090923
13178,26,11,5725.47,520.4972727272727,361,1,Champions,0.9995705358748412,2.270278247991515,492.7170178737533,1096.6011351803886
13182,45,1,121.18,121.18,45,3,At Risk / Hibernating,1.0,0.652856463211683,416.9460280538009,266.8515656011271
13183,8,9,3957.78,439.75333333333333,335,1,Champions,0.999708165379611,1.9705966580596288,416.6374502002352,804.8743525309469
13184,15,10,1701.29,170.129,290,1,Champions,0.9996448209517499,2.2119792742006745,215.44821694068645,467.19270343246507
13185,268,1,71.4,71.4,268,3,At Risk / Hibernating,1.0,0.22143094177008768,416.9460280538009,90.50862390071362
13186,40,3,1575.89,525.2966666666667,129,2,Loyal Customers,0.9991724497915649,1.2904530722870904,339.1214730540951,429.01224280866586
13187,337,1,236.02,236.02,337,3,At Risk / Hibernating,1.0,0.18324799031863503,416.9460280538009,74.90155556358185
13188,11,1,114.6,114.6,11,0,Potential Loyalists,1.0,0.9305304735307653,416.9460280538009,380.34951849305605
13189,19,2,260.68,130.34,115,0,Potential Loyalists,0.9993852771249404,0.8930721525991008,286.12844272949366,250.50690313383157
13192,95,2,911.94,455.97,205,2,Loyal Customers,0.9988917819423888,0.5993837289652367,431.1118458536861,253.3184725308624
13193,61,1,117.88,117.88,61,3,At Risk / Hibernating,1.0,0.5724683349113175,416.9460280538009,233.99331385920004
13194,136,1,60.7,60.7,136,3,At Risk / Hibernating,1.0,0.3647493031362866,416.9460280538009,149.08922697078563
13196,11,4,1797.78,449.445,262,2,Loyal Customers,0.999511924006669,0.7682407792707405,559.6657142759985,421.50042071888583
13198,10,6,3401.2400000000002,566.8733333333333,362,1,Champions,0.9996332141840485,1.2190858754786547,568.1068970512991,678.9477044393919
13199,4,38,9817.12,258.34526315789475,367,1,Champions,0.9998857124350317,6.790412049534821,296.5241799040542,1973.9146706065226
13200,19,4,870.09,217.5225,126,2,Loyal Customers,0.9994183504000501,1.7652857688047912,248.87663024243093,430.69655321263104
13203,10,4,869.46,217.365,242,0,Potential Loyalists,0.9995603698847981,1.106950843597348,285.60342447699793,309.93011020258393
13207,15,2,250.26000000000002,125.13000000000001,151,0,Potential Loyalists,0.9994201786460468,0.7503407161812924,248.7488267236577,182.9749322544252
13208,59,6,1223.9,203.98333333333335,309,2,Loyal Customers,0.9991561459573474,1.3861344853545825,250.0001249439407,339.71725450996115
13209,30,8,5891.61,736.45125,362,1,Champions,0.999512640907038,1.218938832366363,982.693167462088,1174.2804003976034
13210,94,1,353.48,353.48,94,3,At Risk / Hibernating,1.0,0.4593474496123807,416.9460280538009,187.75572496422674
13211,10,3,1197.42,399.14000000000004,361,0,Potential Loyalists,0.9995258838636363,0.5913617871177961,496.81960926772865,288.02080475560786
13212,20,3,788.08,262.6933333333333,61,0,Potential Loyalists,0.9993202023197024,1.2640908781527775,453.736350278271,562.2820049067911
13213,57,5,1520.58,304.116,200,2,Loyal Customers,0.9990367555415068,1.283902886426455,382.0058576374789,480.81088065731353
13216,268,1,333.74,333.74,268,3,At Risk / Hibernating,1.0,0.22143094177008768,416.9460280538009,90.50862390071362
13217,122,3,533.98,177.99333333333334,157,2,Loyal Customers,0.9959706673240345,1.1262176020696957,295.3443415455445,326.0791856940292
13218,127,1,62.64,62.64,127,3,At Risk / Hibernating,1.0,0.3796413622139946,416.9460280538009,155.17627734007706
13220,78,4,819.2900000000001,204.82250000000002,237,2,Loyal Customers,0.998783935209872,1.1278519751613556,293.3194603424639,324.31349048059667
13221,240,2,847.41,423.705,359,3,At Risk / Hibernating,0.9977140527134957,0.38324382125079837,385.6827276612709,144.9029340602693
13223,200,2,163.2,81.6,232,3,At Risk / Hibernating,0.9962646045305873,0.544175707983051,253.20999661019556,135.08027067015075
13224,60,2,2155.95,1077.975,151,2,Loyal Customers,0.9990888581579022,0.7466817727049836,660.2063122734419,483.2671342275504
13225,3,7,6463.84,923.4057142857143,362,1,Champions,0.9996930992820529,1.4283855252566098,801.4971431996447,1122.3269782688565
13226,273,1,108.21000000000001,108.21000000000001,273,3,At Risk / Hibernating,1.0,0.21754555784720792,416.9460280538009,88.92049478434917
13227,202,1,257.7,257.7,202,3,At Risk / Hibernating,1.0,0.27556969454204533,416.9460280538009,112.63754140884919
13228,81,1,358.0,358.0,81,3,At Risk / Hibernating,1.0,0.49610945640804094,416.9460280538009,202.78200691206723
13229,226,1,160.95,160.95,226,3,At Risk / Hibernating,1.0,0.2530699262970115,416.9460280538009,103.44088423521646
13230,4,14,2806.97,200.49785714285713,365,1,Champions,0.9997819058206746,2.659217856192343,243.0173356105138,633.5242270231145
13232,13,7,1357.6,193.94285714285712,243,1,Champions,0.9996175992502664,1.9684750029386782,240.88959815495073,464.8577467202247
13233,74,2,605.12,302.56,336,3,At Risk / Hibernating,0.9992637691953159,0.40563961849806696,363.34455091056316,144.4876933190953
13235,212,1,1031.07,1031.07,212,3,At Risk / Hibernating,1.0,0.2647801176124813,416.9460280538009,108.22736075955052
13236,25,2,744.85,372.425,107,0,Potential Loyalists,0.9993331520462394,0.9389645297881599,365.53357215923705,336.47174574122124
13238,17,4,700.73,175.1825,360,0,Potential Loyalists,0.999541359923199,0.8024421869190024,262.99548740634054,206.88736088701518
13239,262,1,329.56,329.56,262,3,At Risk / Hibernating,1.0,0.22545763665263796,416.9460280538009,92.15451311587614
13240,96,4,663.65,165.9125,366,2,Loyal Customers,0.9989776962637481,0.7927496573588394,222.18260323928342,172.6704498550782
13242,112,3,270.40000000000003,90.13333333333334,214,3,At Risk / Hibernating,0.9987166937149958,0.5822752484742898,301.239154808947,171.95376724719927
13243,203,1,600.07,600.07,203,3,At Risk / Hibernating,1.0,0.2735430290236236,416.9460280538009,111.80915293028877
13244,93,1,121.74000000000001,121.74000000000001,93,3,At Risk / Hibernating,1.0,0.4622015646111686,416.9460280538009,188.92232977380573
13245,51,1,430.5,430.5,51,3,At Risk / Hibernating,1.0,0.6254118329543538,416.9460280538009,255.63370703390643
13246,18,6,1987.3,331.21666666666664,330,2,Loyal Customers,0.9995815217760053,1.3137367875625074,346.6337101686567,446.4277138375394
13247,18,4,501.12,125.28,83,0,Potential Loyalists,0.9993793945275599,2.2796877964093545,163.71694629102805,365.88233205971414
13248,125,2,465.68,232.84,189,3,At Risk / Hibernating,0.9983155652773422,0.6361938643395356,260.51135229406344,162.4755837505199
13249,92,3,711.41,237.13666666666666,261,2,Loyal Customers,0.9988830305761912,0.77008416991682,286.05311373529355,215.9518009447335
13253,157,2,1030.4,515.2,339,2,Loyal Customers,0.998772447433325,0.40245868874081414,480.203187358756,189.46028454315717
13255,9,2,399.51,199.755,374,0,Potential Loyalists,0.9994711522576062,0.3717572938388458,304.661232330608,111.03208949170124
13258,12,3,698.5799999999999,232.85999999999999,205,0,Potential Loyalists,0.9995019206360567,0.9280673708049543,303.23604065129314,275.88770478590465
13259,62,1,292.32,292.32,62,3,At Risk / Hibernating,1.0,0.5724683349113175,416.9460280538009,233.99331385920004
13260,61,1,557.62,557.62,61,3,At Risk / Hibernating,1.0,0.5724683349113175,416.9460280538009,233.99331385920004
13261,269,2,944.1,472.05,286,3,At Risk / Hibernating,0.9932796609514505,0.4613069802148683,270.1125657455254,122.15371796820327
13262,263,1,200.29,200.29,263,3,At Risk / Hibernating,1.0,0.22409923079679753,416.9460280538009,91.5992722480983
13263,1,35,7454.07,212.97342857142857,325,1,Champions,0.9999010166886109,7.4970981863733535,235.13390600746774,1728.1468410188454
13265,53,5,2107.66,421.532,274,2,Loyal Customers,0.9992053821274786,1.2691889419201,442.58530797294975,550.6749183091065
13266,11,12,3834.2599999999998,319.52166666666665,257,1,Champions,0.9996916042276017,3.2739315376099127,330.27641343684456,1060.0328871069642
13267,3,19,4521.49,237.97315789473683,367,1,Champions,0.9998045965534119,2.860002322920149,330.3079815297873,926.0992130045181
13268,18,11,3214.69,292.24454545454546,267,1,Champions,0.9996118054764812,2.6310458272878927,299.7445445364969,773.128782733178
13269,1,15,5346.2300000000005,356.41533333333336,370,1,Champions,0.9998005669449586,2.6349824231630627,416.296418601484,1075.3564579383633
13270,366,1,590.0,590.0,366,3,At Risk / Hibernating,1.0,0.17102991131587994,416.9460280538009,69.90748450613242
13271,37,1,217.38,217.38,37,3,At Risk / Hibernating,1.0,0.7021563914860657,416.9460280538009,287.0026731405869
13272,31,2,276.56,138.28,90,0,Potential Loyalists,0.9992409365777981,1.039925751788133,287.0151348808552,292.6033738403815
13273,113,1,138.98,138.98,113,3,At Risk / Hibernating,1.0,0.4088537293250076,416.9460280538009,167.11667890587626
13276,64,2,590.9300000000001,295.46500000000003,100,2,Loyal Customers,0.9987982384296757,0.9775751526011203,433.8504315086726,415.7788113199346
13277,16,4,258.4,64.6,134,0,Potential Loyalists,0.9994721366101689,1.70419548585594,160.46391934712437,268.0828572524551
13278,41,1,542.73,542.73,41,0,Potential Loyalists,1.0,0.6828203839365179,416.9460280538009,279.09917305381475
13279,78,1,137.75,137.75,78,3,At Risk / Hibernating,1.0,0.5062381486691934,416.9460280538009,206.92205834880286
13280,122,3,814.86,271.62,337,2,Loyal Customers,0.9987824282745115,0.6258559958945066,313.8351801628171,192.55195466442441
13282,18,3,1132.14,377.38000000000005,221,2,Loyal Customers,0.999467969876543,0.8798623031946844,402.270861935124,346.98067758983086
13283,60,2,93.66,46.83,186,3,At Risk / Hibernating,0.9991746193031743,0.6467704543271072,255.87007306428026,162.23391461248468
13284,331,1,201.19,201.19,331,3,At Risk / Hibernating,1.0,0.18646331165569163,416.9460280538009,76.21580011683386
13285,23,4,2709.12,677.28,290,2,Loyal Customers,0.9994938202701789,0.9588721280219071,606.9400668294836,570.5299828059406
13291,156,1,361.11,361.11,156,3,At Risk / Hibernating,1.0,0.332174141739248,416.9460280538009,135.774303339936
13292,39,2,578.94,289.47,284,0,Potential Loyalists,0.9993728961236608,0.4654518425980326,376.50176934404806,171.7962389690186
13294,190,2,873.74,436.87,250,3,At Risk / Hibernating,0.9973567225192217,0.5156452777080119,404.5434086308576,204.49753668781
13295,360,1,201.20000000000002,201.20000000000002,360,3,At Risk / Hibernating,1.0,0.17382748901044126,416.9460280538009,71.0509786265233
13296,137,1,87.4,87.4,137,3,At Risk / Hibernating,1.0,0.3612070687793727,416.9460280538009,147.64135746902377
13297,8,4,2089.85,522.4625,67,1,Champions,0.9994849030772597,1.8700031497511147,398.1733704458702,729.9396599642886
13298,1,1,360.0,360.0,1,0,Potential Loyalists,1.0,1.0635811561420985,416.9460280538009,434.7333973334986
13299,268,1,142.5,142.5,268,3,At Risk / Hibernating,1.0,0.22077376839308957,416.9460280538009,90.24000792799634
13300,169,1,371.89,371.89,169,3,At Risk / Hibernating,1.0,0.3126298431258797,416.9460280538009,127.78567627738681
13301,104,4,618.09,154.5225,292,2,Loyal Customers,0.99858008078068,0.9526877097783513,223.28695186968613,208.53832226626855
13302,155,1,63.75,63.75,155,3,At Risk / Hibernating,1.0,0.332174141739248,416.9460280538009,135.774303339936
13304,351,1,300.42,300.42,351,3,At Risk / Hibernating,1.0,0.17713892272193815,416.9460280538009,72.40450851708758
13305,4,10,2000.86,200.08599999999998,373,1,Champions,0.9997451046586047,2.004875071745806,231.2314179704919,454.47100027817277
13307,120,1,15.0,15.0,120,3,At Risk / Hibernating,1.0,0.3937064069080704,416.9460280538009,160.9252902852631
13308,23,3,1385.51,461.83666666666664,203,2,Loyal Customers,0.9994369777488223,0.934831496883666,333.7539803476632,305.86643275897745
13309,7,5,1456.79,291.358,309,1,Champions,0.999614016424322,1.151824855233585,300.4575110843125,339.2669047606542
13310,28,3,1132.03,377.3433333333333,324,2,Loyal Customers,0.9994533419918397,0.6469946035711948,381.5496231702699,242.00458038722618
13311,4,2,598.57,299.285,150,0,Potential Loyalists,0.9994732093444051,0.7503805303585883,274.4813718662964,201.91401905679334
13313,22,5,1555.3200000000002,311.064,340,2,Loyal Customers,0.9995392593145813,1.064225342955273,335.6806720153593,350.21269863130124
13314,2,3,775.94,258.6466666666667,74,0,Potential Loyalists,0.9995474319579761,1.7910794155617655,240.79747334704308,422.80406028852826
13316,37,4,5977.73,1494.4325,254,2,Loyal Customers,0.9993742021833922,1.0656240050506904,1162.2401688064622,1214.1487186306958
13317,66,6,2273.68,378.94666666666666,359,2,Loyal Customers,0.9992531407631066,0.8059684371390067,605.3555666206448,478.30011627663396
13318,1,3,640.76,213.58666666666667,37,0,Potential Loyalists,0.9995443330558375,2.399592860204242,260.2202780316479,612.1407699814112
13319,5,26,10845.550000000001,417.1365384615385,366,1,Champions,0.9998079212758042,3.4885424208230384,615.9010911950904,2106.33315376484
13320,78,4,1548.7,387.175,214,2,Loyal Customers,0.9988925059365491,0.901186274160846,482.08822698986387,425.9053616710806
13321,72,2,567.36,283.68,86,3,At Risk / Hibernating,0.9984062404480323,1.0591738600605811,366.7804829970893,380.84273974740205
13322,17,1,199.48000000000002,199.48000000000002,17,0,Potential Loyalists,1.0,0.8655634485010557,416.9460280538009,353.79454187048543
13323,3,5,787.85,157.57,84,0,Potential Loyalists,0.9996120222391873,2.8383962648188694,223.30302979460131,621.3554784554094
13324,36,10,7121.95,712.1949999999999,361,1,Champions,0.9994671293876454,1.221724628922066,1128.5226517342858,1351.623000202028
13325,82,1,675.3,675.3,82,3,At Risk / Hibernating,1.0,0.49610945640804094,416.9460280538009,202.78200691206723
13327,39,8,3627.77,453.47125,365,1,Champions,0.9994531682273652,1.4148807920631157,470.13167323440507,652.0957077879417
13328,316,1,1308.48,1308.48,316,3,At Risk / Hibernating,1.0,0.1932447678398679,416.9460280538009,78.98768233824514
13329,32,2,789.0,394.5,367,0,Potential Loyalists,0.9994170325851123,0.37771971318071074,448.2822699097397,165.99424733494018
13330,93,3,1140.93,380.31,316,2,Loyal Customers,0.9990381893468518,0.6618847537235748,407.85318071809354,264.641613966019
13332,14,1,350.90000000000003,350.90000000000003,14,0,Potential Loyalists,1.0,0.8968719462723965,416.9460280538009,366.59174757508026
13334,82,3,3536.82,1178.94,306,2,Loyal Customers,0.9991072694481357,0.6796307151685761,746.2895498540175,497.224216463917
13336,77,1,795.12,795.12,77,3,At Risk / Hibernating,1.0,0.5097069171828498,416.9460280538009,208.33989986882636
13338,158,1,487.02,487.02,158,3,At Risk / Hibernating,1.0,0.3292338108753175,416.9460280538009,134.57245885451334
13339,201,1,860.12,860.12,201,3,At Risk / Hibernating,1.0,0.27659433082462875,416.9460280538009,113.0563559043529
13340,45,7,10736.48,1533.782857142857,277,1,Champions,0.9993078715003698,1.2582809702061104,1460.5664088988476,1801.6522013216286
13341,261,1,775.85,775.85,261,3,At Risk / Hibernating,1.0,0.22614303398856098,416.9460280538009,92.4346654809573
13343,178,1,353.43,353.43,178,3,At Risk / Hibernating,1.0,0.3024606876171741,416.9460280538009,123.62908884763294
13344,68,3,2543.7200000000003,847.9066666666668,278,2,Loyal Customers,0.9992454420340621,0.47480908833673896,634.2890395992695,295.2419820391568
13345,288,1,389.5,389.5,288,3,At Risk / Hibernating,1.0,0.20898906300458944,416.9460280538009,85.42307509676435
13347,70,1,341.36,341.36,70,3,At Risk / Hibernating,1.0,0.535386395375701,416.9460280538009,218.8362567774073
13348,64,1,233.76000000000002,233.76000000000002,64,3,At Risk / Hibernating,1.0,0.5595498093719844,416.9460280538009,228.7129310090923
13349,11,1,247.32,247.32,11,0,Potential Loyalists,1.0,0.9423185242075718,416.9460280538009,385.1678312717569
13350,16,2,979.12,489.56,79,0,Potential Loyalists,0.999372254460234,1.1103589637009665,377.9703532197407,411.4275545207233
13351,66,1,373.94,373.94,66,3,At Risk / Hibernating,1.0,0.551256579291776,416.9460280538009,225.32311472719084
13352,60,1,397.98,397.98,60,3,At Risk / Hibernating,1.0,0.5769080982349951,416.9460280538009,235.80804501970792
13354,71,1,743.53,743.53,71,3,At Risk / Hibernating,1.0,0.5315606090478071,416.9460280538009,217.27248589139984
13355,122,1,674.7,674.7,122,3,At Risk / Hibernating,1.0,0.38958259167663883,416.9460280538009,159.2397024943774
13356,80,1,768.24,768.24,80,3,At Risk / Hibernating,1.0,0.49944035026002864,416.9460280538009,204.14349281247155
13357,257,1,609.95,609.95,257,3,At Risk / Hibernating,1.0,0.22822445973933278,416.9460280538009,93.28543673398971
13358,269,1,439.03000000000003,439.03000000000003,269,3,At Risk / Hibernating,1.0,0.22077376839308957,416.9460280538009,90.24000792799634
13359,64,1,439.56,439.56,64,3,At Risk / Hibernating,1.0,0.5637907092546836,416.9460280538009,230.44637764675514
13362,9,4,3090.7400000000002,772.6850000000001,288,1,Champions,0.9995666507069824,0.9670235282624816,663.5523386849761,629.0485963042518
13363,18,2,992.5,496.25,44,0,Potential Loyalists,0.9993119075068561,1.4673235494196206,403.8922440822014,580.9835235086418
13364,71,1,134.96,134.96,71,3,At Risk / Hibernating,1.0,0.5315606090478071,416.9460280538009,217.27248589139984
13365,34,2,2225.37,1112.685,218,2,Loyal Customers,0.999362837017732,0.5745017576839782,928.5599973323887,522.9657805300421
13366,50,1,56.16,56.16,50,3,At Risk / Hibernating,1.0,0.6254118329543538,416.9460280538009,255.63370703390643
13368,257,2,623.4,311.7,338,3,At Risk / Hibernating,0.9968663424531939,0.4036695927272893,495.94197304542377,196.2586206198544
13369,366,1,308.28000000000003,308.28000000000003,366,3,At Risk / Hibernating,1.0,0.17142403939022,416.9460280538009,70.06858213503683
13370,372,1,754.87,754.87,372,3,At Risk / Hibernating,1.0,0.16908614672765057,416.9460280538009,69.11298169077256
13372,90,1,378.64,378.64,90,3,At Risk / Hibernating,1.0,0.4709807600913632,416.9460280538009,192.51078080038636
13373,61,3,3312.25,1104.0833333333333,276,2,Loyal Customers,0.9992388506160863,0.736861475131325,887.8757303273316,641.3719696195567
13375,89,1,778.65,778.65,89,3,At Risk / Hibernating,1.0,0.47398174500857093,416.9460280538009,193.73741798726365
13376,99,3,1019.76,339.92,234,2,Loyal Customers,0.9986434633186968,0.8385118368592541,356.87937564553357,293.3611731107676
13379,26,3,572.56,190.85333333333332,137,0,Potential Loyalists,0.9993491441441185,1.2403044522286035,291.32898943849625,354.2290414566557
13381,32,6,3639.31,606.5516666666666,299,2,Loyal Customers,0.9994652425270488,1.4281238826108855,601.6021498035838,842.262150552655
13382,281,1,222.99,222.99,281,3,At Risk / Hibernating,1.0,0.21318148639732568,416.9460280538009,87.13670482981304
13384,31,7,4151.93,593.1328571428572,179,1,Champions,0.9993199768723164,2.121682329226504,562.0472261257975,1169.0292663252885
13385,330,1,534.57,534.57,330,3,At Risk / Hibernating,1.0,0.18693187737411035,416.9460280538009,76.40732372637208
13388,131,2,677.1,338.55,131,3,At Risk / Hibernating,1.0,0.37204636830561827,416.9460280538009,152.07186371228374
13389,11,3,797.96,265.9866666666667,233,0,Potential Loyalists,0.9995071657606335,0.8448139856960377,324.1215581805584,268.43614971303765
13390,75,1,544.08,544.08,75,3,At Risk / Hibernating,1.0,0.5204044314005793,416.9460280538009,212.7124546117273
13391,204,1,59.8,59.8,204,3,At Risk / Hibernating,1.0,0.2735430290236236,416.9460280538009,111.80915293028877
13394,2,8,2520.02,315.0025,310,1,Champions,0.9997247228146796,1.862951499851644,329.70395230411503,602.1403842445853
13395,185,1,307.72,307.72,185,3,At Risk / Hibernating,1.0,0.2929322547486087,416.9460280538009,119.73439349777334
13396,29,2,1360.99,680.495,319,2,Loyal Customers,0.9994130230156755,0.4234776507022827,674.0747317033314,279.84038786139763
13397,73,5,1544.13,308.826,339,2,Loyal Customers,0.9991002288030907,1.0637579001887136,334.94306487483334,349.2896726492792
13398,192,1,457.34000000000003,457.34000000000003,192,3,At Risk / Hibernating,1.0,0.2850741416717793,416.9460280538009,116.52243243619067
13402,127,2,621.23,310.615,372,3,At Risk / Hibernating,0.9990530507514246,0.3724444931726377,368.9187041745913,134.69890108472424
13403,18,1,75.0,75.0,18,0,Potential Loyalists,1.0,0.8655634485010557,416.9460280538009,353.79454187048543
13404,1,2,252.49,126.245,213,0,Potential Loyalists,0.9994873226802778,0.5847986146350349,240.40837867491297,137.8249618922033
13405,74,3,572.451,190.817,318,2,Loyal Customers,0.9991905608974252,0.6585554411924194,283.78827823132593,183.2140181238369
13408,2,62,28117.04,453.5006451612903,374,1,Champions,0.9999175832222117,8.311738443739715,669.938375980253,5458.821100961405
13410,24,5,1003.06,200.612,291,2,Loyal Customers,0.9995080909677219,1.2060915104774301,239.81110351445597,283.5447111986892
13411,107,1,213.55,213.55,107,3,At Risk / Hibernating,1.0,0.422796474014538,416.9460280538009,172.8157030198247
13414,134,3,1390.5,463.5,297,2,Loyal Customers,0.9984042458141177,0.6959001938965742,469.58092644556484,320.35339222286996
13416,44,2,712.5,356.25,81,2,Loyal Customers,0.9990559460551608,1.095202826093926,426.4382393058845,457.84969007121634
13417,5,2,640.83,320.415,205,0,Potential Loyalists,0.9994767847645917,0.5997347591562603,411.3506181678729,241.8484617900445
13418,12,18,6127.43,340.4127777777778,373,1,Champions,0.9997322239869804,2.616878834470694,454.9881320626857,1167.228090191627
13419,64,1,221.06,221.06,64,3,At Risk / Hibernating,1.0,0.5637907092546836,416.9460280538009,230.44637764675514
13420,150,2,159.85,79.925,171,3,At Risk / Hibernating,0.9969718313186177,0.6858547940509083,272.4447508311378,183.1819292738832
13421,40,2,1851.08,925.54,290,2,Loyal Customers,0.9993680276623162,0.4576695577945324,698.237092827934,313.2757758351579
13422,64,1,2626.3,2626.3,64,2,Loyal Customers,1.0,0.5595498093719844,416.9460280538009,228.7129310090923
13425,108,3,1624.21,541.4033333333333,295,2,Loyal Customers,0.9987968794741746,0.7000098738370056,539.7595509191842,370.40464542670975
13426,1,10,3641.32,364.132,360,1,Champions,0.9997669345755464,2.065815612786125,372.857610507818,755.1036985817025
13427,19,3,582.6,194.20000000000002,215,0,Potential Loyalists,0.9994604949990704,0.8953479652062916,269.7926752656025,236.80671646864573
13428,10,1,218.47,218.47,10,0,Potential Loyalists,1.0,0.9423185242075718,416.9460280538009,385.1678312717569
13429,11,4,1006.8,251.7,75,0,Potential Loyalists,0.9994824795376831,2.3907769410826862,278.9893364840425,653.881615029946
13430,19,2,679.45,339.725,86,0,Potential Loyalists,0.9993618137948579,1.0601875940190888,382.86101461709427,397.92027909302897
13431,67,2,1269.1,634.55,89,2,Loyal Customers,0.9985927206550853,1.0458725277608265,416.2412795652265,426.77218352242085
13434,74,2,534.24,267.12,97,3,At Risk / Hibernating,0.9984898889021991,0.9950469050653697,437.47570931502065,426.7462091047085
13435,5,7,3809.89,544.27,189,1,Champions,0.9996655999710896,2.3806134271418022,537.5952182809217,1254.6324000721302
13436,2,1,196.89,196.89,2,0,Potential Loyalists,1.0,1.0635811561420985,416.9460280538009,434.7333973334986
13437,14,7,3408.06,486.86571428571426,190,1,Champions,0.9995724411533324,2.371200451426363,342.34868506717066,795.8095630411494
13439,255,1,283.71,283.71,255,3,At Risk / Hibernating,1.0,0.22963349450489123,416.9460280538009,93.86137189845881
13441,92,1,296.64,296.64,92,3,At Risk / Hibernating,1.0,0.46509136941083457,416.9460280538009,190.1035226186023
13447,23,3,1129.14,376.38000000000005,36,2,Loyal Customers,0.9991006198974519,2.444671611080538,439.5463454214045,1053.4109467753992
13448,17,6,3539.3700000000003,589.8950000000001,374,1,Champions,0.9995787305242464,0.9823974426378546,693.331080240084,667.7283595906523
13449,24,1,291.88,291.88,24,0,Potential Loyalists,1.0,0.8090762961242793,416.9460280538009,330.70567908275973
13450,27,6,2043.72,340.62,218,2,Loyal Customers,0.9994439003372805,1.826187700378791,371.26977593082074,664.6716334206237
13451,26,5,2976.15,595.23,334,2,Loyal Customers,0.9995135284238695,1.077401971008567,592.5150911511394,625.8195744147744
13452,259,2,590.0,295.0,271,3,At Risk / Hibernating,0.9929154609913531,0.4815447142385638,360.6290561970184,170.24298412190856
13453,166,2,356.98,178.49,290,3,At Risk / Hibernating,0.9984265898265708,0.4585157708666585,303.8161038738415,136.56422382449804
13455,25,2,1058.34,529.17,366,0,Potential Loyalists,0.9994350342864132,0.3777265167444188,393.1411017469424,145.57867023212162
13456,18,6,1766.72,294.4533333333333,207,2,Loyal Customers,0.9995368315903794,1.899151125597454,331.6840348687775,617.5274228820887
13458,7,14,9646.57,689.0407142857142,360,1,Champions,0.9997697061029522,2.9066755012585572,631.583248942364,1799.6962910551442
13460,29,2,183.44,91.72,50,0,Potential Loyalists,0.9991472688080548,1.3924537397814067,259.4814963057633,354.2089640644375
13461,39,3,1445.0,481.6666666666667,164,2,Loyal Customers,0.9992645356079988,1.0958440201126967,427.91098601128743,459.6997592529483
13462,253,1,151.5,151.5,253,3,At Risk / Hibernating,1.0,0.23177997385315355,416.9460280538009,94.73873346268373
13464,58,1,674.68,674.68,58,3,At Risk / Hibernating,1.0,0.5859974786974553,416.9460280538009,239.52328413305474
13466,184,1,307.90000000000003,307.90000000000003,184,3,At Risk / Hibernating,1.0,0.2940903472659017,416.9460280538009,120.20775753628813
13467,11,2,1083.71,541.855,36,0,Potential Loyalists,0.9993884392546584,1.565310651553542,363.5154238772318,557.8222657674901
13468,2,37,5704.97,154.1883783783784,373,1,Champions,0.9999085125739283,7.293767915970243,161.22637788556247,1152.8164566113346
13470,99,2,165.0,82.5,115,3,At Risk / Hibernating,0.9979134554158108,0.8917569011019045,247.25253371823504,216.1520451096977
13471,1,4,2531.58,632.895,47,1,Champions,0.9995938509251766,2.9683571354243,498.3489858504056,1450.1815398070355
13473,61,2,422.64,211.32,333,3,At Risk / Hibernating,0.9993152316830463,0.4097074203058732,308.1572008648825,123.77074167831714
13474,236,1,229.59,229.59,236,3,At Risk / Hibernating,1.0,0.24394114397377223,416.9460280538009,99.70954465494869
13475,191,4,1431.78,357.945,299,2,Loyal Customers,0.9934935063407817,0.9323379302959738,384.2529670245592,351.2064993125814
13476,179,2,1238.47,619.235,281,2,Loyal Customers,0.9981370073527395,0.46886137004138684,460.3218867774459,211.5816286277617
13477,38,6,1454.58,242.42999999999998,292,2,Loyal Customers,0.9993984645087651,1.4557966979694206,284.66643829799517,406.2646442407959
13479,201,2,300.95,150.475,235,3,At Risk / Hibernating,0.9963519511184725,0.5406306759459506,296.7133302863723,157.25688333740263
13481,46,5,1804.56,360.912,257,2,Loyal Customers,0.9993051165165673,1.0589925991349476,390.163632955106,405.052874447141
13482,232,1,184.64000000000001,184.64000000000001,232,3,At Risk / Hibernating,1.0,0.2471834875372397,416.9460280538009,101.03483474191951
13483,66,1,140.34,140.34,66,3,At Risk / Hibernating,1.0,0.5553722353508629,416.9460280538009,227.0053685269044
13484,241,1,313.8,313.8,241,3,At Risk / Hibernating,1.0,0.24000590185558213,416.9460280538009,98.10103612189704
13485,233,1,454.24,454.24,233,3,At Risk / Hibernating,1.0,0.24636484794754618,416.9460280538009,100.7002203133716
13486,78,3,1122.41,374.1366666666667,155,2,Loyal Customers,0.9985131350470569,1.1341339361965022,444.2282902071209,493.90414731017864
13487,58,3,575.4,191.79999999999998,353,2,Loyal Customers,0.9993315336542697,0.602456109998324,274.26295318178916,161.9811356302486
13488,17,13,8968.31,689.87,367,1,Champions,0.9996715151552424,2.4403915643544396,663.5466907198553,1587.4609329165748
13489,105,4,449.52,112.38,295,2,Loyal Customers,0.9985497784350887,0.9474096368800947,206.01589959334444,191.34208521110128
13491,52,10,1215.82,121.582,372,2,Loyal Customers,0.9992204532483108,2.0038229430292427,157.67370430644135,309.7352497339175
13492,136,3,1269.84,423.28,215,2,Loyal Customers,0.9971789082866217,0.896460973685413,455.06121103722984,399.9200866904108
13493,275,2,618.63,309.315,287,3,At Risk / Hibernating,0.9924306466843763,0.45832296960900754,427.26027682120923,191.971171359477
13494,312,1,316.26000000000005,316.26000000000005,312,3,At Risk / Hibernating,1.0,0.19578783183211276,416.9460280538009,80.02714551866629
13495,8,5,2044.8700000000001,408.97400000000005,368,1,Champions,0.9996188196178637,0.9936779788415955,391.0302472060059,380.9148915086158
13496,11,2,653.33,326.665,360,0,Potential Loyalists,0.9994681795662951,0.38391761979678174,294.7367456989622,110.92875941407172
13497,283,2,348.05,174.025,369,3,At Risk / Hibernating,0.9966247933319463,0.3749403854160974,314.23935484062827,115.50336019235296
13499,18,5,1159.1100000000001,231.82200000000003,270,2,Loyal Customers,0.999547679992191,1.284649692101741,287.8349426952598,362.4935311999698
13500,23,3,1166.77,388.92333333333335,123,2,Loyal Customers,0.9993624527730092,1.3312516031625434,418.9925446279694,546.8127544629012
13501,288,1,1340.32,1340.32,288,3,At Risk / Hibernating,1.0,0.20840356862522524,416.9460280538009,85.18375752967816
13502,17,3,292.0,97.33333333333333,324,0,Potential Loyalists,0.9995009425077782,0.6486761271004026,209.54659762483897,133.25405327064607
13503,71,1,216.85,216.85,71,3,At Risk / Hibernating,1.0,0.5315606090478071,416.9460280538009,217.27248589139984
13504,64,1,295.93,295.93,64,3,At Risk / Hibernating,1.0,0.5595498093719844,416.9460280538009,228.7129310090923
13505,73,4,4393.63,1098.4075,233,2,Loyal Customers,0.998881927900972,1.1429534415644558,929.0521539811433,1040.975893562726
13506,316,2,458.52,229.26,370,3,At Risk / Hibernating,0.9947598839177444,0.37338427991128,297.08278534943963,108.74400876044139
13507,3,4,2479.16,619.79,146,1,Champions,0.999585281151262,1.608802540153649,413.5710224038594,652.2664626596306
13508,244,1,110.97,110.97,244,3,At Risk / Hibernating,1.0,0.23846712773301681,416.9460280538009,97.47207068516131
13509,9,7,979.72,139.96,284,1,Champions,0.999657861283247,1.7399057596293395,175.3282627050084,299.05407108761153
13510,1,4,1791.56,447.89,184,1,Champions,0.9996010682083555,1.366200419626286,406.23910780114215,544.0868917357375
13512,261,1,251.21,251.21,261,3,At Risk / Hibernating,1.0,0.22614303398856098,416.9460280538009,92.4346654809573
13513,127,1,205.1,205.1,127,3,At Risk / Hibernating,1.0,0.3815888112471801,416.9460280538009,155.97228685707657
13514,74,1,152.20000000000002,152.20000000000002,74,3,At Risk / Hibernating,1.0,0.5240707584800869,416.9460280538009,214.21104727156546
13515,73,4,891.12,222.78,248,2,Loyal Customers,0.998943522926251,1.0887620828604925,281.7550095758337,300.72992946469674
13516,21,3,1389.41,463.1366666666667,239,2,Loyal Customers,0.9994580351919208,0.8282604662552506,546.3212238746046,443.59535077568916
13517,60,3,2128.42,709.4733333333334,180,2,Loyal Customers,0.9990440526293287,1.0249083757149833,477.8138199081673,480.0824347424093
13518,86,1,659.44,659.44,86,3,At Risk / Hibernating,1.0,0.48321863399917936,416.9460280538009,197.5129490548465
13519,78,1,122.75,122.75,78,3,At Risk / Hibernating,1.0,0.5062381486691934,416.9460280538009,206.92205834880286
13520,59,6,3624.35,604.0583333333333,372,2,Loyal Customers,0.9992714323045278,1.1909474502932154,617.4568830200662,720.8936334455557
13521,1,3,1093.65,364.55,10,0,Potential Loyalists,0.9995401075259157,3.2201419520004255,408.06168838061535,1288.1716187738675
13522,30,1,125.80000000000001,125.80000000000001,30,0,Potential Loyalists,1.0,0.7518339371168964,416.9460280538009,307.3081333353372
13523,33,5,3964.88,792.976,366,2,Loyal Customers,0.9994686627972174,0.7913158618186434,932.410814272303,723.3176771226724
13524,41,5,680.1800000000001,136.036,220,2,Loyal Customers,0.9992744355734783,1.5072819652090914,194.927418616941,288.03119973735556
13525,15,2,628.78,314.39,248,0,Potential Loyalists,0.999446854826709,0.5183561705928695,384.1356345846765,195.20223106463212
13527,34,7,2287.51,326.7871428571429,327,2,Loyal Customers,0.9994683819409947,1.326890668835588,431.9216320839819,561.8392682988356
13529,79,2,307.76,153.88,205,3,At Risk / Hibernating,0.9990584399102367,0.60167999119866,282.8864745510779,166.85902783835007
13531,205,2,483.8,241.9,366,3,At Risk / Hibernating,0.9983699536867497,0.377323980140076,306.757889813515,113.47023971938623
13532,34,1,210.31,210.31,34,0,Potential Loyalists,1.0,0.7297081291462637,416.9460280538009,298.26431428360155
13533,183,3,270.79,90.26333333333334,268,3,At Risk / Hibernating,0.9978843238801889,0.4882760846757793,281.7273092907042,134.85476337407943
13534,2,25,5870.08,234.8032,358,1,Champions,0.9998357054346743,3.756545304298976,334.3050456489271,1231.1292705656901
13536,1,7,3448.29,492.61285714285714,75,1,Champions,0.9996931609904316,4.265590374665023,485.53217426022854,2030.3448559842514
13538,43,7,1280.85,182.97857142857143,316,2,Loyal Customers,0.999341936250265,1.5989359300732737,223.28822806544582,350.000703080235
13539,86,3,631.34,210.4466666666667,309,2,Loyal Customers,0.9990888775278195,0.6724258665651434,301.11305354198055,198.49332405640746
13544,40,2,291.41,145.705,241,0,Potential Loyalists,0.9993483481376775,0.531725838580864,302.2089743494987,157.5313654246828
13546,12,3,626.99,208.99666666666667,201,0,Potential Loyalists,0.9994953154542566,0.9453136114511471,292.13774643252015,270.72952321356587
13548,96,2,682.41,341.205,244,3,At Risk / Hibernating,0.9990031902997915,0.526430506344767,409.76657958497174,211.4703556153301
13549,26,7,918.2,131.17142857142858,242,2,Loyal Customers,0.9994815922969328,1.9745360219107253,170.34595290326936,329.73800353289676
13551,319,1,91.80000000000001,91.80000000000001,319,3,At Risk / Hibernating,1.0,0.1917503945925192,416.9460280538009,78.37686563865186
13552,66,12,3740.07,311.6725,316,1,Champions,0.9988208438054575,1.8321844859334058,479.12924407896764,860.5853077213469
13555,74,4,4149.28,1037.32,202,2,Loyal Customers,0.999094274191419,0.6083882180878121,1406.2931030081616,838.7424077394803
13557,28,2,584.0600000000001,292.03000000000003,281,0,Potential Loyalists,0.9994066108493694,0.47080306341765804,382.9718511360145,176.75756645405517
13558,6,4,605.06,151.265,68,0,Potential Loyalists,0.9995470040464254,2.513124410371199,213.41743617493483,525.7949246322246
13560,7,1,174.37,174.37,7,0,Potential Loyalists,1.0,0.9795455375880102,416.9460280538009,400.3842069411168
13561,216,1,141.85999999999999,141.85999999999999,216,3,At Risk / Hibernating,1.0,0.26198259335372714,416.9460280538009,107.08388802856075
13562,82,3,1799.3300000000002,599.7766666666668,246,2,Loyal Customers,0.9989693147676928,0.8093981416110474,531.3623786921705,421.62366365202047
13563,84,2,777.53,388.765,140,2,Loyal Customers,0.9986978395303874,0.785681555692549,439.9002581663999,338.82296251479426
13564,144,3,1749.02,583.0066666666667,368,2,Loyal Customers,0.9986276632756168,0.5813655777142781,535.4567109744164,305.17260748884246
13565,19,2,240.22,120.11,334,0,Potential Loyalists,0.9994436924126721,0.4077263276341354,284.4474221925373,113.69532301107779
13566,41,2,874.71,437.355,83,2,Loyal Customers,0.9991063779002576,1.0880025098119233,358.1029072032956,381.9530368407625
13568,173,1,192.85,192.85,173,3,At Risk / Hibernating,1.0,0.3074612026474286,416.9460280538009,125.67302235592369
13569,17,2,373.75,186.875,368,0,Potential Loyalists,0.999452283533253,0.3768665930567085,342.3548851400512,126.48411729056113
13570,243,1,239.49,239.49,243,3,At Risk / Hibernating,1.0,0.23846712773301681,416.9460280538009,97.47207068516131
13571,13,12,2092.32,174.36,254,1,Champions,0.9996783918047862,3.304389983487811,199.98917706336937,647.8433145833874
13572,206,1,1384.25,1384.25,206,3,At Risk / Hibernating,1.0,0.2715459560664511,416.9460280538009,110.99286025667325
13573,50,2,294.40000000000003,147.20000000000002,253,3,At Risk / Hibernating,0.9993068273840834,0.5102345989709316,345.679980707657,172.9083779749819
13575,23,5,732.07,146.41400000000002,176,2,Loyal Customers,0.999432563643143,1.7721279420005769,218.65087767207163,379.85555262887453
13576,10,18,6717.34,373.18555555555554,373,1,Champions,0.9997727790375931,3.6288368601449843,377.31604979771953,1342.2852009505666
13577,25,4,1687.6000000000001,421.90000000000003,242,2,Loyal Customers,0.9994579940331054,1.110408204999771,436.1549518955949,474.7833667660867
13579,15,2,467.04,233.52,369,0,Potential Loyalists,0.999459521968202,0.37514829452192433,364.01880640066105,133.87473372961045
13581,309,1,118.0,118.0,309,3,At Risk / Hibernating,1.0,0.19682389774551154,416.9460280538009,80.45063166814654
13583,156,1,781.03,781.03,156,3,At Risk / Hibernating,1.0,0.332174141739248,416.9460280538009,135.774303339936
13584,307,1,142.4,142.4,307,3,At Risk / Hibernating,1.0,0.19839872104602566,416.9460280538009,81.09433189112764
13587,64,1,712.4,712.4,64,3,At Risk / Hibernating,1.0,0.5637907092546836,416.9460280538009,230.44637764675514
13588,16,9,2478.95,275.43888888888887,255,1,Champions,0.9996200939343883,2.4508690690047485,311.12158194154495,747.5192712185224
13589,15,2,379.65,189.825,180,0,Potential Loyalists,0.9994336247662637,0.6625925948435488,331.83465221920926,215.54616719602532
13590,11,6,1981.92,330.32,303,1,Champions,0.9996190888817642,1.4091448716441917,350.14202607118887,483.69533936098173
13591,65,3,1117.13,372.3766666666667,267,2,Loyal Customers,0.9991924193382501,0.7588242167069678,360.40820987336434,268.1067864583217
13592,36,4,247.95999999999998,61.989999999999995,264,0,Potential Loyalists,0.9993990994177224,1.0336466239360453,157.7606659605299,159.8611080650166
13593,108,5,2037.0800000000002,407.41600000000005,336,2,Loyal Customers,0.9984257888697603,1.0709145235938786,380.05519502846914,399.00050107622894
13594,53,1,396.97,396.97,53,3,At Risk / Hibernating,1.0,0.6150693878726767,416.9460280538009,251.4062834017911
13596,6,2,697.04,348.52,13,0,Potential Loyalists,0.9994277398969954,2.0294752113257295,356.2140681933639,708.708259982628
13598,47,1,180.17000000000002,180.17000000000002,47,3,At Risk / Hibernating,1.0,0.6415945495098853,416.9460280538009,262.2483132538975
13599,1,21,5153.67,245.41285714285715,367,1,Champions,0.9998199006540516,3.066886053989694,348.60508609635997,1048.1017064959303
13600,312,1,219.52,219.52,312,3,At Risk / Hibernating,1.0,0.19527387847787794,416.9460280538009,79.81706995934152
13601,45,2,693.32,346.66,211,2,Loyal Customers,0.9992985988122374,0.5867766867401366,372.2299451773322,214.11944374993809
13602,65,1,428.89,428.89,65,3,At Risk / Hibernating,1.0,0.5595498093719844,416.9460280538009,228.7129310090923
13603,26,1,164.34,164.34,26,0,Potential Loyalists,1.0,0.7835102225248187,416.9460280538009,320.25566588018444
13606,29,3,280.54,93.51333333333334,312,0,Potential Loyalists,0.9994448214090638,0.6691247876187637,220.00989123502296,144.31824322811758
13607,40,1,678.01,678.01,40,0,Potential Loyalists,1.0,0.6828203839365179,416.9460280538009,279.09917305381475
13610,12,7,1131.88,161.69714285714286,285,1,Champions,0.9996297635162419,1.7349418792300801,192.39790729466384,327.23318303484643
13611,89,3,1171.8,390.59999999999997,360,2,Loyal Customers,0.9991428260049918,0.5938976712618711,427.926782046327,249.14545238503536
13614,24,4,1610.46,402.615,331,2,Loyal Customers,0.9995018457244068,0.8627456769831447,453.8869496872352,383.88612980021514
13615,319,1,417.69,417.69,319,3,At Risk / Hibernating,1.0,0.19224594434773853,416.9460280538009,78.57941882664375
13617,40,3,544.18,181.39333333333332,180,2,Loyal Customers,0.9992723208635504,1.021024948295211,283.9996291801548,284.2668338961972
13618,174,1,177.34,177.34,174,3,At Risk / Hibernating,1.0,0.3074612026474286,416.9460280538009,125.67302235592369
13621,117,1,213.85,213.85,117,3,At Risk / Hibernating,1.0,0.4022216135318576,416.9460280538009,164.40583630231112
13623,31,5,747.78,149.55599999999998,297,2,Loyal Customers,0.9994672495206653,1.1862700572437577,208.63413398419453,242.6280057060597
13626,253,1,257.23,257.23,253,3,At Risk / Hibernating,1.0,0.23177997385315355,416.9460280538009,94.73873346268373
13627,59,5,1638.47,327.694,358,2,Loyal Customers,0.9992760839469113,1.018987870549292,351.0252237103948,350.65439059706085
13629,23,11,7792.36,708.3963636363636,339,1,Champions,0.9995902848394421,2.3930419989199185,682.3115898391467,1600.6822621390938
13630,5,7,2031.78,290.2542857142857,286,1,Champions,0.9996775855080889,1.7350248783357807,309.61895692420615,526.6296563760652
13631,100,11,3070.42,279.1290909090909,267,2,Loyal Customers,0.9968363712667425,1.8227798694702653,485.15536091387867,866.9362129732929
13632,25,5,2121.27,424.254,243,2,Loyal Customers,0.9994811417076587,1.3916177163922794,454.09856168609326,619.5011797806701
13634,33,5,1575.16,315.03200000000004,327,2,Loyal Customers,0.9994634120697476,1.0963928279734578,328.9318570760589,353.5445038944472
13635,68,1,1071.03,1071.03,68,3,At Risk / Hibernating,1.0,0.5472014747237713,416.9460280538009,223.66561107072644
13636,37,5,949.12,189.824,285,2,Loyal Customers,0.9994083722143492,1.2264124315197398,247.90348631602654,298.0514150520677
13637,52,3,810.5,270.1666666666667,226,2,Loyal Customers,0.9992326565270734,0.8617618358564718,276.0479051412559,233.20814167583103
13638,16,1,122.64,122.64,16,0,Potential Loyalists,1.0,0.8861871099101,416.9460280538009,362.2243692927614
13639,74,1,1033.34,1033.34,74,3,At Risk / Hibernating,1.0,0.5204044314005793,416.9460280538009,212.7124546117273
13642,216,1,354.8,354.8,216,3,At Risk / Hibernating,1.0,0.26198259335372714,416.9460280538009,107.08388802856075
13643,31,3,519.44,173.14666666666668,186,0,Potential Loyalists,0.999359136005995,1.00101028313323,289.83468452375683,284.42053690253323
13644,16,4,2624.26,656.065,106,2,Loyal Customers,0.9994316593404695,1.9783999636568443,542.3452749824932,1051.8705264727746
13645,120,1,252.1,252.1,120,3,At Risk / Hibernating,1.0,0.3937064069080704,416.9460280538009,160.9252902852631
13647,10,4,1678.1200000000001,419.53000000000003,235,2,Loyal Customers,0.9995590434576054,1.1361782202784785,417.5802880837996,465.1130070573488
13649,257,2,346.6,173.3,366,3,At Risk / Hibernating,0.9974251825532925,0.3769669133001925,293.11114342146595,108.31968465970117
13650,17,6,1836.3400000000001,306.0566666666667,268,2,Loyal Customers,0.9995537820167913,1.2923047325536385,377.536489280899,478.2950634547877
13651,35,2,94.2,47.1,40,0,Potential Loyalists,0.9989581240091461,1.5211547493696163,231.31978412345694,344.9519603541131
13652,46,3,1095.08,365.02666666666664,369,2,Loyal Customers,0.9993969301079775,0.5818134175577538,401.90439392220696,229.23364249180207
13654,43,6,2707.33,451.22166666666664,273,2,Loyal Customers,0.9993256530373877,1.269341709821096,557.6171743135529,693.8837481321707
13655,114,2,932.97,466.485,242,2,Loyal Customers,0.9988236333961191,0.5297320716301527,478.07882074611894,248.2719677443605
13656,165,2,379.65,189.825,337,3,At Risk / Hibernating,0.9986901013034692,0.40440810295776985,324.5840966065131,128.68233304489354
13657,11,2,382.14,191.07,202,0,Potential Loyalists,0.9994543058538468,0.6086074556785157,330.51846855703195,197.19911441854146
13658,10,5,2639.17,527.8340000000001,204,1,Champions,0.9995122998746758,0.9314769775724625,692.4219111622158,632.288020957586
13659,206,2,1573.2,786.6,321,2,Loyal Customers,0.9980026599649674,0.4217928301754533,468.14047954960813,193.5740959244988
13662,86,3,897.76,299.25333333333333,259,2,Loyal Customers,0.9989646660227679,0.7748435938767421,365.1880900763258,277.39754234942313
13663,179,1,189.47,189.47,179,3,At Risk / Hibernating,1.0,0.300020934317706,416.9460280538009,122.63185288017826
13666,60,3,84.65,28.21666666666667,287,3,At Risk / Hibernating,0.9992865176896616,0.4614891386193021,233.90596956492817,105.82168291320237
13667,149,1,305.02,305.02,149,3,At Risk / Hibernating,1.0,0.34131892703706995,416.9460280538009,139.51218542168914
13668,3,21,6363.59,303.02809523809526,363,1,Champions,0.9998529222474255,4.348041166189339,315.2236171727638,1343.6448736424445
13669,51,2,218.55,109.275,150,3,At Risk / Hibernating,0.9991803043371813,0.753602428226573,303.08643012428354,223.9137813148122
13670,75,1,349.7,349.7,75,3,At Risk / Hibernating,1.0,0.5167890469682096,416.9460280538009,211.23468452120443
13672,301,2,186.39000000000001,93.19500000000001,332,3,At Risk / Hibernating,0.9935926276477649,0.40736122036576183,281.778109361876,112.52752764892688
13673,19,2,396.92,198.46,32,0,Potential Loyalists,0.9992709063954183,1.6271421180704753,309.0531293928207,492.9820700727179
13675,151,2,486.82000000000005,243.41000000000003,285,3,At Risk / Hibernating,0.9985888266369869,0.46508666700770707,306.77174437838005,139.86888788443432
13678,152,1,232.6,232.6,152,3,At Risk / Hibernating,1.0,0.3382152276349858,416.9460280538009,138.2435648749312
13680,1,4,3722.42,930.605,339,1,Champions,0.999603385565791,0.8437991196348177,801.0917583279586,662.6638166797451
13681,18,4,827.83,206.9575,155,2,Loyal Customers,0.9994685607587538,1.5367925597151637,266.54620832887446,401.5687765756501
13682,187,1,59.5,59.5,187,3,At Risk / Hibernating,1.0,0.29064321862697073,416.9460280538009,118.79876239845402
13684,286,1,67.23,67.23,286,3,At Risk / Hibernating,1.0,0.21016997698089276,416.9460280538009,85.90576711021204
13685,3,7,3119.44,445.63428571428574,60,1,Champions,0.9996497064110826,4.0640955242089944,368.3761857458382,1467.6690984584843
13686,183,1,72.0,72.0,183,3,At Risk / Hibernating,1.0,0.2964342221557534,416.9460280538009,121.16580369853045
13689,63,1,910.0,910.0,63,3,At Risk / Hibernating,1.0,0.5637907092546836,416.9460280538009,230.44637764675514
13690,59,1,172.25,172.25,59,3,At Risk / Hibernating,1.0,0.581417266065254,416.9460280538009,237.65114495636038
13692,25,3,1488.32,496.1066666666666,236,2,Loyal Customers,0.9994407633814875,0.8336778646259979,353.0662127869913,288.553543962616
13694,4,50,65039.62,1300.7924,374,1,Champions,0.9998903707960253,7.090060116175657,1839.4068652479082,12784.973996613488
13695,31,15,2504.13,166.942,260,1,Champions,0.9992766130259031,3.7909628681229868,205.21048392138354,762.6429805910236
13697,39,1,151.3,151.3,39,3,At Risk / Hibernating,1.0,0.6955905116847341,416.9460280538009,284.31890129330804
13699,155,1,308.58000000000004,308.58000000000004,155,3,At Risk / Hibernating,1.0,0.332174141739248,416.9460280538009,135.774303339936
13700,26,10,2265.12,226.512,327,1,Champions,0.9995412529751085,1.77794452438273,317.8061176040249,553.9269465489411
13703,318,1,99.5,99.5,318,3,At Risk / Hibernating,1.0,0.19224594434773853,416.9460280538009,78.57941882664375
13704,5,9,2308.06,256.4511111111111,88,1,Champions,0.9996672814344101,5.058218736303951,295.17565741951745,1463.6956780425999
13705,8,3,711.86,237.28666666666666,374,0,Potential Loyalists,0.9995359140325222,0.5753113457117758,277.8865636198571,156.72647022162187
13706,303,1,330.79,330.79,303,3,At Risk / Hibernating,1.0,0.20053810965994096,416.9460280538009,81.96879503795522
13707,267,2,806.41,403.205,315,3,At Risk / Hibernating,0.9955484740408291,0.4262347880251167,327.3781005209597,136.79504647020832
13708,271,1,296.88,296.88,271,3,At Risk / Hibernating,1.0,0.2188254464827552,416.9460280538009,89.44364215836947
13709,4,13,6328.05,486.7730769230769,315,1,Champions,0.9997133019662678,1.8338215643010851,776.3583419732001,1395.6976458262911
13710,32,1,180.48,180.48,32,0,Potential Loyalists,1.0,0.7443110694782242,416.9460280538009,304.23319679938174
13711,219,2,252.06,126.03,219,3,At Risk / Hibernating,1.0,0.25924356559595163,416.9460280538009,105.96432543534883
13712,247,1,228.84,228.84,247,3,At Risk / Hibernating,1.0,0.2361956106507191,416.9460280538009,96.54360061208392
13715,281,5,1079.34,215.868,373,2,Loyal Customers,0.9813022107895077,0.7663617397543533,310.3168262190971,233.13691278030683
13716,269,1,138.28,138.28,269,3,At Risk / Hibernating,1.0,0.22012048426804184,416.9460280538009,89.97298166620061
13717,32,6,1445.01,240.835,298,2,Loyal Customers,0.999455876839466,1.4281105000923697,264.84275038271636,370.78480233920897
13718,246,2,306.55,153.275,296,3,At Risk / Hibernating,0.9960233410621361,0.4498714724475814,313.29262624151824,138.1689622336738
13719,15,5,1041.68,208.336,234,2,Loyal Customers,0.9995494897405931,1.4330535352541995,270.0045968573495,379.31991844401756
13720,117,4,799.9,199.975,255,2,Loyal Customers,0.9978461771649072,1.0639946852859232,244.77853652047995,255.31998013316945
13721,36,1,524.14,524.14,36,0,Potential Loyalists,1.0,0.7088474102284074,416.9460280538009,289.73759499029745
13722,132,3,2375.41,791.8033333333333,283,2,Loyal Customers,0.9988048480149078,0.4678382368715006,645.5435644579577,296.06914410154656
13723,217,1,199.85000000000002,199.85000000000002,217,3,At Risk / Hibernating,1.0,0.2601501888901442,416.9460280538009,106.3349027394624
13725,50,8,1980.56,247.57,309,2,Loyal Customers,0.9991984796614928,1.866909843889885,186.0052971795579,340.4244252104591
13726,39,2,1079.66,539.83,101,2,Loyal Customers,0.9991889298716897,0.9721692420792836,587.8346836068425,560.2337204892351
13727,29,2,333.48,166.74,34,0,Potential Loyalists,0.9990844504153015,1.610881358914605,275.3773003942347,434.8747361270645
13728,37,6,1016.14,169.35666666666665,311,2,Loyal Customers,0.9994280129851659,1.3828531817774465,217.90300825637308,295.4005568588438
13730,136,2,752.6,376.3,162,3,At Risk / Hibernating,0.9974414704821634,0.7130334522420937,430.29442652664966,300.77909391096586
13731,219,2,610.59,305.295,247,3,At Risk / Hibernating,0.9955494514193167,0.5196135700424719,364.0788428484095,185.45896690434353
13732,28,1,491.86,491.86,28,0,Potential Loyalists,1.0,0.7673453072359011,416.9460280538009,313.6483326845508
13735,25,4,2885.2400000000002,721.3100000000001,234,2,Loyal Customers,0.999461222241534,1.1360670289127368,584.8194836109386,651.3251141423448
13736,5,2,731.9,365.95,260,0,Potential Loyalists,0.9994762042627883,0.49946177996662866,397.28361664158473,194.52472629609088
13737,200,1,339.6,339.6,200,3,At Risk / Hibernating,1.0,0.27659433082462875,416.9460280538009,113.0563559043529
13739,18,1,216.9,216.9,18,0,Potential Loyalists,1.0,0.8556074605824519,416.9460280538009,349.72507746716883
13740,241,1,350.75,350.75,241,3,At Risk / Hibernating,1.0,0.24078276007112828,416.9460280538009,98.41857263494691
13741,72,3,668.4300000000001,222.81000000000003,217,2,Loyal Customers,0.999006452465923,0.8886821568136463,313.19070193320437,272.8521172746391
13742,17,12,3131.02,260.91833333333335,320,1,Champions,0.9996560734678833,2.5039377347628804,281.919351289798,692.0229480591727
13743,3,7,1341.6,191.65714285714284,259,1,Champions,0.9996949467327928,1.8725938038581618,235.2667056644167,431.89298552216366
13744,95,2,1156.36,578.18,292,2,Loyal Customers,0.9991104466888772,0.4550163878842392,345.9432174400925,154.31343158240014
13745,162,1,300.04,300.04,162,3,At Risk / Hibernating,1.0,0.32210579217928065,416.9460280538009,131.65891946653005
13747,374,1,79.6,79.6,374,3,At Risk / Hibernating,1.0,0.16832095589037088,416.9460280538009,68.8002142525221
13748,96,5,948.25,189.65,374,2,Loyal Customers,0.9990085505595179,0.7784245254593088,295.32649394032626,225.36725821927973
13750,54,5,1647.26,329.452,337,2,Loyal Customers,0.9993062406133847,1.0718588987994093,349.96818040664897,367.73768410071807
13751,288,1,296.25,296.25,288,3,At Risk / Hibernating,1.0,0.20840356862522524,416.9460280538009,85.18375752967816
13752,124,6,1186.28,197.71333333333334,247,2,Loyal Customers,0.9941260900489507,1.6549993861601777,226.19450658912592,366.98809870868797
13753,288,1,741.26,741.26,288,3,At Risk / Hibernating,1.0,0.20898906300458944,416.9460280538009,85.42307509676435
13754,152,2,282.6,141.3,317,3,At Risk / Hibernating,0.9987397091465448,0.4253852948215562,282.85876542134787,117.95706744163716
13755,4,9,2161.35,240.14999999999998,63,1,Champions,0.9996771936659521,5.334873091671705,263.50104439029406,1378.0951557514684
13756,2,14,5189.52,370.68,368,1,Champions,0.9997832970085694,2.440664445483662,422.72586043936207,1011.4372285093418
13758,12,7,3190.55,455.79285714285714,374,1,Champions,0.9996525024382803,1.3895487369052015,462.5019007733106,630.0271699038207
13759,33,2,659.4100000000001,329.70500000000004,71,0,Potential Loyalists,0.999167698952083,1.1735890240731846,270.1125657455254,310.76571184886427
13760,54,2,286.79,143.395,256,3,At Risk / Hibernating,0.99929023348957,0.5055157291727524,294.450418025085,145.92131967532896
13761,50,2,1070.65,535.325,180,2,Loyal Customers,0.9992315921474999,0.662458653665473,491.75789445618636,319.36116899674624
13762,219,1,306.72,306.72,219,3,At Risk / Hibernating,1.0,0.25924356559595163,416.9460280538009,105.96432543534883
13763,63,1,1714.96,1714.96,63,2,Loyal Customers,1.0,0.5637907092546836,416.9460280538009,230.44637764675514
13764,71,3,1521.76,507.25333333333333,337,2,Loyal Customers,0.9992427584374522,0.6261444474975902,476.33215182145955,292.38582877429474
13767,2,37,17220.36,465.41513513513513,374,1,Champions,0.9998894162428444,6.275751693933827,551.8426033665655,3395.1041286980735
13769,2,10,2796.51,279.651,367,1,Champions,0.9997396281070151,1.8215030003858736,322.9661906730626,576.711965052446
13771,64,4,2634.45,658.6125,247,2,Loyal Customers,0.9991591110163361,0.8044276402926296,710.4230726932631,560.2424498551826
13772,34,3,1132.13,377.3766666666667,240,2,Loyal Customers,0.9993889228138476,0.8255139320279863,439.0029618160447,355.27433636039456
13774,82,1,345.0,345.0,82,3,At Risk / Hibernating,1.0,0.49610945640804094,416.9460280538009,202.78200691206723
13777,1,33,25977.16,787.1866666666666,373,1,Champions,0.9998804330140891,4.850677140529346,822.578093331293,3911.5745448692815
13778,103,1,178.7,178.7,103,3,At Risk / Hibernating,1.0,0.43263224031988,416.9460280538009,176.83602134214524
13780,7,2,360.01,180.005,171,0,Potential Loyalists,0.9994622328858899,0.6875680358902152,336.9516048426916,227.11991299092057
13781,251,1,127.84,127.84,251,3,At Risk / Hibernating,1.0,0.23323339333309942,416.9460280538009,95.33281064275558
13782,13,6,912.0,152.0,328,2,Loyal Customers,0.9996174091247577,1.3237371770045196,195.60095385978633,253.83103919975224
13784,10,11,2462.79,223.89,332,1,Champions,0.9997209274628158,2.429165205575697,253.91396286250185,604.6662174618926
13786,367,1,230.4,230.4,367,3,At Risk / Hibernating,1.0,0.1706375914003699,416.9460280538009,69.74712595224005
13787,76,2,309.04,154.52,364,3,At Risk / Hibernating,0.9992791542334314,0.3794121942424702,317.97546916589647,118.27058001598922
13790,4,1,348.79999999999995,348.79999999999995,4,0,Potential Loyalists,1.0,1.0198350377202603,416.9460280538009,416.8523623056601
13791,128,2,1516.0,758.0,168,2,Loyal Customers,0.9979317945925887,0.6923096402039683,491.7856035859164,333.77069169865206
13792,66,2,195.55,97.775,287,3,At Risk / Hibernating,0.9992593357230339,0.4614765854804946,280.24948903843494,126.78456186458669
13798,1,57,37153.85,651.8219298245614,372,1,Champions,0.9999328916641853,10.779256149526299,700.3008103262428,7400.23603053129
13799,117,2,688.86,344.43,294,3,At Risk / Hibernating,0.9989712645194846,0.45244608177886064,384.71752630900755,170.6399330322816
13800,310,1,558.32,558.32,310,3,At Risk / Hibernating,1.0,0.19682389774551154,416.9460280538009,80.45063166814654
13801,67,1,324.8,324.8,67,3,At Risk / Hibernating,1.0,0.551256579291776,416.9460280538009,225.32311472719084
13802,139,3,4599.42,1533.14,312,2,Loyal Customers,0.9984129274089238,0.6684339382202794,1300.1933145501403,851.9975176889052
13803,255,1,277.07,277.07,255,3,At Risk / Hibernating,1.0,0.22963349450489123,416.9460280538009,93.86137189845881
13804,31,7,2635.79,376.5414285714286,290,2,Loyal Customers,0.9994675138708883,1.464031085264909,388.95571055921215,558.2419688105005
13805,52,2,924.5999999999999,462.29999999999995,129,2,Loyal Customers,0.9991114921179636,0.8296838991171595,420.36993989500377,341.91361883452777
13806,64,1,256.38,256.38,64,3,At Risk / Hibernating,1.0,0.5637907092546836,416.9460280538009,230.44637764675514
13807,367,1,112.6,112.6,367,3,At Risk / Hibernating,1.0,0.1706375914003699,416.9460280538009,69.74712595224005
13808,6,5,1747.66,349.53200000000004,97,1,Champions,0.9995909259102587,2.631879752376255,321.389291670576,829.2202087304411
13809,305,1,155.05,155.05,305,3,At Risk / Hibernating,1.0,0.19892927733522356,416.9460280538009,81.31119381025877
13810,29,3,1499.01,499.67,56,2,Loyal Customers,0.9991904712699364,1.3145031548416004,338.0045517724335,435.56855675877904
13811,184,3,814.5,271.5,239,2,Loyal Customers,0.9943469858825705,0.821349197872782,329.0751947689547,264.96893720037804
13812,42,3,539.0,179.66666666666666,105,2,Loyal Customers,0.999031483790629,1.4608596938565563,235.72378689234637,337.5857967976439
13813,40,4,1366.8600000000001,341.71500000000003,135,2,Loyal Customers,0.9991112127377071,1.6951868724874486,352.33729160592065,585.5290229032737
13814,92,2,1579.12,789.56,137,2,Loyal Customers,0.998499509403282,0.7969676986140956,668.4682511212848,522.2681863701667
13815,22,4,4027.36,1006.84,319,2,Loyal Customers,0.99950848568374,0.8895050533883764,840.562618833287,732.9771487873642
13816,24,2,571.6700000000001,285.83500000000004,64,0,Potential Loyalists,0.9992794602238564,1.2355169907968966,316.74703108119763,383.64856180079676
13817,29,2,382.98,191.49,352,0,Potential Loyalists,0.9994195640956504,0.3912120323481366,341.8237934868919,131.09505960467675
13819,302,3,1140.35,380.1166666666666,320,2,Loyal Customers,0.9704524309047755,0.6363172043316403,384.77201431833385,240.0208917146706
13821,145,2,385.64,192.82,262,3,At Risk / Hibernating,0.9985492428218417,0.49748624374590955,277.7279582330005,135.44799272763768
13822,6,2,632.0,316.0,40,0,Potential Loyalists,0.9994450179495266,1.5079275354288826,299.95529846478803,443.4140438843778
13823,19,2,957.66,478.83,92,0,Potential Loyalists,0.9993665753070112,1.0270520457815486,366.2817186619484,368.79063699024147
13824,33,5,1698.94,339.788,310,2,Loyal Customers,0.9994602933732301,1.1455701394920752,337.2371973197762,378.7295043200337
13826,176,1,189.5,189.5,176,3,At Risk / Hibernating,1.0,0.3036955050590286,416.9460280538009,124.13381380318333
13827,58,3,412.05,137.35,143,2,Loyal Customers,0.9989251301378866,1.198835285011636,248.06049025821852,291.53403013406273
13828,22,1,209.49,209.49,22,0,Potential Loyalists,1.0,0.8179731769372953,416.9460280538009,334.34223777226634
13831,16,6,2202.99,367.16499999999996,370,1,Champions,0.9996027801042153,1.1967824225946326,369.95111627813526,434.04174471324507
13832,19,1,52.2,52.2,19,0,Potential Loyalists,1.0,0.8458779098923013,416.9460280538009,345.74816836534876
13833,159,1,384.8,384.8,159,3,At Risk / Hibernating,1.0,0.32634507793628537,416.9460280538009,133.39170475845282
13835,25,4,834.57,208.6425,215,2,Loyal Customers,0.9994410084692148,1.2120539032983204,238.157246253848,282.9813393596047
13837,212,2,271.24,135.62,318,3,At Risk / Hibernating,0.9978420471714237,0.42500296076550537,297.1474399854764,123.80432063212069
13838,6,4,691.73,172.9325,370,0,Potential Loyalists,0.9995417556718638,0.5805691007937225,296.81021359721285,168.92916186924026
13841,253,1,85.0,85.0,253,3,At Risk / Hibernating,1.0,0.23177997385315355,416.9460280538009,94.73873346268373
13842,59,9,3385.62,376.18,367,2,Loyal Customers,0.9991161580479203,1.8245518097857087,388.52177938202607,694.934031249797
13844,11,1,361.62,361.62,11,0,Potential Loyalists,1.0,0.9305304735307653,416.9460280538009,380.34951849305605
13845,65,1,312.98,312.98,65,3,At Risk / Hibernating,1.0,0.5595498093719844,416.9460280538009,228.7129310090923
13846,25,3,865.0600000000001,288.35333333333335,360,2,Loyal Customers,0.9994780142576668,0.5927119664512528,296.82285042524444,172.4697366956279
13848,92,3,1255.0,418.3333333333333,366,2,Loyal Customers,0.9991318807796091,0.5843336035487955,448.8881205437819,257.1407132948083
13849,52,2,1537.95,768.975,171,2,Loyal Customers,0.9992104509742574,0.687394825548936,660.5203490770491,445.10704232788385
13850,129,1,1595.48,1595.48,129,2,Loyal Customers,1.0,0.3758054953050638,416.9460280538009,153.60838699821088
13851,96,3,2651.46,883.82,288,2,Loyal Customers,0.9989367157162959,0.711875461911355,913.3357796040444,637.3917279526647
13853,57,1,1090.1399999999999,1090.1399999999999,57,2,Loyal Customers,1.0,0.5906504285268684,416.9460280538009,241.4251543093273
13854,9,25,8109.5199999999995,324.38079999999997,366,1,Champions,0.9998166090378592,5.147084173553238,329.2625839703745,1661.4059729327878
13856,169,3,388.5,129.5,203,3,At Risk / Hibernating,0.9933141003437062,0.9291044137585723,246.4145434070996,224.44135778364605
13858,57,1,216.17000000000002,216.17000000000002,57,3,At Risk / Hibernating,1.0,0.5906504285268684,416.9460280538009,241.4251543093273
13859,326,1,201.16,201.16,326,3,At Risk / Hibernating,1.0,0.1883518114615803,416.9460280538009,76.98771382360971
13860,1,5,1245.9,249.18,87,1,Champions,0.9995972368999827,2.221329349701359,318.31855227373245,693.182061828733
13862,18,8,2209.36,276.17,332,1,Champions,0.999613758819343,1.7559027539070542,278.02215875354347,478.57708446787734
13863,248,1,305.78,305.78,248,3,At Risk / Hibernating,1.0,0.23544802447650895,416.9460280538009,96.23802889056574
13865,58,4,501.56,125.39,290,2,Loyal Customers,0.9992274201951821,0.9612944386368825,207.4611558444367,195.50829733494317
13866,74,1,145.67,145.67,74,3,At Risk / Hibernating,1.0,0.5204044314005793,416.9460280538009,212.7124546117273
13867,31,3,1015.29,338.43,218,2,Loyal Customers,0.9993872302791761,0.8859228889897288,430.3878043054856,373.79017779410833
13868,7,2,3192.54,1596.27,39,0,Potential Loyalists,0.9994236219424875,1.5360931306341534,1464.3760571106322,2205.172737330112
13869,123,4,3104.9500000000003,776.2375000000001,357,2,Loyal Customers,0.9985539432666306,0.8072952106264979,784.3800826404947,620.7701786466403
13870,2,8,2770.94,346.3675,288,1,Champions,0.9996695296963658,1.4725538631641746,440.0071405324898,635.1889725779859
13871,23,13,6403.25,492.5576923076923,309,1,Champions,0.9995821078904595,2.8220510709230213,528.8041781544531,1462.9579943034973
13873,120,3,389.6,129.86666666666667,310,3,At Risk / Hibernating,0.99870915037072,0.6721702953457911,238.21640122158408,156.97225090492887
13874,358,1,540.45,540.45,358,3,At Risk / Hibernating,1.0,0.17423463160989283,416.9460280538009,71.21739587129507
13875,54,5,1786.79,357.358,301,2,Loyal Customers,0.9992565135708245,1.173197467412072,374.0362433227077,430.18651814313057
13876,64,1,122.7,122.7,64,3,At Risk / Hibernating,1.0,0.5637907092546836,416.9460280538009,230.44637764675514
13877,86,1,117.24,117.24,86,3,At Risk / Hibernating,1.0,0.4800999270339793,416.9460280538009,196.23819354080604
13878,55,1,1281.53,1281.53,55,2,Loyal Customers,1.0,0.6050634511490638,416.9460280538009,247.31640605452026
13880,21,13,3219.77,247.67461538461538,367,1,Champions,0.9996214468069952,2.0276158159056887,354.9172565867854,705.4801661696125
13881,4,20,17159.52,857.976,312,1,Champions,0.9998121884259759,3.747509739105317,1028.129131820929,3777.1355874277115
13882,3,5,1191.13,238.22600000000003,64,1,Champions,0.9996206338047858,3.2653376292630383,287.34901253181624,919.8360086012378
13883,11,5,2674.48,534.896,253,1,Champions,0.9995150159035173,0.7897179755367655,688.6940468928871,533.1756607210597
13884,7,5,787.6,157.52,283,0,Potential Loyalists,0.9995757053272211,0.9780220604050963,272.56730912246144,261.3330843911349
13885,189,2,506.8,253.4,201,3,At Risk / Hibernating,0.9953458100531903,0.6083591732097424,274.10729861494076,163.47548030500104
13886,71,1,243.56,243.56,71,3,At Risk / Hibernating,1.0,0.5315606090478071,416.9460280538009,217.27248589139984
13887,204,1,349.55,349.55,204,3,At Risk / Hibernating,1.0,0.2725408341327525,416.9460280538009,111.3995112365646
13888,120,2,605.63,302.815,218,3,At Risk / Hibernating,0.9986459370613636,0.5720890221330839,393.46899311541466,220.67140868090274
13889,93,1,416.90000000000003,416.90000000000003,93,3,At Risk / Hibernating,1.0,0.4622015646111686,416.9460280538009,188.92232977380573
13890,1,10,1883.81,188.381,359,1,Champions,0.9997447546412265,1.859904934500768,237.78123979675084,433.5511593589147
13892,27,4,632.97,158.2425,247,2,Loyal Customers,0.9994537005921882,1.0927765632281168,255.5219280879847,273.7357798030357
13893,298,1,821.1,821.1,298,3,At Risk / Hibernating,1.0,0.20327811545284508,416.9460280538009,83.08875711407012
13894,24,3,564.62,188.20666666666668,310,0,Potential Loyalists,0.9994289622183851,0.4335418772089427,410.8610902093087,174.62158480348273
13895,28,4,2593.07,648.2675,165,2,Loyal Customers,0.9993587325588866,1.4772620869670157,647.3640282180075,937.5151055202853
13897,50,1,311.16,311.16,50,3,At Risk / Hibernating,1.0,0.6254118329543538,416.9460280538009,255.63370703390643
13898,326,1,155.93,155.93,326,3,At Risk / Hibernating,1.0,0.18882992870078272,416.9460280538009,77.18314156533768
13899,16,2,388.52,194.26,275,0,Potential Loyalists,0.999444222123516,0.4790577307156555,265.9654326625947,124.90646940173366
13900,183,3,740.95,246.98333333333335,263,2,Loyal Customers,0.9956964650885661,0.765308156795594,274.6167843666746,206.0323296847725
13901,72,5,2867.2000000000003,573.44,319,2,Loyal Customers,0.9990479956373374,1.121425204879129,607.6428134505347,668.0218294782711
13904,37,2,332.64,166.32,295,0,Potential Loyalists,0.9993801714557319,0.452631280640618,285.1309140592119,126.5204532999424
13908,80,4,2369.55,592.3875,277,2,Loyal Customers,0.998937581210016,0.997230374841444,566.4440827041943,553.7637548596826
13911,57,9,2580.91,286.7677777777778,308,2,Loyal Customers,0.9989379061957897,2.1048774060595807,297.9993353300893,614.9137057351099
13914,12,2,626.45,313.225,36,0,Potential Loyalists,0.9993764989600004,1.5652919498459008,365.4227356403169,560.7423772379155
13917,50,2,272.04,136.02,192,3,At Risk / Hibernating,0.9992541838423842,0.6318927949674493,319.83198085780975,198.12408090504476
13918,50,2,1212.8400000000001,606.4200000000001,253,2,Loyal Customers,0.9993114565411216,0.5102369625653955,692.9723581792248,346.62487900711966
13919,59,2,384.81,192.405,122,3,At Risk / Hibernating,0.9989955366213975,0.8645258843324203,303.6683218486146,257.3650645029485
13922,352,1,172.25,172.25,352,3,At Risk / Hibernating,1.0,0.17713892272193815,416.9460280538009,72.40450851708758
13923,54,1,351.13,351.13,54,3,At Risk / Hibernating,1.0,0.6100253908571814,416.9460280538009,249.34457445004938
13924,2,6,1838.8500000000001,306.475,72,1,Champions,0.9996666550884353,3.7182199512151852,266.92860070664443,972.9775122600649
13925,93,4,678.25,169.5625,135,2,Loyal Customers,0.997558500143008,1.2502820543011013,247.68770383128563,303.5880053614727
13926,23,1,223.85000000000002,223.85000000000002,23,0,Potential Loyalists,1.0,0.8090762961242793,416.9460280538009,330.70567908275973
13927,75,1,348.99,348.99,75,3,At Risk / Hibernating,1.0,0.5204044314005793,416.9460280538009,212.7124546117273
13928,11,4,464.57,116.1425,133,0,Potential Loyalists,0.9995228324770213,1.7042819271525773,203.166199975327,339.44165290135754
13929,169,2,842.65,421.325,326,3,At Risk / Hibernating,0.9985884943275466,0.41562900411413817,422.88223432386155,172.30470396029665
13930,58,2,337.34,168.67,137,3,At Risk / Hibernating,0.9990765371790381,0.8013190039334044,283.20051135468515,222.47004610109423
13931,96,2,1237.53,618.765,281,2,Loyal Customers,0.9990901478038192,0.47065398318376117,621.2426576847048,286.6387406620722
13932,295,1,307.4,307.4,295,3,At Risk / Hibernating,1.0,0.20495835604064036,416.9460280538009,83.77554608371102
13933,109,2,608.79,304.395,148,3,At Risk / Hibernating,0.9981790229264007,0.7563172927483666,366.5403372060955,271.76770687798535
13934,264,1,922.1,922.1,264,3,At Risk / Hibernating,1.0,0.22409923079679753,416.9460280538009,91.5992722480983
13936,180,1,376.58,376.58,180,3,At Risk / Hibernating,1.0,0.300020934317706,416.9460280538009,122.63185288017826
13937,169,1,158.85,158.85,169,3,At Risk / Hibernating,1.0,0.3126298431258797,416.9460280538009,127.78567627738681
13938,35,1,71.66,71.66,35,3,At Risk / Hibernating,1.0,0.7156671799454195,416.9460280538009,292.52514324719823
13939,23,3,568.55,189.51666666666665,312,0,Potential Loyalists,0.9994707852289864,0.6691421703047503,274.8316104432122,180.28391978508927
13940,17,4,839.14,209.785,144,0,Potential Loyalists,0.9994598436439067,1.6161537670583939,265.6219165403852,420.8417246499108
13941,22,5,5112.96,1022.592,373,1,Champions,0.9995537892571609,0.9846006193758179,871.9113832939778,841.5973953532389
13946,79,3,561.57,187.19000000000003,268,2,Loyal Customers,0.9990539333409882,0.7564607335546369,264.6178941866528,196.2354868380773
13947,65,1,90.60000000000001,90.60000000000001,65,3,At Risk / Hibernating,1.0,0.5553722353508629,416.9460280538009,227.0053685269044
13948,361,1,102.0,102.0,361,3,At Risk / Hibernating,1.0,0.17342224475929724,416.9460280538009,70.88533732123224
13949,3,6,2427.32,404.55333333333334,95,1,Champions,0.9996563427323754,3.216273105770396,385.2673562539149,1214.7520141911293
13950,11,4,745.0600000000001,186.26500000000001,247,0,Potential Loyalists,0.9995498528690814,1.092881693615475,252.4729655649163,270.49550473569957
13951,176,3,674.45,224.8166666666667,294,2,Loyal Customers,0.99711282182511,0.6988295968390673,299.4228777927509,205.12953383701563
13952,218,2,3251.071,1625.5355,239,2,Loyal Customers,0.9952235347291032,0.5329813337444304,782.4128107595342,408.8084552355205
13953,7,7,3515.68,502.23999999999995,353,1,Champions,0.9996719440116473,1.4588907673005762,488.680659109731,698.907849353016
13954,2,2,439.92,219.96,71,0,Potential Loyalists,0.9994838866647736,1.1824090268124707,322.5336210064895,373.865164591984
13955,154,2,322.96,161.48,306,3,At Risk / Hibernating,0.9986580998455065,0.43899968057513583,278.8224688573374,119.99518884155103
13956,5,5,1026.42,205.28400000000002,271,0,Potential Loyalists,0.9996212619159658,1.2771865266481761,269.60191369401775,337.5587149171159
13959,79,3,598.2,199.4,362,2,Loyal Customers,0.999213915323752,0.589805472132527,274.64521722974575,158.80080889819206
13960,21,2,230.22,115.11,72,0,Potential Loyalists,0.9993145839015636,1.1737615502313987,271.55344049148795,312.46937320001365
13962,22,2,169.54999999999998,84.77499999999999,246,0,Potential Loyalists,0.9994220190876547,0.52329628770974,248.3839898488787,127.42163206924958
13963,308,4,664.54,166.135,368,2,Loyal Customers,0.9588961687801985,0.7574517730647486,239.86658587308003,178.11342107515412
13967,146,1,80.7,80.7,146,3,At Risk / Hibernating,1.0,0.3477004125556604,416.9460280538009,142.12058357963045
13969,7,18,9053.94,502.99666666666667,365,1,Champions,0.9997922083548141,3.488487595100754,537.2589488560005,1837.3543535226918
13971,19,8,2758.26,344.7825,286,1,Champions,0.9995943637839001,1.9889957662320226,356.46581374172376,695.0624509519965
13972,71,2,190.25,95.125,202,3,At Risk / Hibernating,0.9991189253116534,0.6084032291348179,244.87416674973917,146.0516412737449
13973,287,1,264.7,264.7,287,3,At Risk / Hibernating,1.0,0.20898906300458944,416.9460280538009,85.42307509676435
13974,49,1,413.59000000000003,413.59000000000003,49,3,At Risk / Hibernating,1.0,0.6307145960879933,416.9460280538009,257.80118548055043
13975,31,6,2526.28,421.0466666666667,277,2,Loyal Customers,0.999444594034806,1.2584531247224369,451.74247798525323,557.314051676885
13976,207,1,357.98,357.98,207,3,At Risk / Hibernating,1.0,0.27055831498777666,416.9460280538009,110.58916735766365
13978,15,2,196.79,98.395,45,0,Potential Loyalists,0.9993528747914008,1.4416291375545809,241.84925342087553,341.7989347641723
13979,73,1,869.87,869.87,73,3,At Risk / Hibernating,1.0,0.5240707584800869,416.9460280538009,214.21104727156546
13980,60,1,200.14,200.14,60,3,At Risk / Hibernating,1.0,0.5769080982349951,416.9460280538009,235.80804501970792
13982,39,4,1871.81,467.9525,365,2,Loyal Customers,0.9994367123227347,0.7931139145638247,463.1298675721275,360.0893407297369
13983,30,12,2603.43,216.9525,367,1,Champions,0.9995409277561622,2.032113279570123,271.5064648466774,540.8789905131989
13984,27,5,920.51,184.102,366,2,Loyal Customers,0.9995252662805878,0.9981533684354931,242.3065775410647,237.10156200452178
13985,4,15,7060.13,470.67533333333336,264,1,Champions,0.9997917839855243,4.0061506384247245,471.6685063527618,1852.4067604294992
13986,17,1,320.46,320.46,17,0,Potential Loyalists,1.0,0.8655634485010557,416.9460280538009,353.79454187048543
13988,20,6,4147.96,691.3266666666667,255,1,Champions,0.9995447273809219,1.6228042874594375,649.2393379946931,1032.8637875535533
13989,66,2,1266.08,633.04,239,2,Loyal Customers,0.9992147744575901,0.5333811593741717,394.99299525056733,206.53753124791842
13990,213,1,311.3,311.3,213,3,At Risk / Hibernating,1.0,0.26384099464975075,416.9460280538009,107.84349938648381
13991,12,6,855.97,142.66166666666666,143,2,Loyal Customers,0.999532874610318,2.0482121315495405,235.31963746190962,472.50386863583503
13992,30,1,76.8,76.8,30,3,At Risk / Hibernating,1.0,0.7518339371168964,416.9460280538009,307.3081333353372
13993,43,9,3466.36,385.1511111111111,331,1,Champions,0.9993327946043576,1.989604738908094,395.95848287447484,772.3043919887338
13994,4,6,2313.14,385.5233333333333,148,1,Champions,0.9996531768538248,2.415830798165134,407.18824826626906,964.3485736421085
13995,15,5,1393.69,278.738,246,2,Loyal Customers,0.9995534368252752,1.3828533831530727,303.7796471817994,411.81946449526015
13999,10,12,3901.81,325.1508333333333,362,1,Champions,0.9997289148405463,2.47458508934472,335.8389326233335,814.7145682169912
14000,211,1,635.66,635.66,211,3,At Risk / Hibernating,1.0,0.26572594996969207,416.9460280538009,108.61396456244529
14001,46,3,2043.0800000000002,681.0266666666668,373,2,Loyal Customers,0.9993991378889218,0.5752326203091851,703.7855787696531,396.87682071841004
14002,134,2,529.73,264.865,156,3,At Risk / Hibernating,0.997341336721207,0.728808576447686,365.21953535562983,260.9393063984769
14004,43,7,4582.64,654.6628571428572,289,2,Loyal Customers,0.9992974546772803,1.7197902627025523,581.7591380781294,980.8232637683241
14005,10,5,2874.72,574.944,216,1,Champions,0.9995881049512451,1.5289925769883819,614.3722686223671,920.8928203709313
14006,116,3,962.19,320.73,312,2,Loyal Customers,0.99877577123502,0.6669216558910023,361.2991062495938,236.21834095359242
14009,198,2,695.61,347.805,205,3,At Risk / Hibernating,0.9947164954969019,0.596878353703937,369.7268871250511,216.34099283672185
14012,278,1,328.8,328.8,278,3,At Risk / Hibernating,1.0,0.21503017704195912,416.9460280538009,87.892346853725
14013,110,3,473.02,157.67333333333332,276,3,At Risk / Hibernating,0.9986823903167443,0.7385921772178793,265.5024721488664,192.24064429924982
14014,77,1,505.18,505.18,77,3,At Risk / Hibernating,1.0,0.5097069171828498,416.9460280538009,208.33989986882636
14015,53,1,917.34,917.34,53,3,At Risk / Hibernating,1.0,0.6150693878726767,416.9460280538009,251.4062834017911
14016,162,4,4341.21,1085.3025,357,2,Loyal Customers,0.9975871428534938,0.8065135870112491,977.9147793606793,773.1871188449757
14019,47,3,1421.6100000000001,473.87000000000006,138,2,Loyal Customers,0.9990974537744954,1.2280094197766405,481.21312664867406,579.3103899969258
14020,17,2,642.8,321.4,88,0,Potential Loyalists,0.9993801494957525,1.046697238551308,368.32295788539534,377.9393132493515
14021,155,3,631.9,210.63333333333333,256,2,Loyal Customers,0.9972342707554613,0.7806421515070288,290.29592874691104,222.15950695594034
14022,225,1,440.0,440.0,225,3,At Risk / Hibernating,1.0,0.2530699262970115,416.9460280538009,103.44088423521646
14023,7,2,584.07,292.035,250,0,Potential Loyalists,0.9994695878745211,0.5151175702675458,367.98583014034637,185.82723512123567
14024,122,2,327.7,163.85,124,3,At Risk / Hibernating,0.9969187698340153,0.8493152387800325,254.5261802723729,211.92074547664816
14027,61,1,104.82,104.82,61,3,At Risk / Hibernating,1.0,0.5769080982349951,416.9460280538009,235.80804501970792
14029,63,2,467.66,233.83,144,3,At Risk / Hibernating,0.9990336654690677,0.7711831211139643,364.0742246601211,275.2450398021287
14030,18,8,2360.09,295.01125,366,1,Champions,0.9996095933563349,1.4118490710582317,302.77351446551427,419.06185717195217
14031,7,19,17286.86,909.8347368421053,372,1,Champions,0.9997931162702987,3.4331197281716883,935.5182027281019,3148.569368520682
14032,2,11,2975.59,270.5081818181818,367,1,Champions,0.9997705678313722,2.2394124473487502,282.80512727094845,620.8596009236453
14034,22,3,651.8199999999999,217.2733333333333,157,0,Potential Loyalists,0.9993858868255365,0.7270705747967043,306.554689528828,218.50257551248205
14035,29,5,1428.02,285.604,298,2,Loyal Customers,0.9994822896571482,1.1862879084175457,312.13919477442664,363.0031603028201
14036,285,1,626.65,626.65,285,3,At Risk / Hibernating,1.0,0.21076545282052764,416.9460280538009,86.1491645454829
14037,176,2,147.20000000000002,73.60000000000001,365,3,At Risk / Hibernating,0.9986799358760796,0.37918467948762913,240.74088823167358,89.48957908175213
14038,78,3,1560.38,520.1266666666667,207,2,Loyal Customers,0.9988660750314288,0.9207553013194689,420.15829201388664,379.2531431689129
14039,33,1,152.2,152.2,33,0,Potential Loyalists,1.0,0.7297081291462637,416.9460280538009,298.26431428360155
14040,41,12,3614.92,301.24333333333334,331,1,Champions,0.9993171833437658,2.434254572941941,341.3335141184772,814.5485924090393
14041,266,1,141.41,141.41,266,3,At Risk / Hibernating,1.0,0.22209203923416623,416.9460280538009,90.77884382303202
14044,27,4,652.82,163.205,310,2,Loyal Customers,0.9994839443896135,0.9106627409214342,231.66559691339376,206.8193000007323
14045,109,4,1659.75,414.9375,374,2,Loyal Customers,0.9990126771498059,0.575010181830723,574.7351317037092,323.9777204550731
14046,284,1,154.99,154.99,284,3,At Risk / Hibernating,1.0,0.21076545282052764,416.9460280538009,86.1491645454829
14047,9,5,1308.6100000000001,261.72200000000004,373,2,Loyal Customers,0.9996148271783227,0.9846607441791324,291.86371030532405,281.73360577850127
14048,305,1,409.93,409.93,305,3,At Risk / Hibernating,1.0,0.19892927733522356,416.9460280538009,81.31119381025877
14049,17,4,5681.72,1420.43,318,2,Loyal Customers,0.9995380107465255,0.8918359584756047,1232.9760993416485,1077.98217893712
14050,32,2,746.36,373.18,106,0,Potential Loyalists,0.9992727596151024,0.9389077855977074,344.64088834278016,317.22096762274
14051,1,23,15610.390000000001,678.7126086956522,367,1,Champions,0.999871492942954,4.5149894906804615,698.0651191692448,3089.760274432686
14052,20,1,225.35999999999999,225.35999999999999,20,0,Potential Loyalists,1.0,0.8458779098923013,416.9460280538009,345.74816836534876
14053,124,2,260.25,130.125,160,3,At Risk / Hibernating,0.9978651153052833,0.7195948467747811,273.3452975473644,192.82870095792623
14054,65,1,92.46000000000001,92.46000000000001,65,3,At Risk / Hibernating,1.0,0.5553722353508629,416.9460280538009,227.0053685269044
14055,106,1,725.6400000000001,725.6400000000001,106,3,At Risk / Hibernating,1.0,0.42521324797573734,416.9460280538009,173.80354679285344
14056,1,23,8214.65,357.1586956521739,284,1,Champions,0.9998678357004908,5.818615279156443,349.72828560650413,1994.90683846909
14057,24,17,6217.96,365.76235294117646,361,1,Champions,0.9996072372098217,2.899428942857338,407.89165573290563,1159.3894876259417
14059,267,1,183.6,183.6,267,3,At Risk / Hibernating,1.0,0.22209203923416623,416.9460280538009,90.77884382303202
14060,5,19,6140.42,323.18,373,1,Champions,0.9998281719928325,3.841293090186202,328.01217661773245,1235.2062932869615
14062,10,12,10464.85,872.0708333333333,364,1,Champions,0.9997260038762107,2.249655763858274,894.2055049579129,1972.0841579502044
14064,29,5,1353.74,270.748,274,2,Loyal Customers,0.9994599587220963,1.2658109014007197,320.30320871562833,397.4679759012161
14066,267,1,152.55,152.55,267,3,At Risk / Hibernating,1.0,0.22209203923416623,416.9460280538009,90.77884382303202
14067,64,2,374.7,187.35,97,3,At Risk / Hibernating,0.9987739111376791,0.9953299479379369,293.679180580932,286.55791322175367
14068,320,1,265.85,265.85,320,3,At Risk / Hibernating,1.0,0.19125739301930922,416.9460280538009,78.17535400622941
14071,4,8,1438.82,179.8525,265,1,Champions,0.999688776219154,1.8444645789911807,237.15635481611264,428.8221166244415
14073,32,1,151.04,151.04,32,0,Potential Loyalists,1.0,0.7369372624707086,416.9460280538009,301.2191881649226
14075,5,3,942.26,314.08666666666664,261,0,Potential Loyalists,0.9995408289070856,0.7705912964432635,353.9034026440863,267.35037184163565
14076,129,1,122.47,122.47,129,3,At Risk / Hibernating,1.0,0.3758054953050638,416.9460280538009,153.60838699821088
14077,41,5,499.42,99.884,274,2,Loyal Customers,0.9993585620598398,1.2656824830490592,168.08122906924257,208.5527913239162
14078,102,6,1049.37,174.89499999999998,373,2,Loyal Customers,0.99855118942981,1.1847038909532617,226.91628216777912,263.5405375998227
14079,125,1,375.1,375.1,125,3,At Risk / Hibernating,1.0,0.3855442702553646,416.9460280538009,157.5890598754107
14080,33,1,45.599999999999994,45.599999999999994,33,3,At Risk / Hibernating,1.0,0.7369372624707086,416.9460280538009,301.2191881649226
14081,302,2,934.52,467.26,369,3,At Risk / Hibernating,0.9956995604772025,0.3737369886012615,460.3819232251944,168.67711605506673
14082,365,1,182.25,182.25,365,3,At Risk / Hibernating,1.0,0.17181998815269117,416.9460280538009,70.23042396023831
14083,4,9,1018.43,113.15888888888888,372,1,Champions,0.9997103950736588,1.6004191755077144,146.3229873543063,229.57167189947756
14085,2,18,4448.54,247.14111111111112,369,1,Champions,0.9998218564025636,3.258749690803385,286.19103349962285,914.2797453330065
14087,3,1,194.42,194.42,3,0,Potential Loyalists,1.0,1.0485879748298077,416.9460280538009,428.604999637075
14088,10,13,50491.81,3883.9853846153846,322,1,Champions,0.9997211822633201,2.7213857724558754,3570.2042246201527,9524.786765147697
14089,57,1,161.0,161.0,57,3,At Risk / Hibernating,1.0,0.5953778621337587,416.9460280538009,243.3574693926252
14090,325,1,76.32000000000001,76.32000000000001,325,3,At Risk / Hibernating,1.0,0.18931047945452373,416.9460280538009,77.37956399291005
14092,8,14,4076.9100000000003,291.20785714285716,358,1,Champions,0.9997504557410432,2.492024358700996,354.46149390158183,865.9511615544777
14093,12,1,442.85,442.85,12,0,Potential Loyalists,1.0,0.9190337185186397,416.9460280538009,375.6502716752353
14096,4,17,65164.79,3833.2229411764706,102,1,Champions,0.9997640272506573,8.905424409549884,3823.332098423464,33378.69623398577
14098,37,1,147.35,147.35,37,3,At Risk / Hibernating,1.0,0.7088474102284074,416.9460280538009,289.73759499029745
14099,16,11,3104.17,282.1972727272727,355,1,Champions,0.9996686554949005,2.302706457408658,287.1865388986415,648.2980345721639
14100,138,1,194.9,194.9,138,3,At Risk / Hibernating,1.0,0.3612070687793727,416.9460280538009,147.64135746902377
14101,74,6,5976.79,996.1316666666667,326,2,Loyal Customers,0.9989486395947506,1.326200660745396,926.3184398502942,1204.3190156641028
14102,5,5,1360.28,272.056,45,1,Champions,0.9995612719453139,3.8431936749877913,275.88996616758266,1039.4436023742337
14104,155,2,216.21,108.105,166,3,At Risk / Hibernating,0.9963885246888153,0.7001027094278812,272.8603877770886,187.27261029729823
14105,239,1,1266.23,1266.23,239,3,At Risk / Hibernating,1.0,0.24156466375370944,416.9460280538009,98.73817145590178
14107,52,7,2703.23,386.17571428571426,364,2,Loyal Customers,0.9993118405058831,1.417947938842408,394.3810257781611,548.2116728531032
14108,31,2,597.91,298.955,102,0,Potential Loyalists,0.9992738389961708,0.9665311859666257,365.97691823491783,346.7701659142159
14109,73,1,144.2,144.2,73,3,At Risk / Hibernating,1.0,0.5277891125744973,416.9460280538009,215.73090573137534
14110,4,12,5683.15,473.5958333333333,267,1,Champions,0.9997717261617788,3.176457939730299,432.76831601810215,1347.6302044575593
14111,14,4,692.85,173.2125,242,0,Potential Loyalists,0.9995310994937344,1.11048942592531,260.37145903018796,283.45219879215585
14112,23,7,2915.15,416.45,276,1,Champions,0.999514931338398,1.2622004394319946,538.9640383582579,666.8991080441912
14113,4,4,1840.42,460.105,355,1,Champions,0.9995962457463098,0.8138696699489449,454.4175171814069,362.56163201383816
14114,274,2,386.53,193.265,331,3,At Risk / Hibernating,0.9958293586205701,0.4103249759213129,312.7846255298007,125.81870038300215
14116,20,5,1382.74,276.548,122,2,Loyal Customers,0.9994136561835343,2.2851298426274025,299.81670278112597,671.6438450004422
14117,144,1,90.0,90.0,144,3,At Risk / Hibernating,1.0,0.35098148425620496,416.9460280538009,143.46170415757192
14121,4,4,2780.15,695.0375,60,1,Champions,0.9995697532447354,2.6899351233793563,728.1351267425058,1920.1110467235258
14124,84,1,419.58,419.58,84,3,At Risk / Hibernating,1.0,0.48637812441226147,416.9460280538009,198.80437460974935
14125,11,3,2740.43,913.4766666666666,78,2,Loyal Customers,0.99945861642428,1.7299887027078913,610.0076779469774,1034.5486675047384
14126,8,3,706.1300000000001,235.3766666666667,11,0,Potential Loyalists,0.9993965126357764,2.0808229605068522,253.25617849307898,516.6160320492071
14127,123,3,709.71,236.57000000000002,311,2,Loyal Customers,0.998670701843435,0.6703707998029044,278.3162157729323,182.90497111571239
14128,61,2,637.5,318.75,256,2,Loyal Customers,0.9992596729235813,0.5070606605070437,377.69788011072853,187.7484525609953
14129,2,5,1123.8600000000001,224.77200000000002,261,1,Champions,0.9996024887886048,1.046427629094493,300.2984635350307,308.059290096167
14130,319,1,483.86,483.86,319,3,At Risk / Hibernating,1.0,0.1917503945925192,416.9460280538009,78.37686563865186
14132,2,11,3586.03,326.00272727272727,184,1,Champions,0.9997620652756436,3.865609647850145,337.2091476946165,1277.8788109266743
14133,130,3,605.64,201.88,316,2,Loyal Customers,0.9989244948762985,0.42768019983850036,357.230069616799,149.7748890824544
14135,2,15,4690.31,312.68733333333336,373,1,Champions,0.9998108128317538,2.821109185560322,331.15653090551206,915.8519503409412
14138,2,2,982.38,491.19,64,0,Potential Loyalists,0.9994835238853903,1.2451345509130372,383.33668801079347,467.9171626335128
14139,46,1,415.82,415.82,46,3,At Risk / Hibernating,1.0,0.647176515107259,416.9460280538009,264.5299144689541
14140,4,2,935.05,467.525,32,0,Potential Loyalists,0.9994614956776274,1.6437350650960272,406.3768293813291,654.8370705071534
14141,3,4,915.13,228.7825,105,0,Potential Loyalists,0.9995893175430266,1.9787120520115549,267.89063274849514,519.6518252955995
14142,373,1,311.81,311.81,373,3,At Risk / Hibernating,1.0,0.16832095589037088,416.9460280538009,68.8002142525221
14143,134,1,115.8,115.8,134,3,At Risk / Hibernating,1.0,0.3683617011303699,416.9460280538009,150.56577550814916
14145,47,4,3742.2,935.55,217,2,Loyal Customers,0.9992315015067975,1.2033249328517603,744.1121705149624,877.795567116678
14146,9,5,4191.0,838.2,357,1,Champions,0.9995775353235661,0.8081227482580614,824.7704334185281,653.4048115553401
14147,78,2,483.4,241.7,286,3,At Risk / Hibernating,0.9991976056114782,0.46405543997652404,363.2152416384896,165.2364319442128
14148,234,1,157.2,157.2,234,3,At Risk / Hibernating,1.0,0.24636484794754618,416.9460280538009,100.7002203133716
14149,221,1,446.62,446.62,221,3,At Risk / Hibernating,1.0,0.257449145364551,416.9460280538009,105.23086600159385
14150,36,2,658.64,329.32,360,0,Potential Loyalists,0.9994047895614833,0.3838932703074595,387.1651661018285,145.70639149647934
14152,75,2,621.29,310.645,234,3,At Risk / Hibernating,0.9991438699308854,0.5421455994155605,366.06928200068467,194.558919673445
14154,239,2,1345.62,672.81,239,2,Loyal Customers,1.0,0.24156466375370944,416.9460280538009,98.73817145590178
14155,266,1,118.75,118.75,266,3,At Risk / Hibernating,1.0,0.22209203923416623,416.9460280538009,90.77884382303202
14156,10,55,117379.63,2134.175090909091,372,1,Champions,0.9998255415796392,8.75772244499584,2723.0942193841483,23379.00303910986
14157,20,2,432.88,216.44,285,0,Potential Loyalists,0.9994366655557895,0.4641664661309255,296.30231152870994,134.82818141583337
14158,40,1,507.65999999999997,507.65999999999997,40,0,Potential Loyalists,1.0,0.6828203839365179,416.9460280538009,279.09917305381475
14159,20,11,4693.01,426.6372727272728,363,1,Champions,0.9996444022782853,2.259910414401277,446.5312789496172,989.2707037686005
14161,216,3,1110.52,370.17333333333335,369,2,Loyal Customers,0.9970159022337072,0.5791019960419639,414.8855755176919,235.5348991700491
14162,174,2,289.36,144.68,293,3,At Risk / Hibernating,0.998324089625432,0.45465826396332343,275.9684284951424,123.00318588080383
14163,87,4,2445.91,611.4775,239,2,Loyal Customers,0.9986014312907978,1.116661413669686,604.9738461157883,662.2624597458058
14164,71,2,1631.77,815.885,81,2,Loyal Customers,0.9983770661504274,1.1018062697239699,389.72364241356973,420.9535954484852
14165,276,1,122.53999999999999,122.53999999999999,276,3,At Risk / Hibernating,1.0,0.21628055408770347,416.9460280538009,88.40343152363323
14167,39,4,574.84,143.71,331,2,Loyal Customers,0.9994182522873128,0.860516708093901,219.04001115842001,184.77988495871747
14171,98,1,363.79,363.79,98,3,At Risk / Hibernating,1.0,0.44558977364094743,416.9460280538009,182.13234592874397
14173,11,4,450.84,112.71,219,0,Potential Loyalists,0.9995097903673303,0.8829546788114019,259.90435733085735,224.9696733347444
14174,33,1,134.46,134.46,33,3,At Risk / Hibernating,1.0,0.7297081291462637,416.9460280538009,298.26431428360155
14175,60,3,3222.3,1074.1000000000001,330,2,Loyal Customers,0.9993019123069266,0.6387690834744124,1069.583839801049,669.7775947275608
14176,297,4,576.9000000000001,144.22500000000002,368,3,At Risk / Hibernating,0.9888772848534011,0.5770097370117278,285.3517697795385,161.41191182378725
14177,86,4,559.41,139.8525,180,2,Loyal Customers,0.9985224647402206,1.024373284399629,292.9275481844966,294.16468071108113
14178,9,7,1620.93,231.5614285714286,182,1,Champions,0.9996350105155525,2.4469333726951548,266.48359800203525,639.2413594363479
14179,41,2,719.78,359.89,52,0,Potential Loyalists,0.9989396445838956,1.3576341546167725,302.02424681796504,401.9730399866934
14180,11,25,4748.52,189.94080000000002,372,1,Champions,0.9997934767419856,4.861253076774401,208.25927720730107,992.4866910467993
14184,67,1,452.89,452.89,67,3,At Risk / Hibernating,1.0,0.551256579291776,416.9460280538009,225.32311472719084
14185,331,1,197.65,197.65,331,3,At Risk / Hibernating,1.0,0.1859970890947965,416.9460280538009,76.02523426018668
14188,31,6,2054.36,342.3933333333334,310,2,Loyal Customers,0.9994829690545729,1.3829292214465871,347.4657795435985,471.0684335856291
14189,2,15,4654.08,310.272,369,1,Champions,0.9998046536714126,2.8469135406412573,340.88308107084936,951.3751070114613
14191,2,13,4684.76,360.36615384615385,221,1,Champions,0.9997975231664483,3.9934607335563554,381.3288746587312,1492.8678873195754
14193,68,2,853.39,426.695,270,2,Loyal Customers,0.9992375460429723,0.48604474251473057,423.3671440941374,201.72758508987937
14194,5,21,11349.52,540.4533333333334,308,1,Champions,0.999796117174715,3.538616578337534,746.3367232915317,2589.0501085942115
14195,202,2,1012.0,506.0,252,3,At Risk / Hibernating,0.9969322410171353,0.5106081118637096,309.18243866489433,154.76559875549071
14196,107,1,335.52,335.52,107,3,At Risk / Hibernating,1.0,0.42521324797573734,416.9460280538009,173.80354679285344
14198,18,4,701.4,175.35,239,0,Potential Loyalists,0.9995052873101393,1.117672128363943,241.03335420867944,264.0970767035164
14199,218,1,185.39999999999998,185.39999999999998,218,3,At Risk / Hibernating,1.0,0.25924356559595163,416.9460280538009,105.96432543534883
14201,60,7,747.44,106.77714285714286,359,2,Loyal Customers,0.9991798103237368,1.4343235162487595,162.73990572694507,228.83010715038898
14204,2,1,161.03,161.03,2,0,Potential Loyalists,1.0,1.0485879748298077,416.9460280538009,428.604999637075
14205,17,2,466.7,233.35,264,0,Potential Loyalists,0.9994427273695144,0.49344494467146344,336.98393216071,163.01208063450096
14206,239,1,328.15999999999997,328.15999999999997,239,3,At Risk / Hibernating,1.0,0.24156466375370944,416.9460280538009,98.73817145590178
14208,95,1,151.74,151.74,95,3,At Risk / Hibernating,1.0,0.4565283672980163,416.9460280538009,186.6034395964469
14209,11,6,2073.43,345.57166666666666,332,1,Champions,0.9996295122786273,1.3072470393514821,358.6768195428136,459.6560340552493
14210,106,6,1905.8400000000001,317.64000000000004,372,2,Loyal Customers,0.9984353557916357,1.1899510011212597,338.46872530811726,394.83857826291853
14211,53,9,2241.1,249.0111111111111,295,2,Loyal Customers,0.9989976294398437,2.180182347807473,281.6900859455346,602.0554174308835
14212,90,1,1070.48,1070.48,90,3,At Risk / Hibernating,1.0,0.4709807600913632,416.9460280538009,192.51078080038636
14214,31,5,1004.38,200.876,278,2,Loyal Customers,0.9994537766086224,1.2548273104107652,164.87137962306937,202.81555161835587
14215,12,6,1789.72,298.2866666666667,368,1,Champions,0.9996289950317993,1.1995525874735091,342.1716773217469,402.37900078938344
14216,3,4,1839.3,459.825,38,1,Champions,0.9995614427133357,3.2483781028645087,447.83463904104985,1426.1229905301007
14217,2,17,2004.98,117.94,366,1,Champions,0.9998281857018915,3.2737527138589373,146.7687618403134,471.0332628748052
14218,43,1,169.48000000000002,169.48000000000002,43,3,At Risk / Hibernating,1.0,0.6705106996842412,416.9460280538009,274.0676490911154
14219,4,1,89.94,89.94,4,0,Potential Loyalists,1.0,1.0198350377202603,416.9460280538009,416.8523623056601
14220,247,2,632.4000000000001,316.20000000000005,358,3,At Risk / Hibernating,0.9975359734770819,0.3840728710070855,371.9066719971483,140.02946504609827
14221,42,9,3432.8,381.4222222222222,339,1,Champions,0.9993858813887864,1.5049451564766967,503.21867625390894,742.4195983742558
14222,177,1,683.17,683.17,177,3,At Risk / Hibernating,1.0,0.3024606876171741,416.9460280538009,123.62908884763294
14223,92,3,991.13,330.37666666666667,264,2,Loyal Customers,0.9988939477903714,0.763154134385945,370.2965278081095,277.03449758919965
14224,110,4,1050.1200000000001,262.53000000000003,320,2,Loyal Customers,0.9985992632973805,0.884126483785275,310.10796028247745,268.7814273874455
14226,29,5,2232.19,446.438,269,2,Loyal Customers,0.999464793063994,1.2845431632498223,335.8491019923298,422.9265227891841
14227,26,10,3350.96,335.096,285,1,Champions,0.9995005965398903,1.4848179972900244,502.8340552271653,731.9306700826551
14229,52,3,1547.2,515.7333333333333,334,2,Loyal Customers,0.9993491280862389,0.6324425496653463,497.92849092750356,308.7165765822389
14231,184,3,925.71,308.57,289,2,Loyal Customers,0.996624861012837,0.7102279575109219,348.34951672418794,242.54085526209386
14232,43,5,2048.07,409.61400000000003,265,2,Loyal Customers,0.9993241770832281,1.3036482486630372,356.3704555082743,455.44312653847936
14233,49,4,1462.72,365.68,318,2,Loyal Customers,0.9993395542357,0.8916588860174842,443.60210287713676,387.76113899462774
14234,22,4,775.46,193.865,57,2,Loyal Customers,0.9991810372900445,2.7315811413655267,214.04403398479377,573.1783841881919
14235,75,5,3144.86,628.972,260,2,Loyal Customers,0.9989429329636862,1.0457371771939965,667.515989964965,684.3152582564383
14236,81,2,490.86,245.43,372,3,At Risk / Hibernating,0.9992659247611798,0.3725238520741628,363.6585877141704,132.8066291370301
14237,373,1,161.0,161.0,373,3,At Risk / Hibernating,1.0,0.16832095589037088,416.9460280538009,68.8002142525221
14238,326,1,146.85,146.85,326,3,At Risk / Hibernating,1.0,0.1883518114615803,416.9460280538009,76.98771382360971
14239,43,11,2380.85,216.4409090909091,316,1,Champions,0.9992134170991048,2.528832150694671,242.4588821760355,601.0771125186842
14240,30,2,890.34,445.17,226,0,Potential Loyalists,0.999380021835286,0.5588763781242515,530.8046764341136,290.81876482489355
14241,184,1,213.70000000000002,213.70000000000002,184,3,At Risk / Hibernating,1.0,0.2952576330995662,416.9460280538009,120.6848792953414
14242,235,2,280.55,140.275,326,3,At Risk / Hibernating,0.9973622395000099,0.4161723292757983,290.06313915116056,118.3416421740595
14243,9,10,2588.77,258.877,366,1,Champions,0.9997201825430131,2.0371608181833825,281.4815259180855,562.1435547190557
14245,220,2,1693.45,846.725,264,2,Loyal Customers,0.9963606438379737,0.493405144417235,542.2854925189306,262.3031785422435
14246,111,3,1474.06,491.3533333333333,246,2,Loyal Customers,0.9984997721338383,0.8090177025628897,477.13774960847553,378.4197330585286
14247,278,1,136.77,136.77,278,3,At Risk / Hibernating,1.0,0.21441039448876942,416.9460280538009,87.63901417987243
14248,318,1,302.58,302.58,318,3,At Risk / Hibernating,1.0,0.19224594434773853,416.9460280538009,78.57941882664375
14250,7,3,1904.05,634.6833333333333,89,0,Potential Loyalists,0.9994466929858166,1.0401398857166593,536.2218112963382,546.7747160627284
14251,2,5,2879.7000000000003,575.94,58,1,Champions,0.9996335656916054,3.4468305434795874,407.74159848427325,1377.7727983659386
14256,260,2,969.0600000000001,484.53000000000003,365,3,At Risk / Hibernating,0.9972830088072058,0.3786542859913246,429.99424428790746,159.61633854495471
14257,64,5,3099.7200000000003,619.9440000000001,319,2,Loyal Customers,0.9991564712167248,1.121546968047035,574.1078242426865,631.2231337263412
14258,9,9,12669.98,1407.7755555555555,338,1,Champions,0.9996786654488744,1.7343907112439974,1229.0528881776265,2089.726903902971
14259,142,1,120.0,120.0,142,3,At Risk / Hibernating,1.0,0.3543250699750318,416.9460280538009,144.82837702569242
14261,51,2,1163.45,581.725,79,2,Loyal Customers,0.9989115634368106,1.117399488726541,325.85409838580705,356.9471303352974
14262,8,8,2618.23,327.27875,241,1,Champions,0.9996689243354913,2.27883105080564,350.76489551949834,783.6107771915645
14264,155,2,333.97,166.985,246,3,At Risk / Hibernating,0.9982560271491658,0.5226857755924788,325.19369746057424,166.63058227406208
14265,109,2,530.18,265.09,149,3,At Risk / Hibernating,0.9981790229264007,0.7563172927483666,352.8381725545863,261.60837245114044
14267,163,3,1516.24,505.41333333333336,261,2,Loyal Customers,0.9982437938666654,0.49884591548934387,538.3738870387053,263.28268852644953
14270,332,1,492.65000000000003,492.65000000000003,332,3,At Risk / Hibernating,1.0,0.1859970890947965,416.9460280538009,76.02523426018668
14271,226,1,112.32000000000001,112.32000000000001,226,3,At Risk / Hibernating,1.0,0.2530699262970115,416.9460280538009,103.44088423521646
14272,74,2,437.96,218.98,254,3,At Risk / Hibernating,0.9991868357901459,0.5085936402059938,365.6490268664456,182.30863908933756
14273,51,4,559.97,139.9925,242,2,Loyal Customers,0.999220389216005,1.1065743361852238,224.0047784794479,243.0020297800653
14276,99,3,1119.74,373.24666666666667,290,2,Loyal Customers,0.9989048335018216,0.7098641465527641,399.45916769808787,277.9838476865647
14277,15,3,4216.2,1405.3999999999999,212,2,Loyal Customers,0.9994819887859482,0.9049274413628486,968.1890908823126,858.9066349649381
14280,197,1,134.04,134.04,197,3,At Risk / Hibernating,1.0,0.2807702237766985,416.9460280538009,114.76322940553919
14282,3,15,3729.34,248.62266666666667,368,1,Champions,0.9998071798964677,3.0598131729734357,240.29964906215466,720.8088560335474
14284,31,2,595.25,297.625,86,0,Potential Loyalists,0.9992454895107434,1.0600641897012542,382.8656328053826,397.87876102144685
14285,21,4,1910.01,477.5025,177,2,Loyal Customers,0.9994463909642198,1.4050215690892103,573.7807988226958,790.3166560329933
14286,24,3,4628.75,1542.9166666666667,243,2,Loyal Customers,0.9994488046005345,0.8175989154685822,968.1574988122336,775.9938800631883
14287,8,3,176.63,58.876666666666665,199,0,Potential Loyalists,0.999461551712807,0.6154513144261629,267.50328936261246,161.39675339162022
14288,213,1,426.6,426.6,213,3,At Risk / Hibernating,1.0,0.26384099464975075,416.9460280538009,107.84349938648381
14289,9,6,911.26,151.87666666666667,290,0,Potential Loyalists,0.9996351952866607,1.4642767068601132,174.34669052794106,250.2700586840931
14290,11,5,2314.65,462.93,362,1,Champions,0.9996004245235732,1.0098361949899501,391.64395183473744,387.71651077726216
14291,2,11,3883.25,353.02272727272725,275,1,Champions,0.9997015485709426,1.7855057967386154,472.30881701331623,826.7218056935067
14292,8,9,4871.93,541.3255555555556,283,1,Champions,0.9996403762288996,1.4934876554841183,793.9237131466003,1162.3915735553635
14293,3,4,1046.56,261.64,369,0,Potential Loyalists,0.9995965991079819,0.787794912110333,280.2953487773883,216.4716199721297
14295,40,1,166.20000000000002,166.20000000000002,40,3,At Risk / Hibernating,1.0,0.6828203839365179,416.9460280538009,279.09917305381475
14297,18,4,1305.33,326.3325,275,2,Loyal Customers,0.9995227399500441,1.0036331147448585,374.1865891826492,368.15880105988134
14298,8,44,51527.3,1171.075,360,1,Champions,0.9998156094323001,5.207065277160213,1948.71623351434,9947.495368010277
14299,8,9,3965.62,440.6244444444444,366,1,Champions,0.9997053637097685,1.8298343188364639,438.8559111627099,787.2374259233931
14300,19,1,43.2,43.2,19,0,Potential Loyalists,1.0,0.8556074605824519,416.9460280538009,349.72507746716883
14301,117,1,640.14,640.14,117,3,At Risk / Hibernating,1.0,0.40005846544845874,416.9460280538009,163.52166086506077
14304,223,1,383.45,383.45,223,3,At Risk / Hibernating,1.0,0.2556793955532416,416.9460280538009,104.50749047230053
14305,71,3,1858.96,619.6533333333333,135,2,Loyal Customers,0.9985141693023697,1.2453440583712905,410.90181548072263,501.64856540889275
14306,51,2,2093.32,1046.66,86,2,Loyal Customers,0.9989380958360304,1.066621575542545,404.67733609121944,423.14718791217456
14307,89,6,2995.7200000000003,499.2866666666667,374,2,Loyal Customers,0.9989708579159942,0.98180001846549,522.423053033708,502.8255050374905
14309,8,9,2352.53,261.39222222222224,358,1,Champions,0.9997045617552552,1.8598301604680936,293.5696087779558,535.2496580181561
14311,243,1,310.26,310.26,243,3,At Risk / Hibernating,1.0,0.23923404042787236,416.9460280538009,97.78554201937808
14312,47,6,1611.5900000000001,268.59833333333336,337,2,Loyal Customers,0.9993556906466194,1.29079377067452,289.9962238068813,366.96207893239307
14314,107,1,120.0,120.0,107,3,At Risk / Hibernating,1.0,0.42521324797573734,416.9460280538009,173.80354679285344
14315,45,6,2481.13,413.5216666666667,266,2,Loyal Customers,0.9992737056748752,1.5642473197590245,395.2116395634039,606.0482595983585
14317,65,1,508.58,508.58,65,3,At Risk / Hibernating,1.0,0.5595498093719844,416.9460280538009,228.7129310090923
14320,207,2,477.79,238.895,333,3,At Risk / Hibernating,0.9981010269630036,0.40920961073808143,282.2491645672868,113.22708674748816
14321,11,5,1530.75,306.15,334,2,Loyal Customers,0.9996018174530116,1.0801775986714894,327.1449505387744,346.4235036154593
14323,115,2,605.0600000000001,302.53000000000003,239,3,At Risk / Hibernating,0.9988113268947466,0.5349027375164613,365.35808100428005,191.58674353258698
14326,242,1,183.85,183.85,242,3,At Risk / Hibernating,1.0,0.23923404042787236,416.9460280538009,97.78554201937808
14327,163,1,311.65000000000003,311.65000000000003,163,3,At Risk / Hibernating,1.0,0.32071706674369577,416.9460280538009,131.09128540751263
14329,17,7,5014.84,716.4057142857143,329,1,Champions,0.9995875948430492,1.3170457391838684,641.1878908656271,827.8624053741912
14331,124,2,462.66,231.33,135,3,At Risk / Hibernating,0.9971871309306216,0.8037250523664967,260.8761891688424,205.5483612404501
14332,23,3,866.3100000000001,288.77000000000004,148,0,Potential Loyalists,0.9993990154204259,1.1771891947688553,389.58032738436646,449.58873159968346
14333,68,1,415.2,415.2,68,3,At Risk / Hibernating,1.0,0.5472014747237713,416.9460280538009,223.66561107072644
14334,17,8,2552.21,319.02625,358,1,Champions,0.999636448105238,1.6490223352710405,332.8636448955955,538.1023710095778
14335,16,2,468.26,234.13,96,0,Potential Loyalists,0.9993863343363102,0.9959402593844133,274.7353722221552,268.2378389569062
14336,17,4,1614.91,403.7275,276,2,Loyal Customers,0.9995288114009676,0.9978205946069534,376.04957730698084,367.84897675879904
14338,161,2,588.22,294.11,196,3,At Risk / Hibernating,0.9971918471796317,0.6186887957801025,228.20250702882646,138.40909506689562
14339,243,1,309.52000000000004,309.52000000000004,243,3,At Risk / Hibernating,1.0,0.23923404042787236,416.9460280538009,97.78554201937808
14340,219,1,134.7,134.7,219,3,At Risk / Hibernating,1.0,0.25924356559595163,416.9460280538009,105.96432543534883
14341,45,8,2182.28,272.785,318,2,Loyal Customers,0.9993597612213104,1.121775159821642,451.57404800828283,496.60006216324166
14342,21,4,668.5600000000001,167.14000000000001,210,0,Potential Loyalists,0.9994699454649909,1.2338130510780883,202.82769311252963,245.32888338696364
14344,127,8,889.9300000000001,111.24125000000001,369,2,Loyal Customers,0.9960503455268175,1.6055065945073812,128.96182371987734,202.9762637646956
14345,39,1,108.98,108.98,39,3,At Risk / Hibernating,1.0,0.6955905116847341,416.9460280538009,284.31890129330804
14346,121,2,1021.58,510.79,297,2,Loyal Customers,0.9989479327493651,0.4487265993043181,574.9776474120998,252.93250330922865
14348,260,1,409.57,409.57,260,3,At Risk / Hibernating,1.0,0.22614303398856098,416.9460280538009,92.4346654809573
14349,10,1,133.5,133.5,10,0,Potential Loyalists,1.0,0.9423185242075718,416.9460280538009,385.1678312717569
14350,274,1,282.93,282.93,274,3,At Risk / Hibernating,1.0,0.21691121163424176,416.9460280538009,88.66120929267805
14351,165,1,51.0,51.0,165,3,At Risk / Hibernating,1.0,0.3193402646708974,416.9460280538009,130.5285249621494
14352,157,4,1078.96,269.74,273,2,Loyal Customers,0.9974842377760821,0.7420205443755477,421.2956065367327,306.46070932781777
14353,215,1,90.6,90.6,215,3,At Risk / Hibernating,1.0,0.26198259335372714,416.9460280538009,107.08388802856075
14354,6,2,163.62,81.81,30,0,Potential Loyalists,0.9994400546082752,1.6603111721160961,259.4168416697265,422.2407703642582
14355,366,1,174.4,174.4,366,3,At Risk / Hibernating,1.0,0.17142403939022,416.9460280538009,70.06858213503683
14356,80,2,701.23,350.615,81,2,Loyal Customers,0.9980035900862365,1.0940491937715584,388.89236852166823,417.09837554527815
14357,43,1,225.77,225.77,43,3,At Risk / Hibernating,1.0,0.6645208110997811,416.9460280538009,271.6193111494694
14359,19,3,912.1800000000001,304.06,88,0,Potential Loyalists,0.9993595973824924,1.6299958609191711,288.96590259658274,461.74842141183444
14360,32,4,2128.23,532.0575,95,2,Loyal Customers,0.9991946822707296,1.5597224923785609,467.38211836806244,714.6472348822106
14362,22,1,161.2,161.2,22,0,Potential Loyalists,1.0,0.8179731769372953,416.9460280538009,334.34223777226634
14364,109,8,3717.35,464.66875,211,2,Loyal Customers,0.9919058781267132,2.176530392811722,486.24114159336125,1037.5012186721951
14367,8,16,9261.52,578.845,276,1,Champions,0.99973832437071,3.3450584244458783,665.7056387523774,2183.02197740034
14368,320,1,155.0,155.0,320,3,At Risk / Hibernating,1.0,0.1917503945925192,416.9460280538009,78.37686563865186
14371,295,1,100.5,100.5,295,3,At Risk / Hibernating,1.0,0.20439519800391076,416.9460280538009,83.54535837633952
14373,358,1,76.55,76.55,358,3,At Risk / Hibernating,1.0,0.17423463160989283,416.9460280538009,71.21739587129507
14375,185,1,257.68,257.68,185,3,At Risk / Hibernating,1.0,0.2929322547486087,416.9460280538009,119.73439349777334
14377,191,2,617.05,308.525,262,3,At Risk / Hibernating,0.9975505883763043,0.4954870357069223,364.0696064718328,176.84330179235005
14379,44,2,348.1,174.05,295,0,Potential Loyalists,0.9993555579033415,0.4513765268324206,333.8989823840979,147.74947081444833
14381,52,1,202.68,202.68,52,3,At Risk / Hibernating,1.0,0.6150693878726767,416.9460280538009,251.4062834017911
14382,26,1,626.07,626.07,26,0,Potential Loyalists,1.0,0.7835102225248187,416.9460280538009,320.25566588018444
14383,38,3,1247.69,415.8966666666667,164,2,Loyal Customers,0.9992645356079988,1.0958440201126967,471.1921220195968,506.19617662394126
14385,9,3,202.10999999999999,67.36999999999999,24,0,Potential Loyalists,0.9994064560861506,2.764534668848342,199.92681228576583,541.8334565411249
14386,297,1,142.4,142.4,297,3,At Risk / Hibernating,1.0,0.20383512624174713,416.9460280538009,83.31643216705126
14387,33,3,1770.56,590.1866666666666,109,2,Loyal Customers,0.9992232562443429,1.4282987352529444,573.6136132159027,803.1760284087679
14388,10,8,3212.84,401.605,373,1,Champions,0.9996773564481435,1.5967373054039575,414.67029052571576,649.0951794454504
14389,65,2,1043.46,521.73,191,2,Loyal Customers,0.9991366486778119,0.6342583334121886,562.5916664227681,349.8093808496492
14390,10,9,4652.82,516.98,373,1,Champions,0.9996773564481435,1.5967373054039575,601.934738114123,942.2255362333626
14393,218,1,67.95,67.95,218,3,At Risk / Hibernating,1.0,0.25924356559595163,416.9460280538009,105.96432543534883
14395,2,9,3507.71,389.74555555555554,372,1,Champions,0.9997397481730588,1.8008512289816563,402.04881135083184,709.7879536003259
14396,65,2,487.99,243.995,371,3,At Risk / Hibernating,0.9993180189116033,0.37339004191790187,398.79376421187237,145.9764881994743
14397,3,19,2612.96,137.52421052631578,214,1,Champions,0.9998345011248295,6.007059094681404,153.057908989829,901.3428443320006
14400,149,1,574.7,574.7,149,3,At Risk / Hibernating,1.0,0.34131892703706995,416.9460280538009,139.51218542168914
14401,4,13,4051.48,311.6523076923077,360,1,Champions,0.999781540611487,2.696494881693746,325.8544719235891,861.3811153359222
14403,130,4,1475.81,368.9525,247,2,Loyal Customers,0.9970195267226836,1.0866650933251127,281.12841176597476,299.4832060912886
14404,34,6,1474.32,245.72,369,2,Loyal Customers,0.9994952745307621,1.1966537106870625,296.28945806569993,347.5814958680813
14406,119,1,156.75,156.75,119,3,At Risk / Hibernating,1.0,0.3958012276423018,416.9460280538009,161.78153725531354
14407,107,6,2157.73,359.62166666666667,277,2,Loyal Customers,0.9972228111544774,1.515787646788801,370.8529302595537,551.076799660538
14408,11,7,2606.53,372.3614285714286,264,1,Champions,0.9996397245038958,1.8443740766733747,382.621658162068,691.8160750992413
14409,71,6,2059.4500000000003,343.24166666666673,368,2,Loyal Customers,0.9991705053405084,0.9932323289435889,429.116717745551,417.82864912598063
14410,92,9,1105.07,122.78555555555555,306,2,Loyal Customers,0.9979916938091558,1.6394710665053571,202.82447214866727,325.9838988332014
14411,311,1,1063.0,1063.0,311,3,At Risk / Hibernating,1.0,0.1963044977441553,416.9460280538009,80.23832982130457
14412,43,2,770.03,385.015,73,2,Loyal Customers,0.99902821609594,1.1651002516323095,366.438737063752,418.5399684447324
14413,362,1,122.7,122.7,362,3,At Risk / Hibernating,1.0,0.17261739844071644,416.9460280538009,70.55636092235173
14414,92,7,1496.98,213.8542857142857,359,2,Loyal Customers,0.9984987220353191,1.4367026553607947,246.41758950640397,347.06481305303157
14415,1,13,5900.28,453.86769230769227,360,1,Champions,0.999800444071409,2.6902603356455277,418.59791434712963,1103.985649487904
14416,22,2,490.22,245.11,42,0,Potential Loyalists,0.9992373945818911,1.4804380941064486,284.0687307528933,412.27414893933195
14418,4,3,1937.25,645.75,108,0,Potential Loyalists,0.9995344216823419,1.436817186693599,717.9925326842053,1011.3318431337985
14419,11,6,1058.06,176.34333333333333,365,2,Loyal Customers,0.9996335665524797,1.2106397462405034,230.29484066291292,273.31980174641797
14420,99,1,387.52,387.52,99,3,At Risk / Hibernating,1.0,0.4429365425240585,416.9460280538009,181.04785143984927
14421,57,2,813.11,406.555,212,2,Loyal Customers,0.9992281539353092,0.5867353223155984,389.6913150955513,224.14802092860356
14422,1,6,4263.64,710.6066666666667,267,1,Champions,0.9996802008871137,1.5602260586758732,705.2669645416964,1078.730925657513
14423,218,1,265.2,265.2,218,3,At Risk / Hibernating,1.0,0.25924356559595163,416.9460280538009,105.96432543534883
14424,18,1,322.08,322.08,18,0,Potential Loyalists,1.0,0.8655634485010557,416.9460280538009,353.79454187048543
14426,24,10,4481.67,448.16700000000003,313,1,Champions,0.9995524660354045,1.6118657544898614,595.4193196858105,940.8574356562705
14427,50,2,363.34000000000003,181.67000000000002,64,0,Potential Loyalists,0.9987846156621637,1.2442638664486514,243.60416497044528,297.1457361724221
14428,7,5,1244.83,248.96599999999998,325,0,Potential Loyalists,0.9996155337201948,1.1021262459691412,295.6562887522802,319.4408368850755
14431,303,1,470.36,470.36,303,3,At Risk / Hibernating,1.0,0.20053810965994096,416.9460280538009,81.96879503795522
14432,10,6,2255.51,375.91833333333335,89,1,Champions,0.9995498893676837,3.3177142903888877,403.3263434285765,1311.801409343647
14434,22,6,1372.8,228.79999999999998,72,2,Loyal Customers,0.9991814649217251,3.7164153058878524,251.0625137170145,914.7001051188015
14436,99,1,89.06,89.06,99,3,At Risk / Hibernating,1.0,0.44558977364094743,416.9460280538009,182.13234592874397
14437,366,1,63.0,63.0,366,3,At Risk / Hibernating,1.0,0.17142403939022,416.9460280538009,70.06858213503683
14438,306,1,131.9,131.9,306,3,At Risk / Hibernating,1.0,0.19839872104602566,416.9460280538009,81.09433189112764
14439,320,1,2661.24,2661.24,320,2,Loyal Customers,1.0,0.1917503945925192,416.9460280538009,78.37686563865186
14440,8,5,2357.68,471.53599999999994,366,1,Champions,0.999614272677773,1.0005424410264658,423.37267473783334,415.26972987203726
14441,1,4,1712.89,428.2225,256,1,Champions,0.9996070918617763,1.0625823483137782,442.2048617838881,460.6362567865484
14442,205,2,1589.82,794.91,317,2,Loyal Customers,0.9979802943965996,0.42616602047506874,646.6057477642762,270.1408321436882
14443,54,4,1420.2,355.05,369,2,Loyal Customers,0.9993556931632008,0.7876050510426132,384.74272163456396,297.0645372002238
14446,1,4,1039.58,259.895,247,0,Potential Loyalists,0.9996070918617763,1.092944277234589,293.4755096054556,314.44298131516587
14447,19,5,1163.23,232.64600000000002,281,2,Loyal Customers,0.9995188528658195,0.986373616845839,332.2933639641112,321.31802992481346
14448,9,2,375.35,187.675,364,0,Potential Loyalists,0.9994707347202852,0.3794849346499763,350.4690419626671,130.38151575902205
14449,19,4,907.1,226.775,372,2,Loyal Customers,0.9995391810376903,0.7806041577307696,283.94930228928604,217.29191516392757
14450,181,3,483.25,161.08333333333334,321,3,At Risk / Hibernating,0.9974357957043505,0.6523285639027868,255.29823351333067,163.26237392384826
14451,60,2,662.59,331.295,195,2,Loyal Customers,0.9991827033006373,0.6246390143884177,364.13426110786963,222.9783097941268
14452,11,2,264.44,132.22,94,0,Potential Loyalists,0.9994277802207698,1.0144309049259095,287.6940085592414,286.1050170784586
14453,190,1,119.93,119.93,190,3,At Risk / Hibernating,1.0,0.2872759640374873,416.9460280538009,117.42241536473252
14456,5,9,3062.4,340.26666666666665,142,1,Champions,0.9996746921331782,3.3373095242283544,417.11721525353664,1364.6679189769807
14457,311,1,113.64,113.64,311,3,At Risk / Hibernating,1.0,0.1963044977441553,416.9460280538009,80.23832982130457
14459,155,1,1837.92,1837.92,155,2,Loyal Customers,1.0,0.332174141739248,416.9460280538009,135.774303339936
14460,110,3,434.34,144.78,311,3,At Risk / Hibernating,0.9988314362902223,0.6704786949073165,281.241641462253,184.85726183906885
14461,148,3,2103.06,701.02,262,2,Loyal Customers,0.9976179579403969,0.7691088681239182,572.6753287345546,431.7856923980512
14462,66,11,2004.02,182.18363636363637,340,2,Loyal Customers,0.9988138238175432,1.9447058215711523,259.74002713375563,495.1819808009126
14463,98,3,529.62,176.54,205,2,Loyal Customers,0.998450715292893,0.927091295262863,284.19865922165286,258.2953292286822
14465,247,3,1058.6200000000001,352.8733333333334,303,2,Loyal Customers,0.9962931965072928,0.44150195198391917,437.43876380871393,189.33101217157474
14466,29,7,2272.4,324.62857142857143,372,2,Loyal Customers,0.9995345445692756,1.392535357193183,331.95003231289684,453.15932384237624
14467,18,4,598.76,149.69,313,0,Potential Loyalists,0.9995321209607153,0.9035352614300317,228.7798859269936,202.64453395064692
14470,12,2,461.19,230.595,288,0,Potential Loyalists,0.9994606040484989,0.4615695349444431,299.92297114676967,135.71215291976574
14472,104,8,1936.84,242.105,355,2,Loyal Customers,0.9976230700016258,1.657345242752219,262.43189259480476,426.38469214917257
14473,74,2,234.34,117.17,282,3,At Risk / Hibernating,0.9992151753655021,0.4680304333998051,293.3605255890364,134.6008017664542
14474,46,1,547.66,547.66,46,0,Potential Loyalists,1.0,0.647176515107259,416.9460280538009,264.5299144689541
14475,72,3,925.85,308.6166666666667,305,2,Loyal Customers,0.9991943952938369,0.6815123635846648,349.151955304196,233.27066740560088
14476,257,1,215.7,215.7,257,3,At Risk / Hibernating,1.0,0.22822445973933278,416.9460280538009,93.28543673398971
14477,20,4,1309.6,327.4,297,2,Loyal Customers,0.9995182002107419,0.9405547577232427,391.44083615374564,360.9293319393338
14479,254,2,316.25,158.125,365,3,At Risk / Hibernating,0.9974873688760734,0.37785914082105815,289.90150256106864,107.38712697538084
14480,11,1,279.05,279.05,11,0,Potential Loyalists,1.0,0.9305304735307653,416.9460280538009,380.34951849305605
14481,165,2,636.51,318.255,287,3,At Risk / Hibernating,0.9984277554136965,0.46109254619460877,378.4783539314582,171.08070137154812
14482,18,6,2068.15,344.69166666666666,239,2,Loyal Customers,0.9995457999562399,1.7018424430668266,375.6377346573668,626.7013987191752
14483,282,1,137.1,137.1,282,3,At Risk / Hibernating,1.0,0.21257229995181484,416.9460280538009,86.88770325808089
14484,50,1,321.92,321.92,50,3,At Risk / Hibernating,1.0,0.6254118329543538,416.9460280538009,255.63370703390643
14485,39,1,165.75,165.75,39,3,At Risk / Hibernating,1.0,0.6955905116847341,416.9460280538009,284.31890129330804
14487,27,6,1196.33,199.38833333333332,368,2,Loyal Customers,0.999525932328869,0.9935856435916213,301.45453910890797,293.6290829223028
14488,68,1,1064.28,1064.28,68,3,At Risk / Hibernating,1.0,0.5472014747237713,416.9460280538009,223.66561107072644
14489,207,1,463.38,463.38,207,3,At Risk / Hibernating,1.0,0.26957783221709153,416.9460280538009,110.1884003796277
14491,175,2,340.93,170.465,373,3,At Risk / Hibernating,0.9987181916573519,0.3723196585349952,323.0970399776672,117.92904122784472
14493,7,5,2383.2400000000002,476.648,155,1,Champions,0.9995890016170191,1.9385843951182906,437.1258535470097,830.7367764855701
14494,26,1,139.56,139.56,26,0,Potential Loyalists,1.0,0.7918508048730493,416.9460280538009,323.66483987382634
14495,51,2,123.80000000000001,61.900000000000006,121,3,At Risk / Hibernating,0.9991103094149385,0.8646252081503915,262.81582824994587,222.76733763700153
14496,312,2,538.8100000000001,269.40500000000003,373,3,At Risk / Hibernating,0.9953194738344577,0.37021306043901975,332.67516248768743,120.73798781314647
14497,309,1,475.37,475.37,309,3,At Risk / Hibernating,1.0,0.19682389774551154,416.9460280538009,80.45063166814654
14498,43,5,1957.32,391.464,362,2,Loyal Customers,0.9994209982800871,1.00965493144648,440.81969717987977,436.32078453543124
14499,26,3,815.32,271.77333333333337,279,2,Loyal Customers,0.9994471687525767,0.732766770421037,371.2664043595365,266.70020920932393
14500,88,3,356.85,118.95,190,3,At Risk / Hibernating,0.998558238753148,0.9846989108900874,176.2485557615119,170.13790252306345
14501,184,2,251.21,125.605,320,3,At Risk / Hibernating,0.998367715231115,0.4230347262309458,309.49647546850156,128.35227726508373
14502,20,11,2470.67,224.60636363636365,313,1,Champions,0.999607783629383,2.078719560678129,305.64552342795923,622.8536409962276
14503,3,6,3543.26,590.5433333333334,179,1,Champions,0.9996565993172853,2.122397021126637,556.6720255243221,1158.239149303323
14504,47,4,673.26,168.315,278,2,Loyal Customers,0.9993143477091456,0.9918561937037427,242.93715521717803,236.218894782429
14505,17,8,5905.64,738.205,362,1,Champions,0.9996305653232322,1.6337084301065319,654.1272261649456,1047.6320479537794
14506,17,5,2012.17,402.434,369,2,Loyal Customers,0.9995731737027076,0.9913639478791914,431.4050422602535,419.266603954309
14507,24,6,1383.18,230.53,276,2,Loyal Customers,0.999508089024314,1.2585330745950236,288.50285467290144,355.9481729460649
14508,22,2,276.42,138.21,90,0,Potential Loyalists,0.9993301693243648,1.0400186177103152,288.52066426285455,294.1644828631793
14511,11,5,1314.81,262.962,134,2,Loyal Customers,0.9995379721631477,2.1496311955675136,321.8636059735388,678.2786113604484
14512,188,2,275.28,137.64,232,3,At Risk / Hibernating,0.9970040962874838,0.5445796302427869,293.1850344340794,156.52190125628113
14513,101,3,455.59000000000003,151.86333333333334,289,3,At Risk / Hibernating,0.9988772445606375,0.7118330807917719,291.5090642379469,203.42398544965357
14514,61,3,1055.35,351.7833333333333,331,2,Loyal Customers,0.9992919559595748,0.6355686514009904,406.2704180071328,253.1334640711915
14515,18,6,2102.09,350.34833333333336,219,2,Loyal Customers,0.9995265554522963,1.512915800191144,418.6701872198871,620.9532375690367
14517,33,2,330.45,165.225,142,0,Potential Loyalists,0.9993039894841016,0.7824140113319542,260.4143703400083,199.74394528592222
14518,64,1,174.37,174.37,64,3,At Risk / Hibernating,1.0,0.5595498093719844,416.9460280538009,228.7129310090923
14520,2,2,270.6,135.3,291,0,Potential Loyalists,0.9994880485841477,0.4577245224528967,273.1605700158308,122.57278740191467
14522,24,4,974.54,243.635,198,2,Loyal Customers,0.9994366219115809,1.2892277968848727,283.72123028952893,358.5862118752021
14523,108,1,241.09,241.09,108,3,At Risk / Hibernating,1.0,0.42040701740494824,416.9460280538009,171.83902508112948
14524,32,9,1867.68,207.52,361,2,Loyal Customers,0.9995049605874093,1.2217708728726016,337.06410137303044,403.71439219319507
14525,20,9,4332.2,481.35555555555555,361,1,Champions,0.9996274440956492,1.846712111570422,475.2451328293989,860.377195059579
14527,3,55,8508.82,154.7058181818182,369,1,Champions,0.9999251428973905,11.058438327742245,160.6517522033721,1741.6120542002664
14528,37,1,364.21999999999997,364.21999999999997,37,0,Potential Loyalists,1.0,0.7021563914860657,416.9460280538009,287.0026731405869
14529,60,3,620.04,206.67999999999998,110,2,Loyal Customers,0.9985936951187873,1.419422908908264,306.66062104786306,426.719072797599
14530,26,6,2925.91,487.65166666666664,297,2,Loyal Customers,0.999516503574281,1.4360231472498926,440.1271661343333,619.6003315803775
14532,236,4,932.85,233.2125,352,2,Loyal Customers,0.9909326253607114,0.8106488337693818,287.1639171069148,228.20993482182843
14533,25,7,1949.72,278.5314285714286,353,2,Loyal Customers,0.9995632428308183,1.458732132110246,279.4152738067731,399.57442497257944
14534,3,18,4447.05,247.05833333333334,319,1,Champions,0.9998342738959768,4.144797785948706,252.0082612071086,1023.9771561839957
14535,60,3,2864.19,954.73,249,2,Loyal Customers,0.9991973831245825,0.8019204659588245,788.5723764478287,619.9331011523861
14536,260,1,171.8,171.8,260,3,At Risk / Hibernating,1.0,0.2268326112997398,416.9460280538009,92.71652638861235
14537,58,1,355.56,355.56,58,3,At Risk / Hibernating,1.0,0.5906504285268684,416.9460280538009,241.4251543093273
14538,65,2,388.25,194.125,256,3,At Risk / Hibernating,0.9992397972511895,0.5054902147516491,354.50995671496594,175.6762653650881
14539,16,2,537.48,268.74,45,0,Potential Loyalists,0.999339262773677,1.4543725988936669,439.2998936889155,626.3386189417042
14540,10,3,996.26,332.08666666666664,309,0,Potential Loyalists,0.9995251225353206,0.672719476506963,406.3525573893383,267.98402713554555
14541,59,8,1461.65,182.70625,319,2,Loyal Customers,0.9991166335160178,1.5820949319636741,249.04551369594873,386.2631568009481
14542,186,1,103.25,103.25,186,3,At Risk / Hibernating,1.0,0.2929322547486087,416.9460280538009,119.73439349777334
14543,29,16,3630.33,226.895625,365,1,Champions,0.9995310586179195,3.080161323843664,254.64748682328118,768.926676289671
14544,24,2,2024.45,1012.225,362,2,Loyal Customers,0.999434333008473,0.3821188427152687,641.1978492786284,240.1941010299034
14546,5,5,2578.09,515.618,249,1,Champions,0.9996192756901849,1.3698558730319628,484.5146923548673,650.6596609958409
14547,4,8,4007.54,500.9425,54,1,Champions,0.9996728569015134,5.725263752211685,490.27022218156355,2751.717578722651
14548,151,2,652.8,326.4,318,3,At Risk / Hibernating,0.9987494379164589,0.42538943851947897,375.13016742241064,156.43738466498337
14549,311,1,289.24,289.24,311,3,At Risk / Hibernating,1.0,0.19578783183211276,416.9460280538009,80.02714551866629
14550,11,2,765.62,382.81,45,0,Potential Loyalists,0.9993966869151558,1.4544561702102285,420.58699474455585,599.692871439639
14551,18,2,186.23,93.115,204,0,Potential Loyalists,0.9994230829627769,0.601899596398795,252.47108648406092,148.97303216502502
14552,152,1,165.07,165.07,152,3,At Risk / Hibernating,1.0,0.3382152276349858,416.9460280538009,138.2435648749312
14553,19,5,859.27,171.85399999999998,339,2,Loyal Customers,0.9995284523662822,0.843735865979728,274.45910634149914,227.01579840659164
14554,10,4,2381.04,595.26,52,2,Loyal Customers,0.9994533704107538,2.8452631370652526,603.8142800538654,1684.218456256267
14555,57,2,324.14,162.07,302,3,At Risk / Hibernating,0.9993092878672309,0.4428385165890402,282.6740378898142,122.71656011965811
14557,85,1,788.38,788.38,85,3,At Risk / Hibernating,1.0,0.48321863399917936,416.9460280538009,197.5129490548465
14560,7,22,2237.77,101.71681818181818,358,1,Champions,0.9998070923572867,4.187665812575781,114.8251057207822,471.3906627750071
14561,76,3,1080.76,360.25333333333333,184,2,Loyal Customers,0.9988019162356019,1.0044070330302775,424.7802118664528,418.2597568980897
14562,4,18,5074.77,281.9316666666667,304,1,Champions,0.9998189433503974,4.059078550835608,308.6338579915087,1228.1267177308941
14565,96,4,3099.12,774.78,361,2,Loyal Customers,0.9989790376706992,0.8001255515998043,580.406890605112,455.26326503762016
14566,111,1,1432.0,1432.0,111,3,At Risk / Hibernating,1.0,0.4157082242838068,416.9460280538009,169.9184179027716
14567,57,2,1530.3600000000001,765.1800000000001,130,2,Loyal Customers,0.9990686321351688,0.8254782802854795,561.3355192083392,454.2555653434731
14569,1,1,227.39,227.39,1,0,Potential Loyalists,1.0,1.0635811561420985,416.9460280538009,434.7333973334986
14570,281,2,218.06,109.03,281,3,At Risk / Hibernating,1.0,0.21318148639732568,416.9460280538009,87.13670482981304
14572,3,7,2832.84,404.6914285714286,324,1,Champions,0.9996917096683321,1.5628651153622504,416.3227273756236,637.8574548519873
14573,180,9,1653.42,183.71333333333334,372,2,Loyal Customers,0.9843538485362138,1.5722617918046853,211.4065313035485,325.84814414510504
14576,372,1,35.400000000000006,35.400000000000006,372,3,At Risk / Hibernating,1.0,0.16870268363576454,416.9460280538009,68.95624331496865
14577,13,4,859.71,214.9275,363,0,Potential Loyalists,0.9995622684411496,0.7987350610267512,239.76335328371627,187.7402799358956
14578,3,1,168.63,168.63,3,0,Potential Loyalists,1.0,1.0340116510919786,416.9460280538009,422.64699091651573
14581,17,1,138.6,138.6,17,0,Potential Loyalists,1.0,0.8757538718250983,416.9460280538009,357.959830801703
14582,41,1,114.11,114.11,41,3,At Risk / Hibernating,1.0,0.6828203839365179,416.9460280538009,279.09917305381475
14583,6,5,1052.55,210.51,206,0,Potential Loyalists,0.9996146189101356,1.5848413692147514,264.05340433772557,410.25104240991607
14584,169,4,1042.26,260.565,198,2,Loyal Customers,0.9820829731828077,1.2668423791124892,313.96357745731825,389.91859185398573
14585,50,1,157.05,157.05,50,3,At Risk / Hibernating,1.0,0.6254118329543538,416.9460280538009,255.63370703390643
14586,277,1,237.35999999999999,237.35999999999999,277,3,At Risk / Hibernating,1.0,0.21565355312687062,416.9460280538009,88.14714836438557
14587,19,9,1601.14,177.90444444444447,331,1,Champions,0.9996246298389332,1.9852102824604592,203.6123367343947,396.2622027193852
14589,372,1,39.75,39.75,372,3,At Risk / Hibernating,1.0,0.16908614672765057,416.9460280538009,69.11298169077256
14591,15,4,1447.14,361.785,213,2,Loyal Customers,0.9994371838913372,0.5826953111398009,777.1526942991133,443.93544902463873
14592,35,3,570.46,190.15333333333334,64,0,Potential Loyalists,0.9989482148061825,1.9111692756931098,250.33196009690278,469.01624199873487
14593,22,3,617.99,205.99666666666667,199,0,Potential Loyalists,0.999408457062369,0.6154186196493152,352.9628636383716,212.94704120883245
14594,7,2,379.83,189.915,373,0,Potential Loyalists,0.9994755836639349,0.37175894211815924,282.04134609431145,102.78885365918202
14595,20,6,1740.6000000000001,290.1,313,2,Loyal Customers,0.9995695138012234,1.3721869631999941,334.5614053778353,450.05038339168607
14597,11,2,883.15,441.575,192,0,Potential Loyalists,0.999448808272194,0.6320158685326243,556.0015117353047,344.48945193047666
14598,44,1,221.97,221.97,44,3,At Risk / Hibernating,1.0,0.658636996609732,416.9460280538009,269.21433052901926
14600,306,1,393.33000000000004,393.33000000000004,306,3,At Risk / Hibernating,1.0,0.19892927733522356,416.9460280538009,81.31119381025877
14601,11,1,213.96,213.96,11,0,Potential Loyalists,1.0,0.9423185242075718,416.9460280538009,385.1678312717569
14603,275,1,660.0,660.0,275,3,At Risk / Hibernating,1.0,0.21691121163424176,416.9460280538009,88.66120929267805
14606,1,93,12156.65,130.71666666666667,373,1,Champions,0.9999551611135185,18.084275677295352,139.56338884511482,2474.2569143109145
14607,16,14,16569.5,1183.5357142857142,261,1,Champions,0.9995980655477583,1.8610640422372982,2311.17609006619,4216.639264760586
14608,4,4,1785.15,446.2875,362,1,Champions,0.9995928228175046,0.7987594765658658,496.245921936856,388.5839719923166
14609,72,4,601.56,150.39,297,2,Loyal Customers,0.9990894140736206,0.9427271959373271,226.49916592942276,209.32669016403156
14616,243,3,406.08000000000004,135.36,318,3,At Risk / Hibernating,0.9928388823253947,0.6543691201361446,206.728584973787,132.6157887317037
14618,9,3,553.44,184.48000000000002,338,0,Potential Loyalists,0.9995273731242204,0.6263227924535995,261.43341352268374,160.5207569123601
14619,246,1,394.44,394.44,246,3,At Risk / Hibernating,1.0,0.23694795938330526,416.9460280538009,96.85111900403754
14620,206,2,412.78000000000003,206.39000000000001,284,3,At Risk / Hibernating,0.9974932151053459,0.4658963705016389,306.33301649098763,139.91201518786397
14621,1,5,1788.3600000000001,357.672,358,1,Champions,0.9996433836922709,1.016975053474899,381.10643040197465,379.9518098358043
14622,185,1,320.58000000000004,320.58000000000004,185,3,At Risk / Hibernating,1.0,0.2940903472659017,416.9460280538009,120.20775753628813
14623,32,5,889.25,177.85,235,2,Loyal Customers,0.9993968854552344,1.4281211718763855,228.92123431377786,320.4964405317013
14624,57,2,225.85,112.925,59,3,At Risk / Hibernating,0.9985052550045673,1.2828026695260606,231.59687542075744,291.2492896176976
14625,196,2,899.63,449.815,361,3,At Risk / Hibernating,0.9984533902625878,0.3817437938556811,369.4497958277507,138.26085644019818
14626,24,4,2791.27,697.8175,233,2,Loyal Customers,0.9994679932204218,1.1398368809748274,645.8659552932874,721.7007133837793
14628,91,2,671.96,335.98,242,3,At Risk / Hibernating,0.9990416597977557,0.5281437785712507,381.58639464951204,197.56816376996994
14629,4,2,959.01,479.505,47,0,Potential Loyalists,0.999456922820079,1.4169105700137865,387.9594944874233,538.8913529715471
14631,51,3,1006.98,335.66,299,2,Loyal Customers,0.9993289649895947,0.6927485173192504,373.8506356920035,253.89003060337942
14632,263,1,114.56,114.56,263,3,At Risk / Hibernating,1.0,0.22477638140037942,416.9460280538009,91.87605380537597
14633,266,1,344.90000000000003,344.90000000000003,266,3,At Risk / Hibernating,1.0,0.22209203923416623,416.9460280538009,90.77884382303202
14636,36,2,609.85,304.925,269,0,Potential Loyalists,0.9993739500944802,0.48755373944097097,367.399320227727,175.60332291356568
14638,51,1,443.6,443.6,51,3,At Risk / Hibernating,1.0,0.6254118329543538,416.9460280538009,255.63370703390643
14639,52,6,2984.4900000000002,497.415,361,2,Loyal Customers,0.9993566760963332,0.8004280185607929,670.7330055404859,526.3127240139806
14640,24,6,2125.08,354.18,228,2,Loyal Customers,0.9994766076579503,1.7707168739841486,356.4303944272301,618.7225960120238
14641,22,1,110.46000000000001,110.46000000000001,22,0,Potential Loyalists,1.0,0.827067906222666,416.9460280538009,338.0596662121936
14642,59,1,96.12,96.12,59,3,At Risk / Hibernating,1.0,0.5859974786974553,416.9460280538009,239.52328413305474
14643,170,2,693.8100000000001,346.90500000000003,358,3,At Risk / Hibernating,0.9987131197591381,0.3845260977218763,379.50359173147,143.05845792871764
14644,68,2,830.76,415.38,298,2,Loyal Customers,0.9992640163427355,0.4476453681216586,521.4620815267988,228.83829057652792
14645,157,2,597.09,298.545,276,3,At Risk / Hibernating,0.998465248382948,0.47719706794343913,389.25720539644726,182.09847578086345
14646,2,73,280206.02,3838.4386301369864,355,1,Champions,0.9999231698376729,9.536003690472809,6213.190876103045,58083.56592277443
14647,201,1,243.22,243.22,201,3,At Risk / Hibernating,1.0,0.27556969454204533,416.9460280538009,112.63754140884919
14649,5,4,1417.29,354.3225,212,0,Potential Loyalists,0.9995380401160451,0.9049781900379611,416.68632351219816,369.67439749356504
14651,67,2,654.6,327.3,211,2,Loyal Customers,0.9991607109548283,0.5866957205702568,334.4346922255455,192.35177142430587
14652,77,1,114.18,114.18,77,3,At Risk / Hibernating,1.0,0.5097069171828498,416.9460280538009,208.33989986882636
14653,1,7,1947.55,278.2214285714286,338,1,Champions,0.9996755844685751,1.2880343588445906,338.76878931272586,427.76261222136236
14655,8,4,1932.23,483.0575,222,2,Loyal Customers,0.9995628672287759,1.1830395963004718,385.9358983069774,447.5963230369731
14656,169,2,291.05,145.525,283,3,At Risk / Hibernating,0.9983188370351367,0.4662819914308554,297.3321675170101,135.91344375623973
14657,18,4,848.22,212.055,326,2,Loyal Customers,0.9995350728529037,0.8715118443744636,220.3964393675016,188.29977636608896
14658,5,2,247.15,123.575,117,0,Potential Loyalists,0.9994646566148236,0.8835370613728044,281.66265465466745,243.96422933864156
14659,9,9,2529.93,281.1033333333333,316,1,Champions,0.9996989264043591,2.0680813961219227,264.326867139955,535.8965973929637
14660,87,2,285.74,142.87,101,3,At Risk / Hibernating,0.99813387663117,0.9711427191880412,296.80107586385077,282.56651247913703
14661,27,1,107.95,107.95,27,0,Potential Loyalists,1.0,0.7835102225248187,416.9460280538009,320.25566588018444
14662,29,4,771.17,192.7925,316,2,Loyal Customers,0.9994754970881358,0.8940966383073077,277.52967568559717,243.2572737702837
14664,20,2,637.89,318.945,33,0,Potential Loyalists,0.9992576644655983,1.6111606418967486,339.31611724632245,535.9395622977555
14665,61,5,1835.7,367.14,311,2,Loyal Customers,0.999240337043131,0.9080384100478223,462.6713228147212,411.859181419397
14666,24,1,195.25,195.25,24,0,Potential Loyalists,1.0,0.8003708770294453,416.9460280538009,327.14737958121214
14667,11,25,9241.2,369.648,368,1,Champions,0.9997898700605593,4.699844970213879,397.81518857282106,1832.892515743189
14669,242,3,1269.99,423.33,333,2,Loyal Customers,0.9972762270114726,0.40887145251763574,421.8385237706964,169.08491783544238
14670,280,2,411.53,205.765,280,3,At Risk / Hibernating,1.0,0.21318148639732568,416.9460280538009,87.13670482981304
14672,235,2,765.5500000000001,382.77500000000003,336,3,At Risk / Hibernating,0.9975430924690034,0.4049411295982023,446.190230615121,177.12660065569779
14673,3,5,1736.4,347.28000000000003,368,1,Champions,0.9996354493285063,0.9959737151927905,357.92310885919767,349.46971855222904
14675,16,1,604.75,604.75,16,0,Potential Loyalists,1.0,0.8757538718250983,416.9460280538009,357.959830801703
14676,31,6,2548.2400000000002,424.7066666666667,283,2,Loyal Customers,0.9994528262084452,1.4889652231129453,401.89252407682494,586.6330444062977
14680,25,16,28754.11,1797.131875,372,1,Champions,0.9995818946335174,3.2357548354955514,1704.8264580351035,5407.89007546885
14681,71,3,498.95,166.31666666666666,212,2,Loyal Customers,0.9991311516693554,0.5866783636965327,272.8834787185303,156.94564255780867
14682,188,2,52.0,26.0,201,3,At Risk / Hibernating,0.9956180204062197,0.6062713889750538,238.80124915057016,141.93046576120565
14684,26,5,1236.28,247.256,363,2,Loyal Customers,0.9995295439639124,1.007421653727248,300.8137308057214,297.0851031809118
14687,107,1,628.38,628.38,107,3,At Risk / Hibernating,1.0,0.42521324797573734,416.9460280538009,173.80354679285344
14688,8,21,5630.87,268.13666666666666,374,1,Champions,0.9998093914377983,4.036091458751065,281.26356496535425,1112.8754549941611
14689,209,1,112.80000000000001,112.80000000000001,209,3,At Risk / Hibernating,1.0,0.2686044302111725,416.9460280538009,109.79052762716105
14690,44,2,371.7,185.85,152,0,Potential Loyalists,0.9992344016464088,0.7467905464833281,295.9698019719493,216.6797132778616
14691,31,5,2114.33,422.866,213,2,Loyal Customers,0.9993948108001939,1.224938556506037,518.712214291875,622.8921351761741
14692,137,4,591.55,147.8875,322,2,Loyal Customers,0.9979551272815144,0.8790364396754429,196.34324604575193,169.19782862303452
14693,265,1,172.9,172.9,265,3,At Risk / Hibernating,1.0,0.2234261478566501,416.9460280538009,91.32415332651593
14696,4,7,2078.95,296.99285714285713,373,1,Champions,0.9996886901757,1.3895990390098831,316.832839099329,431.6101678310716
14697,218,2,188.61,94.305,218,3,At Risk / Hibernating,1.0,0.25924356559595163,416.9460280538009,105.96432543534883
14698,2,5,1250.76,250.152,51,1,Champions,0.9996328565825215,3.619211071418809,239.79174374698812,850.7869787140496
14699,214,1,109.13000000000001,109.13000000000001,214,3,At Risk / Hibernating,1.0,0.26290850994245835,416.9460280538009,107.46235136551911
14700,32,3,2235.3,745.1,238,2,Loyal Customers,0.9993945124384142,0.8282078243397477,631.7272261263297,512.9096903222544
14701,11,9,2549.37,283.2633333333333,317,1,Champions,0.9996498444185106,1.5952741287426944,368.27344329605137,575.9406751017611
14702,1,17,3292.14,193.65529411764706,365,1,Champions,0.9998356933041036,3.488639323334784,201.52972897084814,689.2349223724268
14703,15,1,318.17,318.17,15,0,Potential Loyalists,1.0,0.8968719462723965,416.9460280538009,366.59174757508026
14704,11,9,1546.91,171.8788888888889,180,1,Champions,0.9996274518401459,3.189120146792745,209.77685767517167,655.8443044906643
14705,199,1,179.0,179.0,199,3,At Risk / Hibernating,1.0,0.27866663388270024,416.9460280538009,113.90339848931248
14708,3,3,1126.3700000000001,375.4566666666667,369,0,Potential Loyalists,0.9995505966235864,0.5819028767485089,376.9561361807749,215.03699874297678
14709,15,13,4921.04,378.54153846153844,358,1,Champions,0.9996867301552098,2.491865513349881,418.63391119888,1022.6595005701516
14710,14,4,606.13,151.5325,59,0,Potential Loyalists,0.999387872611574,2.6894456656883694,220.65572121985704,581.7689317394513
14711,10,11,2868.8,260.8,262,1,Champions,0.9996957484116624,2.942807377287613,282.4961356496169,814.9791741754443
14712,29,3,917.07,305.69,112,2,Loyal Customers,0.9992732965325428,1.4046908355114918,406.665318883121,560.0026894158266
14713,9,11,2666.36,242.39636363636365,365,1,Champions,0.9997261489432188,2.2444726052512807,255.54937938583944,562.2910555517489
14714,24,1,160.19,160.19,24,0,Potential Loyalists,1.0,0.8003708770294453,416.9460280538009,327.14737958121214
14715,25,4,867.38,216.845,331,2,Loyal Customers,0.9995021505975866,0.8605889460159184,291.7685707441158,246.15360678127632
14716,43,2,329.68,164.84,149,0,Potential Loyalists,0.9992376105233126,0.7571193814389164,289.5643748160197,214.92232877688988
14719,2,5,1602.13,320.42600000000004,249,1,Champions,0.9996419952842747,1.3655789268616505,360.9742082121343,483.24240030253435
14720,6,3,663.81,221.26999999999998,127,0,Potential Loyalists,0.999522587342142,1.3041477739972276,313.99314051321244,401.438619508996
14722,147,1,187.92,187.92,147,3,At Risk / Hibernating,1.0,0.34448011789018956,416.9460280538009,140.8043053082666
14723,10,6,1158.3,193.04999999999998,371,1,Champions,0.9996060247879615,0.9868900060357582,269.72968815930574,260.95728929611386
14725,25,1,718.08,718.08,25,0,Potential Loyalists,1.0,0.8003708770294453,416.9460280538009,327.14737958121214
14727,274,1,268.58,268.58,274,3,At Risk / Hibernating,1.0,0.21691121163424176,416.9460280538009,88.66120929267805
14729,374,1,313.49,313.49,374,3,At Risk / Hibernating,1.0,0.16832095589037088,416.9460280538009,68.8002142525221
14730,1,8,2005.06,250.6325,277,1,Champions,0.9997015657918811,1.7803303086002,308.9560445556274,539.2241763075004
14731,47,3,380.02,126.67333333333333,212,0,Potential Loyalists,0.9992558808854848,0.9047227240731586,233.2280133561008,206.8560494655282
14732,8,8,2702.4900000000002,337.81125000000003,339,1,Champions,0.9996851728710137,1.7258999405082325,365.6032038289468,618.5824979552056
14733,16,12,9585.91,798.8258333333333,368,1,Champions,0.9996806456026809,2.4404138535430078,677.4797039030956,1620.8089055430944
14735,4,32,6065.6900000000005,189.55281250000002,358,1,Champions,0.9998402682742403,4.17799766635484,312.38625609809117,1279.4762109504115
14737,4,3,1164.55,388.18333333333334,353,0,Potential Loyalists,0.999547349997054,0.60258621684472,384.29813326714793,227.017505183229
14738,43,7,1314.45,187.77857142857144,316,2,Loyal Customers,0.999356358123146,1.5948057736514096,222.6783486863534,348.1431206798895
14739,4,7,3902.28,557.4685714285714,367,1,Champions,0.9996884229297059,1.4087219127604589,512.7855484362397,708.162663057808
14740,197,3,1448.21,482.7366666666667,284,2,Loyal Customers,0.9955072761421695,0.7195096084566176,446.39550621454424,314.8678690164125
14741,12,6,1400.3400000000001,233.39000000000001,373,1,Champions,0.9996295009462381,1.1886726008034234,276.01486315971204,321.6374982096219
14744,16,7,1099.98,157.14000000000001,367,2,Loyal Customers,0.9996021743605893,1.2050355900076994,220.72847580247156,260.7535302935148
14745,113,5,1220.26,244.052,285,2,Loyal Customers,0.9983171908646283,0.9712717073256443,351.8427354801316,335.01272333623166
14747,249,1,328.2,328.2,249,3,At Risk / Hibernating,1.0,0.2339669600512075,416.9460280538009,95.63265198612173
14748,29,5,1415.75,283.15,369,2,Loyal Customers,0.999489050777419,0.7877101518903612,343.6009336362782,265.33386442382766
14752,44,1,389.64000000000004,389.64000000000004,44,3,At Risk / Hibernating,1.0,0.6645208110997811,416.9460280538009,271.6193111494694
14753,87,1,563.15,563.15,87,3,At Risk / Hibernating,1.0,0.47702121890744975,416.9460280538009,194.97978736207108
14754,45,2,638.05,319.025,296,0,Potential Loyalists,0.9993555579033415,0.4513765268324206,413.6366213706019,183.03317812056133
14755,10,11,5010.28,455.47999999999996,334,1,Champions,0.9997212715605925,2.4171107426774068,448.50434718669976,1062.7601785781944
14756,15,1,738.96,738.96,15,0,Potential Loyalists,1.0,0.8861871099101,416.9460280538009,362.2243692927614
14757,75,1,420.5,420.5,75,3,At Risk / Hibernating,1.0,0.5167890469682096,416.9460280538009,211.23468452120443
14758,145,4,1484.06,371.015,260,2,Loyal Customers,0.9964193933233001,1.0462758375611236,315.7473405712078,323.8604393207204
14759,5,3,1625.97,541.99,233,0,Potential Loyalists,0.9995392909270445,0.8448411388679273,486.39422614163954,402.8426574186775
14760,297,1,89.2,89.2,297,3,At Risk / Hibernating,1.0,0.20327811545284508,416.9460280538009,83.08875711407012
14761,59,2,255.9,127.95,335,3,At Risk / Hibernating,0.9993235413012191,0.40767731159470694,297.54460417827374,118.91604682325256
14762,264,1,300.52,300.52,264,3,At Risk / Hibernating,1.0,0.22409923079679753,416.9460280538009,91.5992722480983
14764,47,1,278.3,278.3,47,3,At Risk / Hibernating,1.0,0.647176515107259,416.9460280538009,264.5299144689541
14765,29,3,254.11,84.70333333333333,176,0,Potential Loyalists,0.9993666631544335,1.0377950489652341,208.34925816884268,211.97059828965223
14766,8,6,2473.37,412.2283333333333,366,1,Champions,0.9996436787605313,1.2050856241916528,450.7218584484064,532.4740959933904
14768,17,2,192.60000000000002,96.30000000000001,127,0,Potential Loyalists,0.999398847744245,0.8383930631308062,251.8245401236931,206.97496376297303
14769,3,8,10674.75,1334.34375,358,1,Champions,0.9997202558709779,1.653031891432508,1324.3310913683226,2146.099293583594
14770,232,2,876.4200000000001,438.21000000000004,323,3,At Risk / Hibernating,0.9973865870001632,0.41830609601441493,500.47703394457517,205.23441874789512
14772,112,1,139.26,139.26,112,3,At Risk / Hibernating,1.0,0.4111133059469782,416.9460280538009,168.04026903462932
14775,58,3,1011.9,337.3,372,2,Loyal Customers,0.9993392317170124,0.5765025367318406,344.7417023211595,194.8349706906604
14776,51,11,2538.2999999999997,230.75454545454542,312,1,Champions,0.9991113843362713,2.083140553006656,269.0380886306231,549.419929663329
14778,127,2,730.86,365.43,309,3,At Risk / Hibernating,0.9989217281185578,0.43562089042543944,407.64683116062304,174.08631321004682
14779,281,3,386.15,128.71666666666667,324,3,At Risk / Hibernating,0.9848935314136906,0.6391959170750854,192.5500639223058,120.65617648586121
14780,55,2,447.68,223.84,79,3,At Risk / Hibernating,0.998832931523722,1.10975974548752,277.44624874741163,301.8422709612223
14782,320,1,200.10000000000002,200.10000000000002,320,3,At Risk / Hibernating,1.0,0.1917503945925192,416.9460280538009,78.37686563865186
14784,26,2,289.99,144.995,324,0,Potential Loyalists,0.999422647937037,0.4191600243836672,305.35396057385924,125.47443915570767
14785,10,2,77.4,38.7,15,0,Potential Loyalists,0.9993578643336878,1.9568127453816646,241.9046716803356,464.0514860106558
14788,7,2,679.44,339.72,26,0,Potential Loyalists,0.9994141824267581,1.7302109855998093,368.0135392700764,624.2167267741174
14789,29,1,197.64,197.64,29,0,Potential Loyalists,1.0,0.7673453072359011,416.9460280538009,313.6483326845508
14790,17,4,745.06,186.265,254,0,Potential Loyalists,0.9995224946276193,1.069092269283884,258.9910232421845,271.4387903666317
14792,64,1,6.2,6.2,64,3,At Risk / Hibernating,1.0,0.5637907092546836,416.9460280538009,230.44637764675514
14793,21,1,228.99,228.99,21,0,Potential Loyalists,1.0,0.827067906222666,416.9460280538009,338.0596662121936
14794,3,7,1319.91,188.55857142857144,334,1,Champions,0.999697314303782,1.5240921011249393,227.02286700927033,339.19764192277023
14795,166,1,131.45000000000002,131.45000000000002,166,3,At Risk / Hibernating,1.0,0.3166218216068191,416.9460280538009,129.41737598379694
14796,1,17,8022.49,471.9111764705882,367,1,Champions,0.999835707985622,3.480619781961722,456.5690767972094,1557.8841485329776
14798,53,3,173.74,57.913333333333334,310,3,At Risk / Hibernating,0.9993268482647044,0.6708112466893529,184.4814492241144,121.31791741687047
14799,51,1,157.7,157.7,51,3,At Risk / Hibernating,1.0,0.6201974947200376,416.9460280538009,253.5023718707435
14800,48,12,4339.74,361.645,370,1,Champions,0.9992144952353224,2.42813781633946,350.97947361578804,835.462752878002
14801,61,1,193.14,193.14,61,3,At Risk / Hibernating,1.0,0.5724683349113175,416.9460280538009,233.99331385920004
14803,162,3,845.5500000000001,281.85,292,2,Loyal Customers,0.9976148170283095,0.7030553492693032,249.35260592445198,171.86021590042998
14804,9,1,353.27,353.27,9,0,Potential Loyalists,1.0,0.9668139491007275,416.9460280538009,395.18022674505374
14805,15,4,554.65,138.6625,314,0,Potential Loyalists,0.9995420151446426,0.9011787564344362,223.57984433253208,197.52203105904
14806,75,1,193.39000000000001,193.39000000000001,75,3,At Risk / Hibernating,1.0,0.5167890469682096,416.9460280538009,211.23468452120443
14808,40,8,2741.17,342.64625,172,2,Loyal Customers,0.9991056330349026,2.1740415120749303,413.18628442325655,880.6147573053981
14810,41,11,2087.88,189.80727272727273,370,1,Champions,0.9993845347412884,2.2232154040967895,214.3531834252926,467.1792147591774
14813,370,2,155.43,77.715,370,3,At Risk / Hibernating,1.0,0.16985832650080251,416.9460280538009,69.42860581822141
14815,37,2,778.5,389.25,68,0,Potential Loyalists,0.9991067694861602,1.2080446469747843,329.1884303299896,389.852060409873
14816,197,1,271.85,271.85,197,3,At Risk / Hibernating,1.0,0.27971447385806925,416.9460280538009,114.33169737335649
14817,200,2,1110.34,555.17,277,2,Loyal Customers,0.997540119317164,0.47399877418320924,468.9486625000678,217.90861587919719
14818,74,3,657.8,219.26666666666665,254,2,Loyal Customers,0.9990827056714539,0.7893764067200525,323.9572794161473,250.69394714377077
14819,64,2,272.07,136.035,192,3,At Risk / Hibernating,0.9991486304579001,0.629404853776729,310.91425927302237,191.84156128105107
14820,21,4,507.29,126.8225,173,0,Potential Loyalists,0.9994439214039342,1.4224376292621328,204.88274186823557,285.7003346299206
14821,367,1,48.800000000000004,48.800000000000004,367,3,At Risk / Hibernating,1.0,0.17102991131587994,416.9460280538009,69.90748450613242
14823,180,3,321.43,107.14333333333333,195,3,At Risk / Hibernating,0.9958225149664739,0.6225383928281387,275.5527915491916,168.1678317549137
14824,10,4,1127.71,281.9275,91,0,Potential Loyalists,0.9994970069116571,2.151683576837837,281.29406406053516,593.3505644631273
14825,4,12,2226.9100000000003,185.57583333333335,369,1,Champions,0.9997773454009724,2.435064991567188,207.86071300689207,496.1980031228585
14828,197,3,2139.76,713.2533333333334,337,2,Loyal Customers,0.9971271704210161,0.6263616634055557,645.6308961681232,396.44355654241804
14829,29,4,697.55,174.3875,372,2,Loyal Customers,0.9994903092414837,0.7805659906153245,227.22419481286107,173.87458238791817
14830,53,1,197.13,197.13,53,3,At Risk / Hibernating,1.0,0.6100253908571814,416.9460280538009,249.34457445004938
14834,18,6,1720.3,286.71666666666664,240,2,Loyal Customers,0.9995553081506314,1.6963507417961463,318.3109120687878,529.3455654380982
14836,10,3,102.45,34.15,30,0,Potential Loyalists,0.999400505518946,2.5689630423139582,161.8425718054615,407.58978910391835
14837,90,4,1649.5,412.375,202,2,Loyal Customers,0.9981862633956863,1.273306660104429,394.47539412946094,492.40790400347214
14840,268,1,62.85,62.85,268,3,At Risk / Hibernating,1.0,0.22143094177008768,416.9460280538009,90.50862390071362
14841,53,6,3295.76,549.2933333333334,359,2,Loyal Customers,0.9993079312616551,1.2272516421835902,549.2774752702102,660.8416048873421
14842,44,4,2824.69,706.1725,308,2,Loyal Customers,0.9993755455012696,0.912979419705516,720.3662742034118,644.7425195734627
14844,64,4,3189.81,797.4525,241,2,Loyal Customers,0.9990630225866788,1.109969387623282,672.4879595596695,731.7581031274941
14847,149,1,309.40000000000003,309.40000000000003,149,3,At Risk / Hibernating,1.0,0.3428922366532319,416.9460280538009,140.15526732680286
14849,22,25,7930.54,317.2216,374,1,Champions,0.9996384183750061,2.6107134235108713,612.2577675846882,1566.9875727122105
14850,312,1,325.75,325.75,312,3,At Risk / Hibernating,1.0,0.19578783183211276,416.9460280538009,80.02714551866629
14851,23,2,511.35,255.675,256,0,Potential Loyalists,0.9994175936645592,0.5055801574735298,365.34884462770344,181.0796553778371
14852,58,6,2836.69,472.7816666666667,252,2,Loyal Customers,0.9990776199221061,1.35205197693229,548.3031901847595,726.751957624934
14853,24,2,475.8,237.9,211,0,Potential Loyalists,0.999400087494603,0.5868362797315118,345.0657616653076,198.51383180228976
14854,78,7,2759.83,394.26142857142855,275,2,Loyal Customers,0.9982987270749278,1.7881986961585494,388.45807821553353,680.9763161827625
14855,119,2,645.65,322.825,135,3,At Risk / Hibernating,0.9974495553460527,0.8078977157060534,381.08763031437115,301.8236772039338
14856,36,3,1311.38,437.1266666666667,57,2,Loyal Customers,0.9990526260098733,1.314321810008515,366.6835010430341,472.4604109490268
14857,60,2,1173.1200000000001,586.5600000000001,148,2,Loyal Customers,0.9990907680609747,0.7570081193396085,524.8518317304414,389.501647752969
14859,13,4,1353.74,338.435,204,2,Loyal Customers,0.9994962903199613,0.9314620577644326,487.3925355561378,445.05744352862513
14860,19,1,170.32,170.32,19,0,Potential Loyalists,1.0,0.8458779098923013,416.9460280538009,345.74816836534876
14861,52,1,125.79,125.79,52,3,At Risk / Hibernating,1.0,0.6150693878726767,416.9460280538009,251.4062834017911
14862,26,2,841.2,420.6,149,0,Potential Loyalists,0.9993630540889972,0.7572144296575347,472.43539465776564,350.6980516915144
14863,29,1,266.76,266.76,29,0,Potential Loyalists,1.0,0.7595104315174132,416.9460280538009,310.44586416142715
14865,7,2,52.2,26.1,372,0,Potential Loyalists,0.9994755487129989,0.3726019993621706,231.31978412345694,84.49476065374232
14866,11,12,14389.9,1199.1583333333333,366,1,Champions,0.9997192400159083,2.239297476821968,1323.0312420649823,2904.3832609634246
14867,186,3,710.28,236.76,336,2,Loyal Customers,0.9975140905043374,0.626604713554206,282.88442910636405,173.76991567440552
14868,3,8,2953.59,369.19875,233,1,Champions,0.9996867857784045,2.03379927708355,418.7022338775746,834.8058893834468
14869,9,2,725.7,362.85,103,0,Potential Loyalists,0.9994443528297582,0.955452470987717,378.82009986479545,354.82503568880605
14870,262,1,327.25,327.25,262,3,At Risk / Hibernating,1.0,0.22545763665263796,416.9460280538009,92.15451311587614
14871,3,4,522.38,130.595,361,0,Potential Loyalists,0.9995964000597064,0.802486373712344,208.3542377803276,163.91243990574617
14873,210,1,519.68,519.68,210,3,At Risk / Hibernating,1.0,0.2666785638805637,416.9460280538009,109.00334028987075
14875,108,2,1465.32,732.66,263,2,Loyal Customers,0.9989609416432601,0.4961875633470102,733.9264519202369,357.00172138244636
14878,13,9,1485.54,165.06,359,1,Champions,0.9996784604005918,1.8597816020354434,179.96239763487583,328.10718125785576
14880,77,3,706.19,235.39666666666668,289,2,Loyal Customers,0.999118676960339,0.7120051335338063,335.78535045374656,234.37797529031275
14881,20,1,255.4,255.4,20,0,Potential Loyalists,1.0,0.8458779098923013,416.9460280538009,345.74816836534876
14882,27,2,589.7,294.85,34,0,Potential Loyalists,0.9991279945021576,1.6109515675519013,382.24217738645655,603.6616331332656
14883,19,6,761.59,126.93166666666667,212,2,Loyal Customers,0.9995140895272544,1.5507220612149106,181.38526127316436,275.74527082956195
14885,132,1,765.3199999999999,765.3199999999999,132,3,At Risk / Hibernating,1.0,0.37204636830561827,416.9460280538009,152.07186371228374
14886,253,1,364.8,364.8,253,3,At Risk / Hibernating,1.0,0.23177997385315355,416.9460280538009,94.73873346268373
14887,79,1,1862.0,1862.0,79,2,Loyal Customers,1.0,0.5028162745542563,416.9460280538009,205.5233846940691
14888,207,1,369.2,369.2,207,3,At Risk / Hibernating,1.0,0.26957783221709153,416.9460280538009,110.1884003796277
14889,336,1,135.9,135.9,336,3,At Risk / Hibernating,1.0,0.18370051608224094,416.9460280538009,75.086522928905
14890,254,1,125.65,125.65,254,3,At Risk / Hibernating,1.0,0.23106003589612162,416.9460280538009,94.44446280287912
14891,148,2,554.38,277.19,188,3,At Risk / Hibernating,0.9975385659994436,0.6406659494994639,272.8834787185303,171.3881790407069
14893,10,2,1237.8500000000001,618.9250000000001,12,0,Potential Loyalists,0.9993664882231924,2.054734102110225,422.388088177009,850.8244826183084
14894,85,1,655.75,655.75,85,3,At Risk / Hibernating,1.0,0.48321863399917936,416.9460280538009,197.5129490548465
14895,8,20,11138.710000000001,556.9355,290,1,Champions,0.9997298686081866,2.7133788919854838,830.9867148613597,2210.4293829077187
14896,205,2,468.77000000000004,234.38500000000002,366,3,At Risk / Hibernating,0.9983767820496738,0.3781960602729709,322.09027493080873,119.41707707890156
14897,8,4,1366.38,341.595,297,0,Potential Loyalists,0.9995768766987232,0.9431871590469485,402.5515436787539,372.2128303738822
14898,23,6,1303.52,217.25333333333333,371,2,Loyal Customers,0.9995627683316222,1.191294669164315,274.25989422464966,320.29743255194353
14901,11,9,1421.29,157.92111111111112,373,1,Champions,0.9996875413204372,1.8007571877325446,185.81160060186792,328.01974495161755
14902,26,1,332.66,332.66,26,0,Potential Loyalists,1.0,0.7918508048730493,416.9460280538009,323.66483987382634
14903,21,5,2810.63,562.126,279,2,Loyal Customers,0.9995234299260043,1.25129809849159,534.9759262598764,656.2465624833337
14904,2,2,1025.44,512.72,26,0,Potential Loyalists,0.9994702327808072,1.748725381652665,514.63639923663,882.2560843338981
14905,158,2,616.15,308.075,234,3,At Risk / Hibernating,0.9980561168354284,0.5433488578385597,366.44797344032867,195.19244561931367
14907,3,7,3501.1,500.15714285714284,368,1,Champions,0.9996670747032643,1.2023497302903683,546.4276782102244,644.073540303836
14908,74,1,277.8,277.8,74,3,At Risk / Hibernating,1.0,0.5204044314005793,416.9460280538009,212.7124546117273
14910,3,4,434.35,108.5875,55,0,Potential Loyalists,0.9995816448098392,2.7993451926518946,169.45235689544566,465.0253843582499
14911,1,201,143825.06,715.5475621890547,373,1,Champions,0.9999661152933333,26.8388432318677,1087.6948245801498,28618.2472976185
14912,17,2,867.85,433.925,247,0,Potential Loyalists,0.9994397794765256,0.5216440741500888,402.22045992182177,205.68865866205402
14913,36,4,1227.43,306.8575,359,2,Loyal Customers,0.9994554522161451,0.8042480265702825,339.09471107265665,267.3516881794061
14915,91,2,307.48,153.74,278,3,At Risk / Hibernating,0.9991107752364466,0.47474509903369566,300.684972214346,139.94071720485485
14916,71,4,1268.98,317.245,324,2,Loyal Customers,0.9991679098932095,0.8756255255399156,350.46710120791255,300.8414047278236
14918,116,2,1610.15,805.075,155,2,Loyal Customers,0.9980861450177039,0.7358954246463911,614.5047209720146,443.31595258573805
14920,213,2,977.77,488.885,213,3,At Risk / Hibernating,1.0,0.2647801176124813,416.9460280538009,108.22736075955052
14921,30,2,1316.07,658.035,201,2,Loyal Customers,0.9993684168308881,0.6085551544383015,415.1513871291779,247.67284833237386
14923,51,1,749.1,749.1,51,3,At Risk / Hibernating,1.0,0.6254118329543538,416.9460280538009,255.63370703390643
14924,246,1,310.05,310.05,246,3,At Risk / Hibernating,1.0,0.23694795938330526,416.9460280538009,96.85111900403754
14929,32,1,223.88,223.88,32,0,Potential Loyalists,1.0,0.7369372624707086,416.9460280538009,301.2191881649226
14930,109,3,2372.86,790.9533333333334,274,2,Loyal Customers,0.9989840708345874,0.47883716910012913,810.3159043976934,380.3768715080692
14931,5,5,1257.68,251.536,241,1,Champions,0.999624510962691,1.4053309706713397,280.82670687189005,386.8914135053416
14932,366,1,363.53,363.53,366,3,At Risk / Hibernating,1.0,0.17142403939022,416.9460280538009,70.06858213503683
14934,82,2,1890.94,945.47,283,2,Loyal Customers,0.9991776301053286,0.4680128472733887,714.8902797956933,327.99637585656967
14935,297,1,1784.71,1784.71,297,3,At Risk / Hibernating,1.0,0.20327811545284508,416.9460280538009,83.08875711407012
14936,34,8,8137.02,1017.1275,276,1,Champions,0.9994263518997093,1.2620885801661328,1364.1954224205263,1687.867870010372
14937,57,3,1621.88,540.6266666666667,130,2,Loyal Customers,0.9990686321351688,0.8254782802854795,622.6281141712072,503.8560296352979
14944,30,12,5900.25,491.6875,297,1,Champions,0.9994851846044418,1.682411309000932,785.9835981699159,1296.3363867093822
14946,14,1,100.9,100.9,14,0,Potential Loyalists,1.0,0.8968719462723965,416.9460280538009,366.59174757508026
14947,72,2,290.82,145.41,131,3,At Risk / Hibernating,0.9988433137226108,0.8252921114380827,276.26399254559624,223.5136549403622
14948,23,6,1101.97,183.66166666666666,219,2,Loyal Customers,0.9994806349915372,1.8199133288684732,212.38994040953685,378.92807381661703
14950,19,1,371.2,371.2,19,0,Potential Loyalists,1.0,0.8458779098923013,416.9460280538009,345.74816836534876
14951,79,1,311.69,311.69,79,3,At Risk / Hibernating,1.0,0.5028162745542563,416.9460280538009,205.5233846940691
14952,60,11,8099.49,736.3172727272727,365,1,Champions,0.9991517418404731,1.6253834328162804,967.4070725490782,1541.4771261890899
14953,25,1,289.82,289.82,25,0,Potential Loyalists,1.0,0.7918508048730493,416.9460280538009,323.66483987382634
14954,12,1,336.17,336.17,12,0,Potential Loyalists,1.0,0.9190337185186397,416.9460280538009,375.6502716752353
14957,253,1,58.49,58.49,253,3,At Risk / Hibernating,1.0,0.23106003589612162,416.9460280538009,94.44446280287912
14958,147,3,499.68,166.56,246,3,At Risk / Hibernating,0.9973609150706482,0.8080949627180516,244.81282545409135,193.94051217294182
14959,64,4,695.42,173.855,296,2,Loyal Customers,0.9991785537781342,0.9428113069513154,240.71165265112734,222.4814777388766
14960,8,2,221.27,110.635,171,0,Potential Loyalists,0.9994581165248504,0.6846998250593848,285.8005513610214,191.8382848015833
14961,11,9,7044.68,782.7422222222223,361,1,Champions,0.9996757126982528,1.6413989846321386,777.4152468981797,1250.9478807270082
14962,271,1,126.7,126.7,271,3,At Risk / Hibernating,1.0,0.21947105497091607,416.9460280538009,89.70753104468263
14963,10,5,1487.8,297.56,184,2,Loyal Customers,0.9995797394381654,1.7231517511618921,325.14508655934316,549.2535683305239
14964,247,1,206.21,206.21,247,3,At Risk / Hibernating,1.0,0.23544802447650895,416.9460280538009,96.23802889056574
14965,96,2,599.0,299.5,96,3,At Risk / Hibernating,1.0,0.45099275193784377,416.9460280538009,184.34078538192955
14966,15,1,191.32,191.32,15,0,Potential Loyalists,1.0,0.8968719462723965,416.9460280538009,366.59174757508026
14967,50,1,463.8,463.8,50,3,At Risk / Hibernating,1.0,0.6307145960879933,416.9460280538009,257.80118548055043
14968,30,1,147.59,147.59,30,0,Potential Loyalists,1.0,0.7518339371168964,416.9460280538009,307.3081333353372
14970,68,4,1592.06,398.015,317,2,Loyal Customers,0.9991736647059707,0.893826629368607,417.83956993615504,366.12956543476366
14971,35,3,1116.57,372.19,43,2,Loyal Customers,0.9989899730217385,1.4668508421018807,455.3988980620739,654.862836403972
14972,128,1,114.77,114.77,128,3,At Risk / Hibernating,1.0,0.37771369014749023,416.9460280538009,154.38835155991666
14973,107,3,1314.45,438.15000000000003,226,2,Loyal Customers,0.9984071844936139,0.8639790022919347,361.962539721254,306.5764644263355
14974,37,1,114.39,114.39,37,3,At Risk / Hibernating,1.0,0.7021563914860657,416.9460280538009,287.0026731405869
14975,57,1,279.94,279.94,57,3,At Risk / Hibernating,1.0,0.5906504285268684,416.9460280538009,241.4251543093273
14976,57,7,790.86,112.98,327,2,Loyal Customers,0.9992520673200646,1.0989362023050662,216.9840016930878,233.76105742632103
14978,72,5,1931.42,386.284,331,2,Loyal Customers,0.999078947427466,1.087730328003255,407.9197083449776,434.97859955676256
14981,246,1,102.12,102.12,246,3,At Risk / Hibernating,1.0,0.2361956106507191,416.9460280538009,96.54360061208392
14984,19,2,213.27,106.635,181,0,Potential Loyalists,0.9994111960781689,0.6599163033619323,272.00140475545703,175.96730970711747
14985,198,2,296.75,148.375,358,3,At Risk / Hibernating,0.9984116424313304,0.3844100224464844,303.9361767693384,114.53782358410223
14987,16,2,326.4,163.2,366,0,Potential Loyalists,0.9994568624529847,0.3786052065598783,299.7613345566777,111.2587099780217
14988,212,1,334.54,334.54,212,3,At Risk / Hibernating,1.0,0.26572594996969207,416.9460280538009,108.61396456244529
14995,39,2,233.23000000000002,116.61500000000001,280,0,Potential Loyalists,0.9993713093963018,0.47078643351740834,277.00290267173085,127.84393778045731
14997,46,3,546.1999999999999,182.06666666666663,178,2,Loyal Customers,0.9992057809980252,1.0292249659647796,277.00198565764344,279.4893500102979
14998,170,2,429.87,214.935,241,3,At Risk / Hibernating,0.9978264403903491,0.5292032043716102,338.106151914777,175.40721480120706
15000,48,1,490.52,490.52,48,3,At Risk / Hibernating,1.0,0.6415945495098853,416.9460280538009,262.2483132538975
15002,116,4,1641.76,410.44,367,2,Loyal Customers,0.9987326410079282,0.788919420453436,359.15304326181916,277.7692095230375
15004,147,1,1246.32,1246.32,147,3,At Risk / Hibernating,1.0,0.34448011789018956,416.9460280538009,140.8043053082666
15005,16,28,6316.57,225.5917857142857,366,1,Champions,0.9997213048443823,5.75521331033143,233.61890733009676,1318.079286407986
15006,51,1,502.09,502.09,51,3,At Risk / Hibernating,1.0,0.6201974947200376,416.9460280538009,253.5023718707435
15007,159,1,156.91,156.91,159,3,At Risk / Hibernating,1.0,0.32634507793628537,416.9460280538009,133.39170475845282
15009,12,3,1261.78,420.5933333333333,25,0,Potential Loyalists,0.9993472441226928,2.7055276162819757,364.9227166876617,967.8890713815399
15010,36,1,308.94,308.94,36,0,Potential Loyalists,1.0,0.7156671799454195,416.9460280538009,292.52514324719823
15012,54,2,423.04,211.52,374,3,At Risk / Hibernating,0.9993568610662078,0.3717147827729407,331.5252336038904,120.80870889548174
15014,43,2,260.17,130.085,176,0,Potential Loyalists,0.9992754313063114,0.670601261110969,290.1739756700808,190.76329774791665
15016,173,1,170.04,170.04,173,3,At Risk / Hibernating,1.0,0.30873727391826766,416.9460280538009,126.1946096019326
15017,34,1,125.58,125.58,34,3,At Risk / Hibernating,1.0,0.7297081291462637,416.9460280538009,298.26431428360155
15018,39,3,496.21,165.40333333333334,368,0,Potential Loyalists,0.9994259942899896,0.5831649072750646,275.11909828093167,157.2837989675568
15019,267,1,266.0,266.0,267,3,At Risk / Hibernating,1.0,0.22209203923416623,416.9460280538009,90.77884382303202
15021,9,9,1914.82,212.75777777777776,367,1,Champions,0.9996882153786262,1.6187790426306772,268.8272083749252,426.61172885528254
15022,12,4,905.04,226.26,47,0,Potential Loyalists,0.9994120370492527,2.192368097180519,327.8304672078398,704.5881244908134
15023,3,11,6802.76,618.4327272727273,369,1,Champions,0.999764873298173,2.2240614993774783,611.5390741358963,1333.3465306986532
15024,10,10,1661.33,166.13299999999998,367,1,Champions,0.999662653630058,1.4086855996690417,231.1119896196612,319.16005372783144
15025,33,1,377.01,377.01,33,0,Potential Loyalists,1.0,0.7297081291462637,416.9460280538009,298.26431428360155
15026,80,3,469.0,156.33333333333334,277,2,Loyal Customers,0.9990674527264596,0.7346055903456309,267.2400360032146,192.45433114270674
15027,31,4,1066.15,266.5375,238,2,Loyal Customers,0.9994176924770393,1.1212147865853654,290.6450160505756,319.46532520329424
15028,8,4,627.13,156.7825,369,0,Potential Loyalists,0.9995326073683681,0.5818924040426775,292.8738416653622,167.06871815543366
15030,72,2,518.28,259.14,268,3,At Risk / Hibernating,0.9992154319489404,0.4874764049110686,393.1965200064025,187.90362331222138
15031,4,4,668.14,167.035,282,0,Potential Loyalists,0.999589478689934,0.9808221586855165,240.8436943351972,231.57812156323155
15032,256,3,4959.1,1653.0333333333335,366,2,Loyal Customers,0.9974251825532925,0.3769669133001925,1235.0830085944776,456.42687090589527
15033,5,10,2586.67,258.66700000000003,329,1,Champions,0.9997426138438913,2.221475652891869,246.17826983626853,536.121635903643
15034,16,8,4308.61,538.57625,354,1,Champions,0.9996254311121121,1.4553658979723059,551.4870703163588,786.8274803574968
15035,90,1,252.73000000000002,252.73000000000002,90,3,At Risk / Hibernating,1.0,0.4709807600913632,416.9460280538009,192.51078080038636
15036,72,3,465.55,155.18333333333334,180,2,Loyal Customers,0.9988308617497088,1.0246896655214004,283.7879623106251,285.0745142959836
15038,59,6,705.49,117.58166666666666,370,2,Loyal Customers,0.9992684830360875,1.1963821827563454,172.73121080583192,202.58753046451608
15039,10,47,19914.44,423.7114893617021,369,1,Champions,0.9998244050107966,8.611939453970416,469.3146857756379,3962.207872402758
15041,170,1,180.35,180.35,170,3,At Risk / Hibernating,1.0,0.3113214594893222,416.9460280538009,127.25088151770721
15042,199,1,135.93,135.93,199,3,At Risk / Hibernating,1.0,0.27762661528700344,416.9460280538009,113.47829655348158
15043,31,1,537.0,537.0,31,0,Potential Loyalists,1.0,0.7443110694782242,416.9460280538009,304.23319679938174
15044,19,17,7700.2300000000005,452.954705882353,362,1,Champions,0.9996603825905421,3.0948543987890895,484.668534913845,1470.473222235078
15045,152,2,735.66,367.83,258,3,At Risk / Hibernating,0.998414222801185,0.503523072670255,384.5327987774739,189.81243650504555
15046,9,15,5213.7699999999995,347.58466666666664,338,1,Champions,0.9997575167390836,3.2776652506306085,342.07638800945733,1099.157160962139
15047,270,1,343.62,343.62,270,3,At Risk / Hibernating,1.0,0.22012048426804184,416.9460280538009,89.97298166620061
15048,65,4,384.05,96.0125,369,2,Loyal Customers,0.9992725028719699,0.7875394877061361,185.15571426819392,142.94907946115563
15049,274,1,121.17000000000002,121.17000000000002,274,3,At Risk / Hibernating,1.0,0.21754555784720792,416.9460280538009,88.92049478434917
15050,25,3,1782.09,594.03,71,2,Loyal Customers,0.9992704086765112,1.1737096634867494,436.3257804312236,502.0463595057036
15051,23,3,1391.61,463.86999999999995,150,2,Loyal Customers,0.9993929791653289,1.1610537139916883,473.80478621513487,539.2918796569007
15052,319,1,215.78,215.78,319,3,At Risk / Hibernating,1.0,0.1917503945925192,416.9460280538009,78.37686563865186
15053,5,3,697.79,232.59666666666666,282,0,Potential Loyalists,0.9995417377665904,0.7265540711150759,303.6088270782261,216.24908048536037
15054,12,2,302.1,151.05,40,0,Potential Loyalists,0.9993696633546677,1.5078138430631516,286.12844272949366,422.9423674464125
15057,275,2,1489.5,744.75,316,2,Loyal Customers,0.9949362497948918,0.4259726699279117,389.9545518279868,162.84243364171505
15058,25,11,2124.99,193.18090909090907,312,1,Champions,0.9995414033534381,1.8479434825306464,283.09358783157467,512.8504811185777
15059,41,9,1337.72,148.63555555555556,335,2,Loyal Customers,0.9994028248975753,1.5236431362518295,228.99485685516873,342.0432277722215
15060,8,4,303.09000000000003,75.77250000000001,9,0,Potential Loyalists,0.9993792456373591,2.1074815225122068,232.06331243787992,479.4496137277855
15061,4,48,54534.14,1136.1279166666666,372,1,Champions,0.9998759957345017,5.881828265138251,1563.934139865855,9017.848145547707
15062,71,4,987.86,246.965,359,2,Loyal Customers,0.9992136221329073,0.8040534292355258,303.6163109420231,239.32161143144435
15063,213,1,370.79999999999995,370.79999999999995,213,3,At Risk / Hibernating,1.0,0.26384099464975075,416.9460280538009,107.84349938648381
15065,38,4,3158.13,789.5325,291,2,Loyal Customers,0.999405045901188,0.9561234829353408,689.1036049314461,645.9077198069205
15066,53,1,893.59,893.59,53,3,At Risk / Hibernating,1.0,0.6100253908571814,416.9460280538009,249.34457445004938
15067,78,3,1744.76,581.5866666666667,283,2,Loyal Customers,0.9991940540506198,0.4680205402172334,638.5100636948137,292.95744429608794
15068,46,2,553.36,276.68,256,0,Potential Loyalists,0.9993269531458523,0.5055343047208748,369.12652264756673,182.9354120961923
15069,179,1,1109.53,1109.53,179,3,At Risk / Hibernating,1.0,0.300020934317706,416.9460280538009,122.63185288017826
15070,373,1,106.2,106.2,373,3,At Risk / Hibernating,1.0,0.16870268363576454,416.9460280538009,68.95624331496865
15071,94,2,982.07,491.035,276,2,Loyal Customers,0.999094369317122,0.477497744071783,406.0720289542986,190.08431551142587
15073,10,3,1043.41,347.80333333333334,187,0,Potential Loyalists,0.9995089664719335,0.9972337164138699,346.98158008976475,339.21529724590835
15074,105,1,748.87,748.87,105,3,At Risk / Hibernating,1.0,0.4276578104430879,416.9460280538009,174.80274898248598
15075,78,1,773.03,773.03,78,3,At Risk / Hibernating,1.0,0.5097069171828498,416.9460280538009,208.33989986882636
15076,173,1,880.85,880.85,173,3,At Risk / Hibernating,1.0,0.30873727391826766,416.9460280538009,126.1946096019326
15078,7,32,9743.11,304.4721875,369,1,Champions,0.9998086941275992,4.082266259987618,483.69346265848884,1935.7249088626068
15079,213,4,895.61,223.9025,366,2,Loyal Customers,0.9970550016480387,0.5844626483881298,391.5990606624183,224.37283399227445
15081,22,5,504.8,100.96000000000001,367,0,Potential Loyalists,0.9995473128196511,0.9958859015340936,170.2766267000993,166.2403927719228
15083,257,1,88.2,88.2,257,3,At Risk / Hibernating,1.0,0.22892680899745552,416.9460280538009,93.57251810682868
15087,282,1,306.94,306.94,282,3,At Risk / Hibernating,1.0,0.21257229995181484,416.9460280538009,86.88770325808089
15088,21,2,1160.07,580.035,67,0,Potential Loyalists,0.999308032621683,1.2082879991979174,361.0354567663925,427.65406352953465
15089,10,6,2420.84,403.47333333333336,128,1,Champions,0.9995667720445839,2.6608855566301277,273.3288848265667,712.9910569793112
15090,308,1,381.32,381.32,308,3,At Risk / Hibernating,1.0,0.197346053596166,416.9460280538009,80.66405995347172
15091,68,1,480.71,480.71,68,3,At Risk / Hibernating,1.0,0.5472014747237713,416.9460280538009,223.66561107072644
15092,215,2,457.81,228.905,284,3,At Risk / Hibernating,0.9971496961753918,0.46573592407429426,286.57640699346274,130.84346863908866
15093,18,6,4597.02,766.1700000000001,372,1,Champions,0.9995923266720105,1.1886283963844988,723.2643169478438,842.7816957673464
15095,104,4,1370.6000000000001,342.65000000000003,203,2,Loyal Customers,0.998298168310907,0.9337663022238591,343.0862778490169,314.06068464702895
15096,43,1,219.39000000000001,219.39000000000001,43,3,At Risk / Hibernating,1.0,0.6705106996842412,416.9460280538009,274.0676490911154
15097,4,1,248.08,248.08,4,0,Potential Loyalists,1.0,1.0198350377202603,416.9460280538009,416.8523623056601
15098,182,3,39916.5,13305.5,182,2,Loyal Customers,1.0,0.2964342221557534,416.9460280538009,121.16580369853045
15099,84,1,410.48,410.48,84,3,At Risk / Hibernating,1.0,0.48637812441226147,416.9460280538009,198.80437460974935
15100,334,3,876.0,292.0,374,3,At Risk / Hibernating,0.9772727893505622,0.5624971706123999,319.5501856401187,176.2102964867651
15101,9,2,317.53000000000003,158.76500000000001,359,0,Potential Loyalists,0.9994727947449727,0.38391939258800123,323.7990045974951,121.86735540353422
15103,31,2,703.36,351.68,86,0,Potential Loyalists,0.9992343383911176,1.0600523598729343,414.5140771453868,430.76341360281117
15104,197,2,1027.44,513.72,282,3,At Risk / Hibernating,0.9977358657550994,0.46733752767223147,525.8678331538765,240.92348738868142
15105,18,7,2298.93,328.4185714285714,135,1,Champions,0.999448020676241,2.1388481783329576,435.95071566170986,914.0914438405864
15106,18,5,1422.52,284.504,269,2,Loyal Customers,0.999547679992191,1.284649692101741,289.952901256245,365.1608455660354
15107,311,6,319.5,53.25,372,3,At Risk / Hibernating,0.7165303781567905,0.8520357065813523,111.81659590268926,93.39766441745871
15108,142,4,1300.25,325.0625,228,2,Loyal Customers,0.9953438720525702,1.1581450126497814,382.8581266892028,434.6832010660247
15109,246,1,484.95,484.95,246,3,At Risk / Hibernating,1.0,0.23694795938330526,416.9460280538009,96.85111900403754
15110,24,4,996.1,249.025,319,2,Loyal Customers,0.9995032997747031,0.8895004382276641,315.0607238140444,274.7339789791681
15111,29,3,1567.48,522.4933333333333,373,2,Loyal Customers,0.9994623689863142,0.57657357261822,557.5585232017254,315.14981586175196
15113,10,3,3609.33,1203.11,54,2,Loyal Customers,0.9994500643468298,2.067637056120653,585.2521318330276,1186.2870725232174
15114,30,10,2760.56,276.056,302,1,Champions,0.9994650644167744,2.388923453082728,293.88050715516914,688.2482396301132
15115,18,1,340.11,340.11,18,0,Potential Loyalists,1.0,0.8556074605824519,416.9460280538009,349.72507746716883
15116,18,4,1352.75,338.1875,205,2,Loyal Customers,0.9994975080704884,1.2609671977946515,326.26025938106335,403.31098149387844
15117,15,5,1551.78,310.356,216,2,Loyal Customers,0.9995499655388074,1.5289342380803665,334.00798810613503,500.6310309492234
15118,134,1,244.8,244.8,134,3,At Risk / Hibernating,1.0,0.3665466020275492,416.9460280538009,149.82386336572912
15119,246,1,266.4,266.4,246,3,At Risk / Hibernating,1.0,0.23694795938330526,416.9460280538009,96.85111900403754
15120,134,1,358.82,358.82,134,3,At Risk / Hibernating,1.0,0.3683617011303699,416.9460280538009,150.56577550814916
15121,50,2,457.72,228.86,289,0,Potential Loyalists,0.9993290754030718,0.4602158978235035,299.47038869451217,135.10996349510066
15122,114,3,1633.78,544.5933333333334,298,2,Loyal Customers,0.998726738886132,0.6942228273101665,544.2140328003314,370.3740465072389
15123,7,2,2199.31,1099.655,206,0,Potential Loyalists,0.9994660919199684,0.5975471693943185,746.1738872609185,437.10340925030494
15124,23,2,184.19,92.095,192,0,Potential Loyalists,0.9994013993510704,0.6319858888175933,267.54485305720755,165.75855628604407
15125,25,15,11528.48,768.5653333333333,271,1,Champions,0.9995052465560077,2.6074842334246853,804.0537267983549,2055.31739327048
15127,66,1,406.53000000000003,406.53000000000003,66,3,At Risk / Hibernating,1.0,0.5553722353508629,416.9460280538009,227.0053685269044
15128,60,4,1471.0,367.75,220,2,Loyal Customers,0.9990396700531223,1.1947383483266436,353.6769145097569,414.2395620833387
15129,50,11,3447.4,313.40000000000003,292,1,Champions,0.9989873389907215,2.454108754445266,351.9690062878692,846.779497570636
15130,170,1,330.11,330.11,170,3,At Risk / Hibernating,1.0,0.3126298431258797,416.9460280538009,127.78567627738681
15132,18,5,977.9300000000001,195.586,263,2,Loyal Customers,0.9995381719672066,1.3118065758254516,222.64673367744047,286.32427440812626
15133,128,3,982.42,327.4733333333333,302,2,Loyal Customers,0.9985450593692299,0.6865921411387876,358.6043026718502,241.37163995676786
15134,15,8,1387.99,173.49875,241,1,Champions,0.9996124180486168,2.278702239878381,216.0076805540105,482.5351135261693
15135,239,1,139.05,139.05,239,3,At Risk / Hibernating,1.0,0.24156466375370944,416.9460280538009,98.73817145590178
15136,3,4,1286.7,321.675,96,0,Potential Loyalists,0.9995408243266147,1.541346262017734,375.84725452099997,567.9157041748854
15139,240,2,178.96,89.48,337,3,At Risk / Hibernating,0.9974065186708655,0.4048856890377804,250.6515202984544,99.4888957348559
15140,52,7,2354.25,336.32142857142856,264,2,Loyal Customers,0.9991401690201406,1.5734322955735867,388.29719171666574,598.9414566581218
15142,46,1,498.74,498.74,46,3,At Risk / Hibernating,1.0,0.647176515107259,416.9460280538009,264.5299144689541
15143,226,1,259.45,259.45,226,3,At Risk / Hibernating,1.0,0.2530699262970115,416.9460280538009,103.44088423521646
15144,8,17,6580.4400000000005,387.084705882353,312,1,Champions,0.9997541377604476,3.265181906178905,472.13856221040686,1511.2940677334395
15145,4,4,1194.73,298.6825,248,0,Potential Loyalists,0.9995875303726519,1.0860269260265276,302.1086349857343,321.64421775954065
15146,165,2,1327.16,663.58,291,2,Loyal Customers,0.9984546279723898,0.4559809668303637,452.0414751764497,202.06768673666676
15147,240,1,623.5,623.5,240,3,At Risk / Hibernating,1.0,0.24078276007112828,416.9460280538009,98.41857263494691
15148,11,1,301.29,301.29,11,0,Potential Loyalists,1.0,0.9423185242075718,416.9460280538009,385.1678312717569
15149,134,1,520.8000000000001,520.8000000000001,134,3,At Risk / Hibernating,1.0,0.3683617011303699,416.9460280538009,150.56577550814916
15150,17,10,5314.47,531.447,269,1,Champions,0.9996130065322903,2.6154806411005858,521.2912411727717,1336.6080624201477
15152,10,13,4745.69,365.0530769230769,187,1,Champions,0.999693483650501,4.50776707192115,339.9437275625264,1502.2452616450992
15153,31,1,329.25,329.25,31,0,Potential Loyalists,1.0,0.7443110694782242,416.9460280538009,304.23319679938174
15154,75,1,296.42,296.42,75,3,At Risk / Hibernating,1.0,0.5167890469682096,416.9460280538009,211.23468452120443
15156,1,3,961.49,320.49666666666667,34,0,Potential Loyalists,0.9995438510158308,2.4937317855517738,356.85726119647825,872.4025379638333
15157,4,3,1936.07,645.3566666666667,358,0,Potential Loyalists,0.9995474572467105,0.5955297141312716,422.2275726040649,246.50282509144716
15158,45,1,401.40000000000003,401.40000000000003,45,3,At Risk / Hibernating,1.0,0.652856463211683,416.9460280538009,266.8515656011271
15159,2,30,18641.010000000002,621.3670000000001,361,1,Champions,0.9998487733903816,3.9396360663175916,900.8923617940143,3479.3739355457737
15160,357,1,158.16,158.16,357,3,At Risk / Hibernating,1.0,0.17464368592808965,416.9460280538009,71.3845945206428
15163,18,2,304.47,152.235,192,0,Potential Loyalists,0.999419646745591,0.6295755780931374,293.4205620367848,181.09663879974244
15164,69,3,843.05,281.01666666666665,339,2,Loyal Customers,0.9992574205227963,0.6230840155700327,365.0617217960096,222.98969605800926
15165,373,1,487.75,487.75,373,3,At Risk / Hibernating,1.0,0.16832095589037088,416.9460280538009,68.8002142525221
15167,321,1,163.0,163.0,321,3,At Risk / Hibernating,1.0,0.19125739301930922,416.9460280538009,78.17535400622941
15168,26,1,106.56,106.56,26,0,Potential Loyalists,1.0,0.7918508048730493,416.9460280538009,323.66483987382634
15171,331,1,1289.5,1289.5,331,3,At Risk / Hibernating,1.0,0.1859970890947965,416.9460280538009,76.02523426018668
15172,9,5,1624.05,324.81,237,1,Champions,0.9995991348005003,1.4237265714588048,341.4169711160898,476.5228913338352
15174,323,1,135.75,135.75,323,3,At Risk / Hibernating,1.0,0.19027895620240504,416.9460280538009,77.77542343750481
15175,72,1,224.14,224.14,72,3,At Risk / Hibernating,1.0,0.5315606090478071,416.9460280538009,217.27248589139984
15178,260,1,40.5,40.5,260,3,At Risk / Hibernating,1.0,0.22614303398856098,416.9460280538009,92.4346654809573
15179,18,5,2206.9500000000003,441.39000000000004,319,2,Loyal Customers,0.9995565505327815,1.1191041791964316,272.4342476745675,298.8850510508859
15180,367,1,87.5,87.5,367,3,At Risk / Hibernating,1.0,0.1706375914003699,416.9460280538009,69.74712595224005
15181,66,3,689.48,229.82666666666668,270,2,Loyal Customers,0.9991803944601635,0.7520793895237695,276.54705984850506,203.89410951660298
15182,154,2,622.85,311.425,269,3,At Risk / Hibernating,0.998447215507231,0.4871016234803339,340.9417195238187,162.8064526944775
15184,29,2,406.76,203.38,191,0,Potential Loyalists,0.9993672998730008,0.6344047522657595,303.6082854008661,188.8217514770903
15185,70,1,310.62,310.62,70,3,At Risk / Hibernating,1.0,0.535386395375701,416.9460280538009,218.8362567774073
15186,14,2,411.41,205.705,168,0,Potential Loyalists,0.9994307400599913,0.6933495252971642,308.5128013630848,209.69951225734758
15187,2,16,4777.18,298.57375,212,1,Champions,0.9998073938244134,4.4273747772708125,341.07651079543217,1480.3703996597144
15189,1,41,16225.39,395.74121951219513,333,1,Champions,0.9999116247795753,8.488275676764815,426.90026531609806,3552.369108801832
15192,120,3,1044.32,348.1066666666666,365,2,Loyal Customers,0.9989029666598083,0.5855459051022751,383.9095508051755,220.37470050184686
15193,61,1,499.32,499.32,61,3,At Risk / Hibernating,1.0,0.5769080982349951,416.9460280538009,235.80804501970792
15194,3,15,7616.53,507.76866666666666,368,1,Champions,0.9998072252274718,3.052811641586584,507.48963501379575,1518.7953263900527
15195,3,1,3861.0,3861.0,3,0,Potential Loyalists,1.0,1.0485879748298077,416.9460280538009,428.604999637075
15197,11,3,1079.61,359.86999999999995,358,0,Potential Loyalists,0.999525659624244,0.5955167271222187,318.76354309515017,186.09490582671097
15198,92,2,193.64,96.82,124,3,At Risk / Hibernating,0.9983382707688094,0.8505245687794906,264.1089209706815,220.2125322125756
15199,59,4,1268.7,317.175,308,2,Loyal Customers,0.9992465613818207,0.912861586277376,336.4634804228276,301.1028161266971
15201,87,5,1236.54,247.308,247,2,Loyal Customers,0.9986534758190606,1.0884459565877806,341.13535528100954,364.00355115739467
15203,26,6,1827.8,304.6333333333333,312,2,Loyal Customers,0.9995246001706684,1.3793472622178322,340.8968107940584,460.9656508675545
15204,357,1,316.58,316.58,357,3,At Risk / Hibernating,1.0,0.17464368592808965,416.9460280538009,71.3845945206428
15205,85,2,653.24,326.62,127,3,At Risk / Hibernating,0.9985613984927654,0.837690529157759,306.1067252648589,251.378752164862
15206,10,4,420.3,105.075,276,0,Potential Loyalists,0.9995601446119466,1.0007528155097516,213.30460055400243,209.26617111674864
15208,1,5,870.12,174.024,353,0,Potential Loyalists,0.9996433358116349,1.0290249657144093,249.85882283028167,252.05339190623988
15210,225,1,331.18,331.18,225,3,At Risk / Hibernating,1.0,0.2530699262970115,416.9460280538009,103.44088423521646
15211,60,2,894.4100000000001,447.20500000000004,365,2,Loyal Customers,0.9993316514152267,0.37855777524733764,460.538941626998,170.9111331683743
15212,241,1,101.8,101.8,241,3,At Risk / Hibernating,1.0,0.24000590185558213,416.9460280538009,98.10103612189704
15213,319,2,328.35,164.175,330,3,At Risk / Hibernating,0.9905250417337178,0.4091649505543702,231.38905694778208,92.81391362892664
15214,2,8,1661.44,207.68,243,1,Champions,0.999723488199927,2.26429945526772,199.91774207847953,443.76939360996886
15215,47,3,734.94,244.98000000000002,97,2,Loyal Customers,0.9990747350424412,0.9956297345444215,425.2375103509157,415.05112925486037
15216,88,1,96.6,96.6,88,3,At Risk / Hibernating,1.0,0.47702121890744975,416.9460280538009,194.97978736207108
15218,11,11,5756.89,523.3536363636364,319,1,Champions,0.9996849921669001,2.05202108742687,617.6652057431052,1242.530381148164
15219,176,1,305.75,305.75,176,3,At Risk / Hibernating,1.0,0.3036955050590286,416.9460280538009,124.13381380318333
15220,52,6,1778.96,296.49333333333334,281,2,Loyal Customers,0.9991973257017014,1.501380931127387,316.0790846615366,465.220345003705
15221,366,1,403.25,403.25,366,3,At Risk / Hibernating,1.0,0.17102991131587994,416.9460280538009,69.90748450613242
15222,319,1,585.0,585.0,319,3,At Risk / Hibernating,1.0,0.19224594434773853,416.9460280538009,78.57941882664375
15223,226,2,755.75,377.875,250,3,At Risk / Hibernating,0.99520273400356,0.5145316400483261,434.4738869275987,219.15312708276605
15224,358,2,322.08,161.04,363,3,At Risk / Hibernating,0.987087909441282,0.3765226525240494,367.77801166737106,135.75276876897092
15225,234,1,409.40000000000003,409.40000000000003,234,3,At Risk / Hibernating,1.0,0.24555161293703237,416.9460280538009,100.36781497798975
15226,311,1,154.41,154.41,311,3,At Risk / Hibernating,1.0,0.1963044977441553,416.9460280538009,80.23832982130457
15227,37,5,1219.4,243.88000000000002,317,2,Loyal Customers,0.9994285776573604,0.891738317002329,332.99918678441213,291.10693070266626
15228,66,4,3386.71,846.6775,295,2,Loyal Customers,0.9991534078763822,0.9479823517933984,712.4845860433854,662.1367473361335
15230,239,2,429.6,214.8,241,3,At Risk / Hibernating,0.9923685376196026,0.5280120728976814,251.8245401236931,130.3508350811761
15232,113,2,612.06,306.03,141,3,At Risk / Hibernating,0.9978919132297549,0.7850475286579535,363.7232423502072,279.92331022609056
15234,277,1,197.0,197.0,277,3,At Risk / Hibernating,1.0,0.21565355312687062,416.9460280538009,88.14714836438557
15235,218,12,2247.51,187.29250000000002,373,2,Loyal Customers,0.8490217476607561,1.6987644724989068,261.07298380887113,434.7775584587194
15236,299,1,321.05,321.05,299,3,At Risk / Hibernating,1.0,0.20272414061170696,416.9460280538009,82.86232298835459
15237,2,4,1412.32,353.08,227,0,Potential Loyalists,0.999601971238067,1.1630995780753781,230.30196643063556,262.59508290393103
15238,29,3,1071.99,357.33,184,2,Loyal Customers,0.9993742030452372,1.0049825314220653,397.3456582097989,391.4705024160828
15239,10,2,780.59,390.295,79,0,Potential Loyalists,0.9994206915590826,1.1179690081157907,371.6203443232711,407.2878781274134
15240,45,5,1706.57,341.31399999999996,312,2,Loyal Customers,0.9993614680095616,1.1424423642043635,363.8781733323151,407.5325364776894
15241,67,8,1756.44,219.555,284,2,Loyal Customers,0.9986314162674832,1.998370092861793,226.19952619211142,443.1387189699466
15243,74,1,316.68,316.68,74,3,At Risk / Hibernating,1.0,0.5204044314005793,416.9460280538009,212.7124546117273
15244,65,2,631.57,315.785,248,2,Loyal Customers,0.9992255498512628,0.5182413923042076,378.46911755488156,192.28015019849573
15245,134,3,2515.84,838.6133333333333,261,2,Loyal Customers,0.9980674622983781,0.7694554113925433,552.9397625561671,417.0933202906174
15246,238,2,514.15,257.075,359,3,At Risk / Hibernating,0.997745690151691,0.38415361645131685,375.9383503728704,141.57722172354892
15247,122,1,356.0,356.0,122,3,At Risk / Hibernating,1.0,0.38958259167663883,416.9460280538009,159.2397024943774
15249,32,13,6688.46,514.496923076923,257,1,Champions,0.9993284378594717,3.2727421889938073,507.38597216610447,1627.880185537077
15251,9,11,10484.99,953.180909090909,242,1,Champions,0.9996886739430515,2.851933963082161,799.2698291661796,2234.6271390776383
15252,36,2,740.78,370.39,183,0,Potential Loyalists,0.9993250438937323,0.6520025855707133,427.6990047086017,273.3754699666442
15253,16,5,918.2,183.64000000000001,170,2,Loyal Customers,0.9994599557099865,1.0684225831050604,388.6578389380579,407.0826344724278
15254,127,1,300.36,300.36,127,3,At Risk / Hibernating,1.0,0.3796413622139946,416.9460280538009,155.17627734007706
15255,67,1,890.85,890.85,67,3,At Risk / Hibernating,1.0,0.551256579291776,416.9460280538009,225.32311472719084
15256,149,1,98.45,98.45,149,3,At Risk / Hibernating,1.0,0.3428922366532319,416.9460280538009,140.15526732680286
15257,283,1,317.15,317.15,283,3,At Risk / Hibernating,1.0,0.21136431258897512,416.9460280538009,86.3939451434604
15258,169,2,623.16,311.58,217,3,At Risk / Hibernating,0.9974368482346343,0.5733945682827081,366.4017915574452,205.96010453832085
15260,100,7,1810.77,258.68142857142857,373,2,Loyal Customers,0.9985701608872029,1.1874129255918406,304.3068438753238,354.2300871585478
15261,135,1,254.82,254.82,135,3,At Risk / Hibernating,1.0,0.3647493031362866,416.9460280538009,149.08922697078563
15262,324,1,178.95000000000002,178.95000000000002,324,3,At Risk / Hibernating,1.0,0.18979348234935203,416.9460280538009,77.57698871983051
15263,107,1,156.51,156.51,107,3,At Risk / Hibernating,1.0,0.42521324797573734,416.9460280538009,173.80354679285344
15264,64,1,393.74,393.74,64,3,At Risk / Hibernating,1.0,0.5595498093719844,416.9460280538009,228.7129310090923
15265,151,2,1506.1200000000001,753.0600000000001,236,2,Loyal Customers,0.9982161878893628,0.5398602606705355,591.0212335257982,312.7925241410475
15266,338,1,119.3,119.3,338,3,At Risk / Hibernating,1.0,0.18279768857543116,416.9460280538009,74.71749725448065
15267,22,5,1717.36,343.472,183,2,Loyal Customers,0.9994510170521529,1.729794687017111,226.02307712383737,383.28295837700836
15269,24,1,408.8,408.8,24,0,Potential Loyalists,1.0,0.8090762961242793,416.9460280538009,330.70567908275973
15270,16,7,2379.49,339.9271428571428,310,1,Champions,0.9995715276328059,1.1456976349484764,422.56150048092945,474.60458113502165
15271,7,15,2507.07,167.138,365,1,Champions,0.9997784879593913,3.0738250947785,189.98627451141803,572.4973066648829
15272,57,2,721.94,360.97,86,2,Loyal Customers,0.9988232508307492,1.0596162516231071,419.7326299112127,436.00709022281455
15274,4,2,716.57,358.285,18,0,Potential Loyalists,0.9994448950851922,1.889461340994888,377.9842077846057,700.1390149453216
15275,38,1,615.14,615.14,38,0,Potential Loyalists,1.0,0.7021563914860657,416.9460280538009,287.0026731405869
15276,66,1,135.31,135.31,66,3,At Risk / Hibernating,1.0,0.551256579291776,416.9460280538009,225.32311472719084
15277,47,1,255.89999999999998,255.89999999999998,47,3,At Risk / Hibernating,1.0,0.647176515107259,416.9460280538009,264.5299144689541
15279,355,1,290.51,290.51,355,3,At Risk / Hibernating,1.0,0.17588245479625628,416.9460280538009,71.89093432237249
15280,172,1,113.12,113.12,172,3,At Risk / Hibernating,1.0,0.30873727391826766,416.9460280538009,126.1946096019326
15281,59,9,2332.15,259.1277777777778,333,2,Loyal Customers,0.9990112810938084,1.974121559311876,222.31756629345315,430.24884604412716
15286,50,1,240.55,240.55,50,3,At Risk / Hibernating,1.0,0.6307145960879933,416.9460280538009,257.80118548055043
15287,22,2,486.69,243.345,71,0,Potential Loyalists,0.9993022260019976,1.1821941186880387,291.6841232403684,338.044486594149
15288,43,5,2306.52,461.304,365,2,Loyal Customers,0.9994166325441464,1.0003446173787363,508.53435585225645,498.7028772695505
15289,29,3,939.78,313.26,250,2,Loyal Customers,0.9994187434780185,0.7995755398013774,331.7857943817379,260.06939970747294
15290,5,18,7943.22,441.29,359,1,Champions,0.9998148952340996,3.537470244479141,478.2604476032844,1658.5529823370302
15291,26,15,4668.3,311.22,374,1,Champions,0.9995873533333582,3.0176147474019985,318.18508520320995,941.2731556393292
15292,201,1,180.94,180.94,201,3,At Risk / Hibernating,1.0,0.27556969454204533,416.9460280538009,112.63754140884919
15296,51,6,3672.86,612.1433333333333,327,2,Loyal Customers,0.9992964886303979,1.3266624638878504,480.0081052982078,624.2822783365162
15297,10,3,641.94,213.98000000000002,64,0,Potential Loyalists,0.9994457081203901,1.9266111376840398,283.4973152658978,535.4457185164875
15298,2,12,4799.9,399.9916666666666,366,1,Champions,0.9997705678313722,2.2394124473487502,437.7998026703084,961.1290056630476
15299,67,7,4507.01,643.8585714285715,372,2,Loyal Customers,0.9992619951625988,0.7803876855297139,758.1325966052926,579.9993131497833
15300,64,1,496.44,496.44,64,3,At Risk / Hibernating,1.0,0.5595498093719844,416.9460280538009,228.7129310090923
15301,51,12,5070.35,422.5291666666667,369,1,Champions,0.9992310183416035,2.022185859395127,480.3443040883248,952.2384987786731
15303,290,1,574.02,574.02,290,3,At Risk / Hibernating,1.0,0.20724236682768868,416.9460280538009,84.7091227632038
15304,61,8,694.4,86.8,369,2,Loyal Customers,0.999143703848291,1.6104926950660565,129.46639478487344,204.4032552817443
15306,64,3,1174.3500000000001,391.45000000000005,148,2,Loyal Customers,0.998809070862716,1.1710717889161355,415.63114837155763,477.1596771889907
15307,96,1,205.3,205.3,96,3,At Risk / Hibernating,1.0,0.45374367658505516,416.9460280538009,185.46521163064705
15308,274,1,310.47,310.47,274,3,At Risk / Hibernating,1.0,0.21691121163424176,416.9460280538009,88.66120929267805
15311,1,91,60767.9,667.7791208791209,374,1,Champions,0.9999637210514412,18.288020042820307,674.3589163678199,12090.10188848217
15312,75,4,924.85,231.2125,354,2,Loyal Customers,0.9991710584899118,0.8135234831625262,269.1246223050756,214.63247894287082
15313,110,1,52.0,52.0,110,3,At Risk / Hibernating,1.0,0.4157082242838068,416.9460280538009,169.9184179027716
15314,199,1,327.97,327.97,199,3,At Risk / Hibernating,1.0,0.27762661528700344,416.9460280538009,113.47829655348158
15315,64,2,570.5,285.25,116,3,At Risk / Hibernating,0.9988939825593545,0.8878068962561352,380.0069742548992,330.73655478961064
15316,327,1,165.0,165.0,327,3,At Risk / Hibernating,1.0,0.1883518114615803,416.9460280538009,76.98771382360971
15318,4,1,312.62,312.62,4,0,Potential Loyalists,1.0,1.0340116510919786,416.9460280538009,422.64699091651573
15319,284,1,204.5,204.5,284,3,At Risk / Hibernating,1.0,0.21136431258897512,416.9460280538009,86.3939451434604
15320,44,1,267.13,267.13,44,3,At Risk / Hibernating,1.0,0.658636996609732,416.9460280538009,269.21433052901926
15321,71,3,2748.31,916.1033333333334,292,2,Loyal Customers,0.9992440720312866,0.4563414954464364,958.1487296957926,428.6420373799984
15322,86,1,679.68,679.68,86,3,At Risk / Hibernating,1.0,0.48321863399917936,416.9460280538009,197.5129490548465
15325,104,1,162.29,162.29,104,3,At Risk / Hibernating,1.0,0.43263224031988,416.9460280538009,176.83602134214524
15326,334,1,311.71,311.71,334,3,At Risk / Hibernating,1.0,0.185071603490638,416.9460280538009,75.64694721185339
15327,53,1,208.75,208.75,53,3,At Risk / Hibernating,1.0,0.6150693878726767,416.9460280538009,251.4062834017911
15329,39,3,1049.7,349.90000000000003,172,2,Loyal Customers,0.999267745482921,1.0593140202548317,387.4731363100933,402.38186605748336
15330,32,2,714.9599999999999,357.47999999999996,61,0,Potential Loyalists,0.9991425345008427,1.2736671658735612,406.6077387957462,507.6961992633761
15332,366,4,1661.06,415.265,370,2,Loyal Customers,0.9863723669680132,0.37023601566465103,253.48708790749606,92.00391924525552
15333,208,1,1028.56,1028.56,208,3,At Risk / Hibernating,1.0,0.2686044302111725,416.9460280538009,109.79052762716105
15334,157,3,351.67,117.22333333333334,173,3,At Risk / Hibernating,0.9917869495076842,1.0426933416398307,228.42917791109193,233.49643558629708
15335,54,1,173.97,173.97,54,3,At Risk / Hibernating,1.0,0.6100253908571814,416.9460280538009,249.34457445004938
15339,66,2,574.07,287.035,318,3,At Risk / Hibernating,0.9992833740296505,0.42451694923003536,370.4057608034373,154.1503869138109
15341,81,1,2020.52,2020.52,81,2,Loyal Customers,1.0,0.49944035026002864,416.9460280538009,204.14349281247155
15342,130,1,406.09000000000003,406.09000000000003,130,3,At Risk / Hibernating,1.0,0.3758054953050638,416.9460280538009,153.60838699821088
15343,87,1,364.5,364.5,87,3,At Risk / Hibernating,1.0,0.47702121890744975,416.9460280538009,194.97978736207108
15344,1,3,563.94,187.98000000000002,74,0,Potential Loyalists,0.9995563845737809,1.7785669409507154,234.1410241813856,408.2442771879501
15345,46,1,393.54,393.54,46,3,At Risk / Hibernating,1.0,0.652856463211683,416.9460280538009,266.8515656011271
15346,333,1,252.42000000000002,252.42000000000002,333,3,At Risk / Hibernating,1.0,0.18553319215907066,416.9460280538009,75.83561899017326
15347,366,1,201.60000000000002,201.60000000000002,366,3,At Risk / Hibernating,1.0,0.17102991131587994,416.9460280538009,69.90748450613242
15348,72,1,158.04,158.04,72,3,At Risk / Hibernating,1.0,0.5277891125744973,416.9460280538009,215.73090573137534
15349,158,2,473.81,236.905,187,3,At Risk / Hibernating,0.9970614881292669,0.6403595477651352,274.13038955638245,172.08897654113213
15350,373,1,115.65,115.65,373,3,At Risk / Hibernating,1.0,0.16832095589037088,416.9460280538009,68.8002142525221
15351,12,7,1960.11,280.0157142857143,370,1,Champions,0.9996463339861641,1.4022302431267832,303.03170138801335,416.5617319043333
15353,255,2,777.02,388.51,368,3,At Risk / Hibernating,0.9974915487996612,0.3761272526888778,439.30913006549224,161.98576617161154
15355,29,2,277.05,138.525,53,0,Potential Loyalists,0.9991636769005016,1.346803598156105,294.0347810791343,388.2176973092634
15356,31,10,2766.5,276.65,368,1,Champions,0.999519766621356,2.0227702114393713,305.17082036192954,605.1479633993865
15358,5,22,8347.2,379.41818181818184,366,1,Champions,0.9998003287457863,3.0738922444102625,541.2692679393433,1631.0755515901278
15360,40,1,427.93,427.93,40,0,Potential Loyalists,1.0,0.6891462926528363,416.9460280538009,281.68485775936074
15361,362,1,418.92,418.92,362,3,At Risk / Hibernating,1.0,0.1730188856104194,416.9460280538009,70.72046654117295
15363,373,1,326.0,326.0,373,3,At Risk / Hibernating,1.0,0.16870268363576454,416.9460280538009,68.95624331496865
15364,96,2,913.19,456.595,254,2,Loyal Customers,0.9990379144592559,0.5085178381246727,492.88935058683,245.71265739624394
15365,26,7,2314.32,330.6171428571429,315,2,Loyal Customers,0.9994916706048879,0.8964396675182119,622.1800779290411,546.775583557347
15366,75,2,602.51,301.255,358,3,At Risk / Hibernating,0.9992752630555046,0.38474253501886946,453.9026050566513,171.2003726278918
15367,57,4,1877.5900000000001,469.39750000000004,275,2,Loyal Customers,0.9992598366239751,0.7390192372415859,505.1251644915129,365.9541605396152
15368,21,1,446.94000000000005,446.94000000000005,21,0,Potential Loyalists,1.0,0.827067906222666,416.9460280538009,338.0596662121936
15370,41,7,2386.05,340.86428571428576,333,2,Loyal Customers,0.9994005798148646,1.5312390675719196,375.1021384949054,563.072803411173
15372,137,1,2007.4,2007.4,137,2,Loyal Customers,1.0,0.3612070687793727,416.9460280538009,147.64135746902377
15373,8,12,2415.91,201.32583333333332,371,1,Champions,0.9997337678479303,2.213883353802354,229.95233434915383,499.07358868084157
15374,129,1,168.0,168.0,129,3,At Risk / Hibernating,1.0,0.37771369014749023,416.9460280538009,154.38835155991666
15376,40,3,1233.3600000000001,411.12000000000006,222,2,Loyal Customers,0.9993262653228446,0.873690556400916,336.4803759954859,288.1969517697651
15379,169,7,3703.29,529.0414285714286,358,2,Loyal Customers,0.9909519015516002,1.425843816196345,376.49495227141404,526.2633188353027
15380,9,5,1690.26,338.052,365,1,Champions,0.999614272677773,1.0005424410264658,376.7504827217034,369.5398416675863
15381,214,2,596.85,298.425,268,3,At Risk / Hibernating,0.9968424683467361,0.48631873287278643,369.657614300726,176.2351549504768
15382,15,6,5955.71,992.6183333333333,296,1,Champions,0.9995739219491514,1.1929156563736243,1049.7211676026504,1227.5966426706325
15384,170,2,642.41,321.205,360,3,At Risk / Hibernating,0.9987257693551774,0.38363244377318007,380.87519365310743,143.2418244699822
15385,40,1,316.88,316.88,40,0,Potential Loyalists,1.0,0.6828203839365179,416.9460280538009,279.09917305381475
15386,186,1,394.14,394.14,186,3,At Risk / Hibernating,1.0,0.2917832473659613,416.9460280538009,119.26474296105053
15388,270,1,140.54,140.54,270,3,At Risk / Hibernating,1.0,0.21947105497091607,416.9460280538009,89.70753104468263
15389,172,1,500.0,500.0,172,3,At Risk / Hibernating,1.0,0.30873727391826766,416.9460280538009,126.1946096019326
15392,5,4,1535.53,383.8825,360,0,Potential Loyalists,0.9995927547631076,0.8024834472303674,403.9127734036199,317.7573322426914
15393,16,2,231.86,115.93,281,0,Potential Loyalists,0.9994452141773765,0.4694758825177087,274.1580986861125,126.17875717125753
15394,10,4,2183.54,545.885,359,2,Loyal Customers,0.9995737287026806,0.806227014020163,499.78223831203695,395.0118052840403
15395,326,1,107.45,107.45,326,3,At Risk / Hibernating,1.0,0.18882992870078272,416.9460280538009,77.18314156533768
15396,113,1,288.18,288.18,113,3,At Risk / Hibernating,1.0,0.4111133059469782,416.9460280538009,168.04026903462932
15397,290,1,94.0,94.0,290,3,At Risk / Hibernating,1.0,0.20782134568035082,416.9460280538009,84.94577714382915
15398,16,2,1345.53,672.765,78,0,Potential Loyalists,0.9993713072015854,1.11791376593236,552.597906966797,605.6054551921544
15399,1,3,815.77,271.92333333333335,79,0,Potential Loyalists,0.9995477998708351,1.7184498989078605,314.81137512826,530.3464228920091
15400,92,5,716.2,143.24,279,2,Loyal Customers,0.9984414908272652,1.2499436246529565,165.7174014614154,203.06288777917558
15402,149,2,626.77,313.385,196,3,At Risk / Hibernating,0.9977346028579381,0.6190255382614654,310.1892037117527,188.23796152857102
15405,189,1,349.1,349.1,189,3,At Risk / Hibernating,1.0,0.2883896793730321,416.9460280538009,117.87764045999776
15406,31,2,510.71000000000004,255.35500000000002,301,0,Potential Loyalists,0.9994024020037275,0.4440768882759543,343.73572343826527,149.6424135879722
15407,34,4,1056.44,264.11,305,2,Loyal Customers,0.9994405391472823,0.9203631111822302,330.6632493553211,298.3438485232481
15408,264,1,267.18,267.18,264,3,At Risk / Hibernating,1.0,0.2234261478566501,416.9460280538009,91.32415332651593
15410,84,8,3450.84,431.355,262,2,Loyal Customers,0.9973174255576877,2.128792383033919,435.2695267228867,908.3718913584783
15411,26,4,1358.88,339.72,183,2,Loyal Customers,0.9994029619259482,1.371372192319327,405.3364228336825,544.932976723747
15412,171,1,190.53,190.53,171,3,At Risk / Hibernating,1.0,0.31002398168368,416.9460280538009,126.7205444604823
15414,10,3,774.9000000000001,258.3,242,0,Potential Loyalists,0.9995179975178576,0.8176555187221967,386.87288697859117,310.1063380250625
15415,313,1,572.8100000000001,572.8100000000001,313,3,At Risk / Hibernating,1.0,0.19476261637545175,416.9460280538009,79.60809443461496
15416,65,4,3984.32,996.08,283,2,Loyal Customers,0.9991513483776,0.9803922542818684,743.0270279476971,714.1286565865684
15417,85,1,508.8,508.8,85,3,At Risk / Hibernating,1.0,0.48321863399917936,416.9460280538009,197.5129490548465
15419,25,1,135.86,135.86,25,0,Potential Loyalists,1.0,0.8003708770294453,416.9460280538009,327.14737958121214
15421,59,4,950.36,237.59,310,2,Loyal Customers,0.9992906885015049,0.6707869739743008,360.52510053265684,237.07842674926246
15422,323,2,97.7,48.85,323,3,At Risk / Hibernating,1.0,0.18979348234935203,416.9460280538009,77.57698871983051
15423,38,1,43.5,43.5,38,3,At Risk / Hibernating,1.0,0.6955905116847341,416.9460280538009,284.31890129330804
15424,254,2,383.34,191.67,254,3,At Risk / Hibernating,1.0,0.23034455654361954,416.9460280538009,94.15201457393238
15426,19,5,1447.39,289.478,369,2,Loyal Customers,0.9995344403655286,0.7859473207496157,365.36140317099614,281.5062283280366
15427,33,3,1483.14,494.38000000000005,47,2,Loyal Customers,0.9990610757024835,1.4163493852821343,737.985839425689,1024.6860342170687
15428,15,1,93.78,93.78,15,0,Potential Loyalists,1.0,0.8861871099101,416.9460280538009,362.2243692927614
15429,27,2,397.35,198.675,75,0,Potential Loyalists,0.9992671839922883,1.1410923025890058,295.64652879176543,330.7240754255544
15432,23,1,171.19000000000003,171.19000000000003,23,0,Potential Loyalists,1.0,0.8090762961242793,416.9460280538009,330.70567908275973
15433,214,2,533.3,266.65,267,3,At Risk / Hibernating,0.9968128326603626,0.4877517919045021,298.58831473143897,142.7721736696997
15434,8,5,1041.48,208.296,200,0,Potential Loyalists,0.9995589774051085,1.2797981782571484,292.99055651123524,367.592970765591
15435,22,1,149.29,149.29,22,0,Potential Loyalists,1.0,0.8179731769372953,416.9460280538009,334.34223777226634
15436,12,3,1122.53,374.1766666666667,234,0,Potential Loyalists,0.999502716592268,0.8392333096042467,353.6317108414064,290.94165201698405
15437,262,1,200.16,200.16,262,3,At Risk / Hibernating,1.0,0.22477638140037942,416.9460280538009,91.87605380537597
15438,131,1,156.57999999999998,156.57999999999998,131,3,At Risk / Hibernating,1.0,0.37204636830561827,416.9460280538009,152.07186371228374
15440,55,3,383.68,127.89333333333333,209,2,Loyal Customers,0.9991812811176726,0.9177203791875108,234.97189562446482,211.39675516050266
15442,249,1,594.0,594.0,249,3,At Risk / Hibernating,1.0,0.2347051557808809,416.9460280538009,95.93438541334791
15443,2,7,3236.91,462.4157142857143,320,1,Champions,0.9997022349541949,1.5789526748806366,458.468602362379,709.6606662260905
15444,9,2,1418.26,709.13,40,0,Potential Loyalists,0.999403786091873,1.5078653262504123,721.0139974660341,1065.8072869066482
15445,264,1,113.5,113.5,264,3,At Risk / Hibernating,1.0,0.2234261478566501,416.9460280538009,91.32415332651593
15447,331,1,155.17000000000002,155.17000000000002,331,3,At Risk / Hibernating,1.0,0.18646331165569163,416.9460280538009,76.21580011683386
15448,313,1,494.64,494.64,313,3,At Risk / Hibernating,1.0,0.19527387847787794,416.9460280538009,79.81706995934152
15449,26,3,974.52,324.84,262,2,Loyal Customers,0.9994405961080601,0.7705140224387272,352.0900178215484,265.9538085686776
15450,30,1,429.84,429.84,30,0,Potential Loyalists,1.0,0.7518339371168964,416.9460280538009,307.3081333353372
15452,30,3,538.73,179.57666666666668,264,0,Potential Loyalists,0.9994261062338308,0.7635607029883205,245.58683117102828,183.83178158805043
15453,2,7,1388.37,198.3385714285714,188,1,Champions,0.9996994979771412,2.399294200446944,234.06648537604255,550.5477163620549
15454,362,1,179.1,179.1,362,3,At Risk / Hibernating,1.0,0.17261739844071644,416.9460280538009,70.55636092235173
15456,283,3,447.22,149.07333333333335,359,3,At Risk / Hibernating,0.9963305772088212,0.3827123980062562,318.6035427731109,119.53496529849451
15457,262,1,237.07,237.07,262,3,At Risk / Hibernating,1.0,0.22477638140037942,416.9460280538009,91.87605380537597
15458,25,1,161.64,161.64,25,0,Potential Loyalists,1.0,0.7918508048730493,416.9460280538009,323.66483987382634
15460,354,1,216.76,216.76,354,3,At Risk / Hibernating,1.0,0.17588245479625628,416.9460280538009,71.89093432237249
15462,94,3,234.6,78.2,187,3,At Risk / Hibernating,0.9983839104104896,0.9922196433537378,194.4455881270493,189.1376408423719
15463,29,1,126.14,126.14,29,0,Potential Loyalists,1.0,0.7595104315174132,416.9460280538009,310.44586416142715
15464,338,1,1048.85,1048.85,338,3,At Risk / Hibernating,1.0,0.18279768857543116,416.9460280538009,74.71749725448065
15465,20,18,7354.62,408.59,370,1,Champions,0.9996668719186125,3.6615878075470407,402.1259195674367,1443.4561764495252
15466,85,1,334.53,334.53,85,3,At Risk / Hibernating,1.0,0.48321863399917936,416.9460280538009,197.5129490548465
15467,9,3,524.88,174.96,152,0,Potential Loyalists,0.9995010670400581,1.1506692082521586,228.2048742135306,257.42310762246734
15468,51,2,467.51,233.755,51,0,Potential Loyalists,1.0,0.6201974947200376,416.9460280538009,253.5023718707435
15469,50,2,538.55,269.275,120,0,Potential Loyalists,0.9991072295204314,0.8691983576283118,332.57356234534393,283.3862183761546
15471,2,1,469.48,469.48,2,0,Potential Loyalists,1.0,1.0485879748298077,416.9460280538009,428.604999637075
15472,113,1,371.56,371.56,113,3,At Risk / Hibernating,1.0,0.4088537293250076,416.9460280538009,167.11667890587626
15473,14,7,1771.2,253.02857142857144,61,1,Champions,0.9993900995044517,2.6685978220200277,386.01512331741924,1009.8572746148354
15475,77,1,454.11,454.11,77,3,At Risk / Hibernating,1.0,0.5097069171828498,416.9460280538009,208.33989986882636
15478,40,2,1441.42,720.71,57,2,Loyal Customers,0.9989696062351501,1.3142125918374798,508.22173570412383,654.7736569924083
15480,116,1,905.5,905.5,116,3,At Risk / Hibernating,1.0,0.4022216135318576,416.9460280538009,164.40583630231112
15482,16,12,11054.96,921.2466666666666,359,1,Champions,0.9996571982797724,1.8597420464156251,1180.228476141879,2151.7450723805987
15483,161,4,233.81,58.4525,267,3,At Risk / Hibernating,0.9983159426335293,0.4899456364886623,279.33046956905497,134.16464840598326
15484,1,4,3594.31,898.5775,78,1,Champions,0.999596691328222,2.342242620673626,586.6680671879171,1347.0905137985578
15485,30,3,2575.0,858.3333333333334,373,2,Loyal Customers,0.9994589170819429,0.5752670279252595,666.8449712262105,376.06786849466414
15488,93,1,91.32000000000001,91.32000000000001,93,3,At Risk / Hibernating,1.0,0.4622015646111686,416.9460280538009,188.92232977380573
15489,23,3,1134.28,378.0933333333333,211,2,Loyal Customers,0.9994409604483917,0.9081224329934791,401.8222545400014,357.7259173996652
15491,95,6,3100.09,516.6816666666667,236,2,Loyal Customers,0.9978511128486355,1.4259122890806533,496.29317488232084,693.7503076743158
15492,28,2,659.46,329.73,74,0,Potential Loyalists,0.9992416019150069,1.1490451681200473,303.69603097834465,342.09637484286554
15493,33,5,2001.8,400.36,271,2,Loyal Customers,0.9994258349946613,1.0153778098483672,467.89057047232006,465.74044263481386
15494,21,2,1299.23,649.615,121,0,Potential Loyalists,0.9993691537123895,0.8648492107479556,303.75606742609307,257.5357111417153
15497,18,2,1262.2,631.1,320,0,Potential Loyalists,0.9994472266223061,0.42349214367230403,359.0588721789823,149.06746700080734
15498,3,27,13316.4,493.2,367,1,Champions,0.9998292051748962,3.4805971444309054,747.1777520107896,2549.4692140290394
15500,8,4,1131.56,282.89,81,0,Potential Loyalists,0.9995153889745244,2.295201192035312,290.83467592405776,654.3941076474679
15502,16,12,10384.93,865.4108333333334,369,1,Champions,0.9996458390825511,1.607623269699202,1241.1123815684437,1955.9934016406994
15503,363,1,147.09,147.09,363,3,At Risk / Hibernating,1.0,0.17261739844071644,416.9460280538009,70.55636092235173
15504,81,1,52.83,52.83,81,3,At Risk / Hibernating,1.0,0.49610945640804094,416.9460280538009,202.78200691206723
15505,53,5,3610.96,722.192,155,2,Loyal Customers,0.9987385807382461,1.9369351046176895,610.3531808960369,1158.9601777077976
15506,23,3,979.26,326.42,139,2,Loyal Customers,0.9993905573228278,1.228369678845425,396.7327720502652,477.74848487678565
15507,172,1,492.36,492.36,172,3,At Risk / Hibernating,1.0,0.31002398168368,416.9460280538009,126.7205444604823
15508,189,6,1000.27,166.71166666666667,235,2,Loyal Customers,0.9840122162383416,1.1148268542637048,282.02629521765,308.22584937074964
15510,331,1,250.0,250.0,331,3,At Risk / Hibernating,1.0,0.18646331165569163,416.9460280538009,76.21580011683386
15511,12,5,909.23,181.846,85,0,Potential Loyalists,0.9994957320921717,2.8196339356350593,230.8107476186422,638.0008260926538
15512,156,2,121.0,60.5,360,3,At Risk / Hibernating,0.9988424923289958,0.3836772796240857,233.53651450186086,87.84007621584396
15513,33,19,14758.22,776.7484210526316,374,1,Champions,0.9994501055766281,3.017200415574594,981.6527360965513,2903.582040357459
15514,12,11,4139.46,376.31454545454545,364,1,Champions,0.9996640396738747,1.6262168201549692,373.181567300296,594.936522791838
15516,45,3,62.43,20.81,47,3,At Risk / Hibernating,0.9987706949397714,1.428255412678113,228.3964709369368,319.79205063530105
15517,233,1,267.03,267.03,233,3,At Risk / Hibernating,1.0,0.24636484794754618,416.9460280538009,100.7002203133716
15518,64,8,1942.45,242.80625,332,2,Loyal Customers,0.9990415058799259,1.5306889097588965,284.6446056911193,427.13179781940545
15520,2,1,343.5,343.5,2,0,Potential Loyalists,1.0,1.0635811561420985,416.9460280538009,434.7333973334986
15521,40,8,3000.2,375.025,255,2,Loyal Customers,0.9993091903830456,1.6224218829111081,488.276896084666,776.6083381027756
15522,33,2,398.84,199.42,88,0,Potential Loyalists,0.9992252931356359,1.0532455994697745,288.5576097691613,297.94382591889143
15523,84,1,412.01000000000005,412.01000000000005,84,3,At Risk / Hibernating,1.0,0.48637812441226147,416.9460280538009,198.80437460974935
15524,25,1,440.0,440.0,25,0,Potential Loyalists,1.0,0.8003708770294453,416.9460280538009,327.14737958121214
15525,2,3,825.92,275.3066666666667,373,0,Potential Loyalists,0.9995506626822499,0.5753198347169263,315.2505049023589,177.80214799303036
15526,33,2,148.44,74.22,33,0,Potential Loyalists,1.0,0.7297081291462637,416.9460280538009,298.26431428360155
15527,19,8,2429.78,303.7225,354,1,Champions,0.9996210693696183,1.664590465286235,329.9635859589188,538.4500533633328
15528,254,1,229.33,229.33,254,3,At Risk / Hibernating,1.0,0.23034455654361954,416.9460280538009,94.15201457393238
15529,23,11,3995.23,363.20272727272726,367,1,Champions,0.999617182823361,2.239068876226306,374.86134410267334,822.8300536868987
15530,22,4,1502.3500000000001,375.58750000000003,247,2,Loyal Customers,0.9994883997489775,1.092814502379556,344.5348284563362,369.10642057676273
15531,8,2,2007.44,1003.72,30,0,Potential Loyalists,0.999405862790764,1.6602543712541065,448.43467012325493,729.8713591347494
15532,25,4,1580.93,395.2325,358,2,Loyal Customers,0.9995050833756242,0.8061716467016051,410.6420977754,324.53601655250213
15533,19,3,807.57,269.19,89,0,Potential Loyalists,0.9993627665154896,1.6093631873577319,266.5734433245465,420.574807212996
15535,173,4,536.4,134.1,328,2,Loyal Customers,0.9977542398570295,0.6410011567489706,230.5426873993809,144.87120114871811
15537,163,1,110.92,110.92,163,3,At Risk / Hibernating,1.0,0.32071706674369577,416.9460280538009,131.09128540751263
15539,7,1,538.46,538.46,7,0,Potential Loyalists,1.0,0.9795455375880102,416.9460280538009,400.3842069411168
15540,11,1,213.3,213.3,11,0,Potential Loyalists,1.0,0.9305304735307653,416.9460280538009,380.34951849305605
15541,114,1,85.13000000000001,85.13000000000001,114,3,At Risk / Hibernating,1.0,0.40661885552739924,416.9460280538009,166.20318593542606
15543,288,1,127.86,127.86,288,3,At Risk / Hibernating,1.0,0.20840356862522524,416.9460280538009,85.18375752967816
15544,9,9,3546.71,394.0788888888889,373,1,Champions,0.999700079555667,1.800779773106752,401.30034031271276,708.438471179214
15545,54,2,292.71999999999997,146.35999999999999,371,3,At Risk / Hibernating,0.9993530842543695,0.37340314390301327,297.0781671611513,108.74781190484164
15547,7,14,4954.84,353.9171428571429,362,1,Champions,0.9997509118740023,2.4688980029063012,384.1531970987395,929.7788197433051
15549,77,3,1693.26,564.42,316,2,Loyal Customers,0.9991666390787016,0.6602503093654312,390.8092589104418,252.95621976169338
15550,4,4,575.63,143.9075,302,0,Potential Loyalists,0.9995904073490774,0.9304531400961593,221.73846302923013,202.2588332103416
15551,37,1,436.06,436.06,37,0,Potential Loyalists,1.0,0.7088474102284074,416.9460280538009,289.73759499029745
15552,217,1,90.12,90.12,217,3,At Risk / Hibernating,1.0,0.2601501888901442,416.9460280538009,106.3349027394624
15553,60,1,437.23,437.23,60,3,At Risk / Hibernating,1.0,0.5769080982349951,416.9460280538009,235.80804501970792
15554,278,1,217.2,217.2,278,3,At Risk / Hibernating,1.0,0.21503017704195912,416.9460280538009,87.892346853725
15555,12,16,4805.17,300.323125,369,1,Champions,0.9997428531773238,3.2510529398877037,315.03358640388404,1004.0445209550378
15556,24,1,279.77,279.77,24,0,Potential Loyalists,1.0,0.8003708770294453,416.9460280538009,327.14737958121214
15557,29,1,473.65000000000003,473.65000000000003,29,0,Potential Loyalists,1.0,0.7673453072359011,416.9460280538009,313.6483326845508
15561,12,4,800.5899999999999,200.14749999999998,216,0,Potential Loyalists,0.9995039885646438,0.8953869281024046,322.4692929154237,283.0551920264893
15562,352,1,134.55,134.55,352,3,At Risk / Hibernating,1.0,0.17713892272193815,416.9460280538009,72.40450851708758
15563,22,4,1400.44,350.11,359,2,Loyal Customers,0.9994848613786175,0.59549241955445,510.57163737314255,298.0607555563434
15565,50,2,173.16000000000003,86.58000000000001,71,3,At Risk / Hibernating,0.9988499774141608,1.1816590997450063,263.3515380913935,305.07058514545497
15567,19,1,186.01,186.01,19,0,Potential Loyalists,1.0,0.8556074605824519,416.9460280538009,349.72507746716883
15568,3,3,758.29,252.76333333333332,73,0,Potential Loyalists,0.9995382330467526,1.7910629321213491,320.9339183095815,563.5063901385234
15569,104,5,1375.71,275.142,332,2,Loyal Customers,0.9987770322703641,0.8578199280831625,377.6628866105257,317.5940598229697
15570,7,12,4165.52,347.1266666666667,369,1,Champions,0.9997516879699263,2.4294432197336002,339.7977167820642,809.2808265836737
15571,12,4,650.4300000000001,162.60750000000002,78,0,Potential Loyalists,0.9994708568121365,2.34194776678977,224.22324744763625,514.7902246176003
15572,5,7,2552.86,364.69428571428574,278,1,Champions,0.9996271034909445,1.2514278868795252,501.96752272715423,615.8195405653682
15573,32,2,607.45,303.725,86,0,Potential Loyalists,0.9992320614545369,1.0669354589277855,315.2553562640634,329.7409123407125
15574,178,4,702.25,175.5625,372,2,Loyal Customers,0.9981102407187318,0.5757935518289742,256.6819661827934,144.88853473895668
15576,38,1,940.67,940.67,38,0,Potential Loyalists,1.0,0.7021563914860657,416.9460280538009,287.0026731405869
15577,151,3,258.88,86.29333333333334,305,3,At Risk / Hibernating,0.9986908609032471,0.4390140819942859,330.2552318245965,142.13466764304187
15578,162,1,127.1,127.1,162,3,At Risk / Hibernating,1.0,0.32210579217928065,416.9460280538009,131.65891946653005
15579,69,2,348.6,174.3,314,3,At Risk / Hibernating,0.9992714417201963,0.43006892932022767,293.2035071872328,123.61725170801625
15581,121,13,3679.9700000000003,283.0746153846154,366,2,Loyal Customers,0.9907411825540198,2.4241507877861204,320.0498283623495,760.5876574948028
15582,25,3,682.9100000000001,227.63666666666668,220,0,Potential Loyalists,0.9994332200188348,0.8798317118293177,273.33098711445695,235.75476784065984
15584,24,4,725.11,181.2775,162,2,Loyal Customers,0.9994130838836007,1.4901347958895264,253.603722532133,370.4702538456819
15585,177,1,455.3,455.3,177,3,At Risk / Hibernating,1.0,0.3036955050590286,416.9460280538009,124.13381380318333
15587,50,4,913.68,228.42,352,2,Loyal Customers,0.9993619171745628,0.819491200004106,253.20519672203116,203.41774039849085
15589,256,3,478.53,159.51,311,3,At Risk / Hibernating,0.9960896556102692,0.43209332077303025,359.97327346007387,152.4823820971882
15592,47,1,388.58,388.58,47,3,At Risk / Hibernating,1.0,0.647176515107259,416.9460280538009,264.5299144689541
15593,71,1,199.8,199.8,71,3,At Risk / Hibernating,1.0,0.535386395375701,416.9460280538009,218.8362567774073
15594,16,5,1771.78,354.356,235,2,Loyal Customers,0.9995494897405931,1.4330535352541995,385.2126370819103,541.1716236768872
15596,101,5,1406.59,281.318,365,2,Loyal Customers,0.9987525532362992,0.9996799214556492,288.4912388124207,282.7258599397257
15597,35,1,324.57,324.57,35,0,Potential Loyalists,1.0,0.7156671799454195,416.9460280538009,292.52514324719823
15598,53,1,240.68,240.68,53,3,At Risk / Hibernating,1.0,0.6100253908571814,416.9460280538009,249.34457445004938
15599,27,2,761.74,380.87,204,0,Potential Loyalists,0.9993885046818484,0.6018787717313545,368.900231421438,217.6656559733147
15601,11,14,6776.56,484.04,373,1,Champions,0.9997400209853783,2.8209094362422413,458.44740863902143,1267.7999228618928
15602,8,9,1297.8700000000001,144.20777777777778,368,1,Champions,0.9997056988179787,1.8172731186793236,184.5219609997443,328.73070622628916
15603,79,1,48.480000000000004,48.480000000000004,79,3,At Risk / Hibernating,1.0,0.5062381486691934,416.9460280538009,206.92205834880286
15604,52,1,216.39000000000001,216.39000000000001,52,3,At Risk / Hibernating,1.0,0.6150693878726767,416.9460280538009,251.4062834017911
15605,36,5,1198.23,239.64600000000002,373,2,Loyal Customers,0.9994687112790647,0.9822893144616469,288.3189368819567,277.64158647617546
15606,61,9,2920.16,324.4622222222222,325,2,Loyal Customers,0.9988924806778492,2.0190904725817194,338.2792971162139,669.5812008935379
15607,337,1,104.76,104.76,337,3,At Risk / Hibernating,1.0,0.18370051608224094,416.9460280538009,75.086522928905
15608,28,4,1093.68,273.42,121,2,Loyal Customers,0.9993020372979089,1.3452602831835816,408.76619154337834,539.0803378369282
15609,184,1,298.48,298.48,184,3,At Risk / Hibernating,1.0,0.2940903472659017,416.9460280538009,120.20775753628813
15610,52,1,112.46000000000001,112.46000000000001,52,3,At Risk / Hibernating,1.0,0.6201974947200376,416.9460280538009,253.5023718707435
15611,10,13,1591.45,122.41923076923078,335,1,Champions,0.9997319259493948,2.640381505755519,162.18919999957564,419.8176488139843
15612,36,2,195.15,97.575,62,0,Potential Loyalists,0.9990789886135389,1.2637857546849052,282.3507647096303,349.81202773356625
15615,10,23,10399.74,452.1626086956522,359,1,Champions,0.9997647289844525,3.5372927500086644,571.1761108136114,1980.674576360012
15618,33,4,776.851,194.21275,137,2,Loyal Customers,0.9992833102610458,1.2402227449906866,328.52865195658694,399.43406706714364
15619,11,1,336.4,336.4,11,0,Potential Loyalists,1.0,0.9423185242075718,416.9460280538009,385.1678312717569
15620,57,3,1553.18,517.7266666666667,358,2,Loyal Customers,0.9993400281692562,0.5954061280240756,510.0788010799092,297.72989865946425
15621,4,4,1293.03,323.2575,22,0,Potential Loyalists,0.9994955154666064,2.8262500790425236,384.0453967065155,1064.05948686715
15622,43,9,3709.56,412.17333333333335,282,1,Champions,0.9993375261725508,1.2368074591338811,700.7168315290772,849.6042149917739
15623,141,1,301.03000000000003,301.03000000000003,141,3,At Risk / Hibernating,1.0,0.3543250699750318,416.9460280538009,144.82837702569242
15624,117,4,588.13,147.0325,256,2,Loyal Customers,0.9978743249761467,1.0574763478647728,213.69592409042772,221.53324457897065
15625,104,4,1534.26,383.565,235,2,Loyal Customers,0.998088210398093,1.1307741118594876,318.0568696634848,352.57593917298243
15626,75,2,675.8,337.9,330,2,Loyal Customers,0.9992584531547825,0.41277253814853776,406.31217474529234,164.4153936657538
15628,5,9,2870.2400000000002,318.91555555555556,367,1,Champions,0.9997287431124686,1.8256704917118953,331.3510302181726,593.0382861133962
15630,45,2,1186.35,593.175,205,2,Loyal Customers,0.9992922642092108,0.6018208111912936,588.9938488672162,347.49608599239804
15632,16,8,3285.31,410.66375,275,1,Champions,0.9996173921276332,2.05283114091947,413.52398344601585,832.1967731913082
15634,17,1,243.55,243.55,17,0,Potential Loyalists,1.0,0.8655634485010557,416.9460280538009,353.79454187048543
15636,90,2,724.76,362.38,282,2,Loyal Customers,0.9991312102367609,0.46799110429776175,417.46048127334865,191.52472413517586
15637,53,1,223.36,223.36,53,3,At Risk / Hibernating,1.0,0.6150693878726767,416.9460280538009,251.4062834017911
15639,134,1,425.32,425.32,134,3,At Risk / Hibernating,1.0,0.3665466020275492,416.9460280538009,149.82386336572912
15640,4,15,12515.66,834.3773333333334,372,1,Champions,0.9998007654643029,3.0251029468141053,835.3138906233545,2477.2048653559486
15641,105,4,1887.2,471.8,359,2,Loyal Customers,0.9988469671142582,0.8037583869957474,495.6889461058703,390.57699767559257
15643,192,3,664.0,221.33333333333334,282,3,At Risk / Hibernating,0.9978632311360998,0.4673971853675301,375.36107683682775,171.99158832052007
15644,166,4,813.0,203.25,261,2,Loyal Customers,0.9968047629368408,0.7684819392642572,334.96079742468316,252.34784585243693
15645,19,1,612.01,612.01,19,0,Potential Loyalists,1.0,0.8556074605824519,416.9460280538009,349.72507746716883
15646,158,3,447.64000000000004,149.21333333333334,372,3,At Risk / Hibernating,0.998462247553016,0.5759966188421277,234.95925879643318,132.67355420297767
15648,204,2,657.35,328.675,267,3,At Risk / Hibernating,0.9971977112533199,0.48794011735260007,381.64181290897216,182.55526675087407
15649,336,2,816.0,408.0,368,3,At Risk / Hibernating,0.9925421093190482,0.37426095209070925,365.70906331419405,134.17823195888883
15651,37,3,646.3,215.4333333333333,261,2,Loyal Customers,0.9993706108632606,0.4994090124599528,417.8853545958761,204.59048079842185
15652,91,1,337.74,337.74,91,3,At Risk / Hibernating,1.0,0.46509136941083457,416.9460280538009,190.1035226186023
15653,93,2,877.44,438.72,116,2,Loyal Customers,0.9981940484986223,0.892007645108452,607.4435110791405,531.1859667612498
15654,9,2,922.53,461.265,26,0,Potential Loyalists,0.999389046745973,1.7301674700766263,375.64278632241655,637.1412683545764
15655,243,1,560.6700000000001,560.6700000000001,243,3,At Risk / Hibernating,1.0,0.23846712773301681,416.9460280538009,97.47207068516131
15656,45,4,748.5,187.125,284,2,Loyal Customers,0.9993379932013793,0.9750193386751371,238.02040305399373,227.50942433235815
15657,23,1,30.0,30.0,23,3,At Risk / Hibernating,1.0,0.8179731769372953,416.9460280538009,334.34223777226634
15658,190,5,1024.1000000000001,204.82000000000002,373,2,Loyal Customers,0.9946687615355407,0.9797886709123442,233.05067271467502,223.84876610066027
15659,44,1,306.45,306.45,44,3,At Risk / Hibernating,1.0,0.6645208110997811,416.9460280538009,271.6193111494694
15660,25,9,1600.86,177.87333333333333,366,1,Champions,0.9995481619039506,1.2077469831470329,304.5160776947536,360.543896748126
15661,317,2,309.8,154.9,339,3,At Risk / Hibernating,0.9920302948977904,0.400724183674201,313.8929907190026,123.31020233586588
15663,106,1,138.14,138.14,106,3,At Risk / Hibernating,1.0,0.42521324797573734,416.9460280538009,173.80354679285344
15664,51,1,386.43,386.43,51,3,At Risk / Hibernating,1.0,0.6254118329543538,416.9460280538009,255.63370703390643
15665,168,2,2242.01,1121.005,243,2,Loyal Customers,0.9979109465615442,0.5258549421926597,578.0487426238469,297.990441296423
15667,40,1,301.32000000000005,301.32000000000005,40,3,At Risk / Hibernating,1.0,0.6891462926528363,416.9460280538009,281.68485775936074
15668,218,1,76.32000000000001,76.32000000000001,218,3,At Risk / Hibernating,1.0,0.2601501888901442,416.9460280538009,106.3349027394624
15669,40,4,684.34,171.085,264,2,Loyal Customers,0.9993579075548595,1.0367175200749916,233.2164865117419,237.0236517812071
15670,297,1,173.05,173.05,297,3,At Risk / Hibernating,1.0,0.20383512624174713,416.9460280538009,83.31643216705126
15671,19,7,2657.13,379.59000000000003,271,1,Champions,0.9995753954031652,1.8116127818087795,388.93118830595085,690.733037500953
15673,88,4,2881.02,720.255,327,2,Loyal Customers,0.9989725163582376,0.8688216593786424,575.451726315653,490.13021026818893
15674,73,5,2446.6,489.32,255,2,Loyal Customers,0.9987863152905605,1.343287862104402,498.9725666998743,657.0793317945518
15675,81,3,323.69,107.89666666666666,280,3,At Risk / Hibernating,0.9990644400539584,0.7282881456268905,241.54620540791677,172.45484340472098
15676,19,3,3435.76,1145.2533333333333,284,2,Loyal Customers,0.9994854494338581,0.7223848600756392,955.2963670830491,676.5169690812359
15677,49,1,657.23,657.23,49,3,At Risk / Hibernating,1.0,0.6307145960879933,416.9460280538009,257.80118548055043
15678,53,1,352.7,352.7,53,3,At Risk / Hibernating,1.0,0.6150693878726767,416.9460280538009,251.4062834017911
15679,24,4,781.28,195.32,183,2,Loyal Customers,0.9994228379200532,1.3713994659883562,261.4301932606392,351.47289672893777
15680,9,3,1333.68,444.56,366,0,Potential Loyalists,0.99952938626226,0.5845660811782017,423.5481211333696,242.72149677704266
15681,25,5,1426.16,285.232,280,2,Loyal Customers,0.9994778538150589,0.9863331569967126,376.0471765490886,363.61178013265834
15683,117,1,193.75,193.75,117,3,At Risk / Hibernating,1.0,0.40005846544845874,416.9460280538009,163.52166086506077
15687,9,9,2993.1,332.56666666666666,330,1,Champions,0.9996840588939786,1.7648284767546811,382.7745409704768,662.2433068813716
15689,120,2,254.1,127.05,362,3,At Risk / Hibernating,0.999079732329398,0.38198326642312125,293.9424173133674,110.07239752215708
15690,4,2,239.76,119.88,101,0,Potential Loyalists,0.9994678689981477,0.9724406382397571,283.8562940916296,270.6037372462105
15691,252,1,136.8,136.8,252,3,At Risk / Hibernating,1.0,0.23177997385315355,416.9460280538009,94.73873346268373
15692,28,1,191.04,191.04,28,0,Potential Loyalists,1.0,0.7673453072359011,416.9460280538009,313.6483326845508
15694,1,14,6479.4,462.8142857142857,373,1,Champions,0.9998166590352787,2.8211256814595993,470.08284192578935,1300.0764437375747
15695,267,2,409.98,204.99,267,3,At Risk / Hibernating,1.0,0.22209203923416623,416.9460280538009,90.77884382303202
15696,33,8,2736.46,342.0575,327,2,Loyal Customers,0.9994663429749849,1.7823121173890808,334.2046772163981,583.9401244210119
15699,18,1,309.65,309.65,18,0,Potential Loyalists,1.0,0.8655634485010557,416.9460280538009,353.79454187048543
15700,172,2,696.68,348.34,173,3,At Risk / Hibernating,0.9951037807957539,0.6760817512776616,226.1935951233979,149.91721901384594
15701,2,4,1542.14,385.535,111,1,Champions,0.9995898279095355,1.9234325184846677,281.1356140396513,530.1089430915957
15703,265,1,211.5,211.5,265,3,At Risk / Hibernating,1.0,0.2234261478566501,416.9460280538009,91.32415332651593
15704,140,4,2293.62,573.405,216,2,Loyal Customers,0.99698011909134,0.8931259669051629,581.5021531146434,509.1386349239273
15705,201,1,143.1,143.1,201,3,At Risk / Hibernating,1.0,0.27556969454204533,416.9460280538009,112.63754140884919
15706,64,4,1060.56,265.14,116,2,Loyal Customers,0.9980682689793395,1.8582080970745818,263.2187578903132,479.49432799249206
15707,35,4,945.58,236.395,86,2,Loyal Customers,0.9989537731548619,2.2198994288795104,303.6211124578075,660.7507676490145
15708,41,7,3364.2400000000002,480.6057142857143,370,2,Loyal Customers,0.9994375121645158,1.4019373232572407,488.3847908525968,671.2166256398032
15709,284,1,133.25,133.25,284,3,At Risk / Hibernating,1.0,0.21136431258897512,416.9460280538009,86.3939451434604
15712,9,5,1072.3600000000001,214.47200000000004,288,0,Potential Loyalists,0.9996010163380854,1.2197571906560563,243.63272161261395,291.3271841261668
15713,143,2,356.7,178.35,366,3,At Risk / Hibernating,0.9989454905028977,0.37754149854733987,310.0829853811209,114.76631991784191
15714,12,2,330.88,165.44,78,0,Potential Loyalists,0.9994122916621595,1.1256193210443766,316.0173573316397,348.71828401086657
15716,146,4,1118.81,279.7025,370,2,Loyal Customers,0.9981719658014244,0.7848759887474331,253.9038172686555,195.36293768334676
15717,234,1,150.3,150.3,234,3,At Risk / Hibernating,1.0,0.24555161293703237,416.9460280538009,100.36781497798975
15719,33,13,5045.61,388.1238461538461,338,1,Champions,0.9994449376452115,2.841650369511505,387.2633915764636,1078.820451941268
15720,24,1,598.73,598.73,24,0,Potential Loyalists,1.0,0.8003708770294453,416.9460280538009,327.14737958121214
15721,12,1,507.08000000000004,507.08000000000004,12,0,Potential Loyalists,1.0,0.9305304735307653,416.9460280538009,380.34951849305605
15722,36,5,2222.56,444.512,291,2,Loyal Customers,0.9994182629444399,0.9587996415169887,572.4363744030751,538.0554749462449
15723,365,1,203.10000000000002,203.10000000000002,365,3,At Risk / Hibernating,1.0,0.17181998815269117,416.9460280538009,70.23042396023831
15724,201,2,218.25,109.125,285,3,At Risk / Hibernating,0.9976292943701561,0.4646397706956687,277.3169394753381,126.31782972609872
15725,15,1,415.25,415.25,15,0,Potential Loyalists,1.0,0.8861871099101,416.9460280538009,362.2243692927614
15727,17,7,5178.96,739.8514285714285,359,1,Champions,0.9996205221838909,1.434956158520328,576.1055422778927,810.4247034268978
15729,213,1,85.0,85.0,213,3,At Risk / Hibernating,1.0,0.2647801176124813,416.9460280538009,108.22736075955052
15730,66,3,1120.88,373.6266666666667,207,2,Loyal Customers,0.9990495190177199,0.9242736261591369,359.9406472361943,326.139557281055
15732,212,2,294.12,147.06,372,3,At Risk / Hibernating,0.9983153753389168,0.37216948961308627,296.4454753656485,108.1576926400689
15733,283,1,162.3,162.3,283,3,At Risk / Hibernating,1.0,0.21196658521344985,416.9460280538009,86.64012072799322
15734,115,2,1339.45,669.725,200,2,Loyal Customers,0.9986063626356173,0.6103520354423629,575.7442666679646,344.49425248800435
15737,15,8,1205.1200000000001,150.64000000000001,243,1,Champions,0.9995993212627392,1.974768602566136,169.58395258065048,328.3016685581746
15738,19,16,4812.42,300.77625,373,1,Champions,0.9996771354537516,3.0247288787776005,327.6322781626134,971.5053502551543
15739,66,1,449.12,449.12,66,3,At Risk / Hibernating,1.0,0.551256579291776,416.9460280538009,225.32311472719084
15740,49,1,154.88,154.88,49,3,At Risk / Hibernating,1.0,0.6307145960879933,416.9460280538009,257.80118548055043
15743,16,4,784.46,196.115,185,0,Potential Loyalists,0.9994955107095418,1.3606561449455041,227.54349561252099,303.518334068994
15744,78,1,34.8,34.8,78,3,At Risk / Hibernating,1.0,0.5097069171828498,416.9460280538009,208.33989986882636
15745,19,4,1094.5900000000001,273.64750000000004,236,2,Loyal Customers,0.9994974634808118,1.1286577092559311,306.72769317028826,339.3808034093148
15746,134,1,196.88,196.88,134,3,At Risk / Hibernating,1.0,0.3665466020275492,416.9460280538009,149.82386336572912
15747,13,3,974.04,324.68,173,0,Potential Loyalists,0.9994874937676455,1.0551498835483546,384.56350665581203,397.79040619947693
15748,40,1,149.31,149.31,40,3,At Risk / Hibernating,1.0,0.6828203839365179,416.9460280538009,279.09917305381475
15749,235,3,44534.3,14844.766666666668,332,2,Loyal Customers,0.9974530059592343,0.4089439297944304,10170.076617580275,4077.1795197641877
15750,3,8,2465.48,308.185,367,1,Champions,0.9996980714534845,1.4119740375652559,364.37133175384895,504.362617770081
15752,40,7,2637.38,376.7685714285714,373,2,Loyal Customers,0.9994495659315991,1.3924169663299424,399.6480389971424,545.5304122347928
15753,305,1,79.2,79.2,305,3,At Risk / Hibernating,1.0,0.1994626788600413,416.9460280538009,81.52921870406377
15754,51,3,458.57,152.85666666666665,247,2,Loyal Customers,0.9992692517000012,0.8070706021830746,269.37250073355096,213.12615875639153
15755,10,6,2364.25,394.0416666666667,295,1,Champions,0.9996236788921206,1.4440902357841046,411.24316724746666,582.1904198371349
15756,61,4,532.96,133.24,249,2,Loyal Customers,0.9991125865474816,1.0820970836628205,214.92991364700816,228.0001361920478
15757,66,2,714.42,357.21,218,2,Loyal Customers,0.9991843841132672,0.5743991708121421,433.62414028254386,244.1738756353151
15758,25,1,205.25,205.25,25,0,Potential Loyalists,1.0,0.8003708770294453,416.9460280538009,327.14737958121214
15759,218,3,253.04000000000002,84.34666666666668,358,3,At Risk / Hibernating,0.996665296705972,0.5938125247867714,202.72271048776247,118.01131036629923
15762,65,2,583.75,291.875,77,3,At Risk / Hibernating,0.9985059817676909,1.1245985612072418,348.36314810318345,384.06256045785875
15763,32,2,1086.92,543.46,78,2,Loyal Customers,0.9992122926325145,1.1253940658880845,485.056903249803,535.1426358515105
15764,88,6,3279.9700000000003,546.6616666666667,277,2,Loyal Customers,0.9987881394559668,0.9970811884866501,634.9833197680362,620.6758159538342
15766,64,1,315.06,315.06,64,3,At Risk / Hibernating,1.0,0.5595498093719844,416.9460280538009,228.7129310090923
15768,116,3,621.83,207.27666666666667,226,2,Loyal Customers,0.9981979190622772,0.8637979129113809,238.00473435205436,201.54393952740867
15769,7,26,56252.72,2163.566153846154,371,1,Champions,0.9998176298736752,4.463444613568997,2555.646776607393,11182.607367401622
15773,6,1,635.6800000000001,635.6800000000001,6,0,Potential Loyalists,1.0,1.0060419152691307,416.9460280538009,411.2144841588212
15774,69,1,270.8,270.8,69,3,At Risk / Hibernating,1.0,0.5432055950917629,416.9460280538009,222.03231533374117
15775,245,1,104.9,104.9,245,3,At Risk / Hibernating,1.0,0.23694795938330526,416.9460280538009,96.85111900403754
15776,133,1,241.62,241.62,133,3,At Risk / Hibernating,1.0,0.3683617011303699,416.9460280538009,150.56577550814916
15777,241,4,1047.1100000000001,261.77750000000003,361,2,Loyal Customers,0.9954848336112101,0.5889709308751641,368.8211781354174,212.95193176450323
15780,184,3,475.28000000000003,158.42666666666668,358,3,At Risk / Hibernating,0.9978343709015401,0.5959047229959749,247.68770383128563,144.6948753845782
15781,25,3,345.46000000000004,115.15333333333335,306,0,Potential Loyalists,0.9994605960702302,0.6798710613578245,236.30824018880895,157.49883128440496
15782,10,3,2614.74,871.5799999999999,89,2,Loyal Customers,0.999476386578863,1.6095461599013017,461.9672375565119,728.9318432152666
15783,11,1,246.3,246.3,11,0,Potential Loyalists,1.0,0.9423185242075718,416.9460280538009,385.1678312717569
15785,33,5,2328.9700000000003,465.79400000000004,295,2,Loyal Customers,0.9994412957294898,0.9456502228958606,452.8498222778135,419.81378546169805
15786,46,3,4932.2,1644.0666666666666,114,2,Loyal Customers,0.9991357237527075,0.8977293115927452,1042.4399023346011,917.4207407546521
15787,26,3,948.05,316.01666666666665,61,2,Loyal Customers,0.9992342972023868,1.26398221240687,434.98188763931626,538.9946442461691
15789,358,1,351.3,351.3,358,3,At Risk / Hibernating,1.0,0.17423463160989283,416.9460280538009,71.21739587129507
15790,10,1,220.85,220.85,10,0,Potential Loyalists,1.0,0.9423185242075718,416.9460280538009,385.1678312717569
15791,44,2,1612.69,806.345,204,2,Loyal Customers,0.9993034615420943,0.601827554751912,404.2478445804037,238.50184189014405
15793,15,3,965.61,321.87,269,0,Potential Loyalists,0.9994998700920996,0.7545524767521884,361.6845295045583,267.54160579060766
15795,150,1,610.01,610.01,150,3,At Risk / Hibernating,1.0,0.34131892703706995,416.9460280538009,139.51218542168914
15796,1,8,2711.56,338.945,302,1,Champions,0.9997246149399623,1.8981017976327088,349.46795193253024,650.2777838604189
15797,113,4,2207.4,551.85,319,2,Loyal Customers,0.9985342631310883,0.8863476046400668,642.9922480963481,558.7039668394647
15799,76,3,884.14,294.7133333333333,334,2,Loyal Customers,0.9992062173303289,0.6307828721982792,331.6562668944137,205.08787799736126
15800,107,2,699.08,349.54,247,3,At Risk / Hibernating,0.9989132799249341,0.5213692748307399,434.32610490237175,221.98993122332803
15801,46,3,1063.95,354.65000000000003,110,2,Loyal Customers,0.9989672525760547,1.4279328013003958,446.27545634824384,624.7165472382811
15802,143,1,451.42,451.42,143,3,At Risk / Hibernating,1.0,0.35264535172858624,416.9460280538009,144.14180112956143
15803,51,1,415.82000000000005,415.82000000000005,51,3,At Risk / Hibernating,1.0,0.6201974947200376,416.9460280538009,253.5023718707435
15804,1,13,4206.39,323.5684615384616,199,1,Champions,0.9998063291250787,4.322543610137143,316.5064494345922,1341.2022196002642
15805,23,17,5528.4800000000005,325.204705882353,365,1,Champions,0.9996099786669089,2.6649007673341205,428.66828748104683,1119.887644422324
15806,46,3,784.58,261.5266666666667,277,2,Loyal Customers,0.9993352992232195,0.7369325985297825,306.47738704140454,221.41046501722684
15807,50,3,903.9,301.3,77,2,Loyal Customers,0.998904505392648,1.1250474108920883,348.29849346714667,384.1445387392102
15808,306,4,3734.9700000000003,933.7425000000001,369,2,Loyal Customers,0.9626731093967136,0.7569627623950177,768.1005433736234,569.9863976924328
15809,36,5,515.77,103.154,303,2,Loyal Customers,0.9994229632458771,1.170229952431602,155.43155700573487,178.31275033257424
15810,79,4,1391.98,347.995,297,2,Loyal Customers,0.9990144382425609,0.9426564497618773,360.24538810276096,332.9076971450935
15811,22,6,2218.62,369.77,365,2,Loyal Customers,0.9995669940701545,1.2077697379204253,391.6497987303199,463.7180607952417
15812,107,5,1801.14,360.228,318,2,Loyal Customers,0.9983120286661249,1.1235023272788511,395.37070707230293,435.46217994022356
15813,208,2,1303.9099999999999,651.9549999999999,240,2,Loyal Customers,0.9961049836743143,0.5317211520806495,470.6620103550425,245.33810086110105
15814,17,4,1945.3300000000002,486.33250000000004,51,2,Loyal Customers,0.9993327120040582,2.1369099341533215,413.94097262232805,867.1558257469674
15815,64,5,2100.6,420.12,260,2,Loyal Customers,0.9990132015466703,1.323110218781117,418.07197040512995,542.274416559791
15819,49,4,1905.45,476.3625,277,2,Loyal Customers,0.9992940068600298,0.9975861913521571,420.5404225648574,411.2729628275856
15820,320,1,206.98,206.98,320,3,At Risk / Hibernating,1.0,0.1917503945925192,416.9460280538009,78.37686563865186
15821,44,2,570.96,285.48,61,0,Potential Loyalists,0.9989165044161804,1.2635802201712947,370.6874702890261,459.18008003111515
15822,3,2,885.47,442.735,359,0,Potential Loyalists,0.9994840652835351,0.3839237218487292,430.0265716059258,161.84976250212284
15823,372,1,15.0,15.0,372,3,At Risk / Hibernating,1.0,0.16870268363576454,416.9460280538009,68.95624331496865
15825,172,1,532.94,532.94,172,3,At Risk / Hibernating,1.0,0.30873727391826766,416.9460280538009,126.1946096019326
15826,56,3,1654.31,551.4366666666666,211,2,Loyal Customers,0.9992331793801492,0.5888416033834872,655.8744516589776,378.6091883559038
15827,73,14,1836.09,131.1492857142857,372,2,Loyal Customers,0.9984530508077932,2.2060335813485916,190.8626551809892,412.7671334303759
15829,99,2,636.14,318.07,141,3,At Risk / Hibernating,0.9983556185767901,0.78541232842423,367.8796118097145,283.25363647209934
15830,38,1,576.0,576.0,38,0,Potential Loyalists,1.0,0.7021563914860657,416.9460280538009,287.0026731405869
15831,58,3,801.76,267.25333333333333,324,2,Loyal Customers,0.9993034338776295,0.646897560781051,308.87838436741293,195.8821802008734
15832,254,1,836.79,836.79,254,3,At Risk / Hibernating,1.0,0.23034455654361954,416.9460280538009,94.15201457393238
15834,70,4,2233.75,558.4375,277,2,Loyal Customers,0.9991597802737135,0.7346734779864209,454.3788223235222,327.2535618644373
15835,44,4,954.09,238.5225,331,2,Loyal Customers,0.9993856442696502,0.8626453747143903,273.4147766584009,231.22043476710076
15836,50,1,137.37,137.37,50,3,At Risk / Hibernating,1.0,0.6254118329543538,416.9460280538009,255.63370703390643
15837,65,1,391.98,391.98,65,3,At Risk / Hibernating,1.0,0.5595498093719844,416.9460280538009,228.7129310090923
15838,11,19,33643.08,1770.6884210526316,368,1,Champions,0.9997457670349483,3.0596252248505924,2187.3194985673986,6560.735428007187
15839,33,3,1048.49,349.49666666666667,148,2,Loyal Customers,0.9992928894620432,1.1716390507974634,390.22480561397924,448.20927696214983
15840,59,2,355.56,177.78,173,3,At Risk / Hibernating,0.9991579008671014,0.6816534141724129,276.95672078884746,185.07490057166413
15841,73,4,1224.06,306.015,339,2,Loyal Customers,0.9991725950947123,0.8455079193751462,330.9081266603235,274.2818306229377
15843,304,1,118.95,118.95,304,3,At Risk / Hibernating,1.0,0.19999894856946523,416.9460280538009,81.74841595282066
15844,46,1,130.73999999999998,130.73999999999998,46,3,At Risk / Hibernating,1.0,0.647176515107259,416.9460280538009,264.5299144689541
15845,18,8,3711.77,463.97125,337,1,Champions,0.9996231714987188,1.7342944321145064,476.929706135441,810.866254647834
15847,38,2,389.27,194.635,288,0,Potential Loyalists,0.9993744413034124,0.46023678994910017,320.7232911974597,144.70505585215412
15850,19,2,238.85,119.425,168,0,Potential Loyalists,0.9994066699191216,0.6933328267706161,279.79690658617744,190.17642543391972
15852,187,2,160.71,80.355,197,3,At Risk / Hibernating,0.9954397829539964,0.615279570564482,250.94708434890825,151.365400660978
15853,52,1,110.8,110.8,52,3,At Risk / Hibernating,1.0,0.6201974947200376,416.9460280538009,253.5023718707435
15854,4,12,2974.65,247.88750000000002,362,1,Champions,0.9997445173106632,2.0561611082031725,317.78917424387754,640.5724656142775
15855,137,5,712.24,142.448,264,2,Loyal Customers,0.9955268067417975,1.3026064180184544,213.40825264177184,272.5187945547312
15856,4,27,16387.57,606.947037037037,365,1,Champions,0.9998381063789211,4.317922885276007,722.9806101416871,3060.3678618888384
15857,19,1,297.0,297.0,19,0,Potential Loyalists,1.0,0.8556074605824519,416.9460280538009,349.72507746716883
15858,16,5,1438.85,287.77,367,2,Loyal Customers,0.9995824968090109,0.9959209566420547,298.296961034898,291.23638666874075
15860,41,8,977.21,122.15125,369,2,Loyal Customers,0.9994285142546459,1.6109517732518537,166.611153040533,263.1228735532098
15861,12,8,3165.36,395.67,267,1,Champions,0.9996047272301565,1.5601082650392444,475.0367746272596,726.5307997119897
15862,8,4,832.88,208.22,374,0,Potential Loyalists,0.9995786534503044,0.7788687479556777,231.56236432403,176.8089130837849
15863,26,2,68.84,34.42,193,0,Potential Loyalists,0.9993878266710162,0.6295555333182415,251.9353766426133,155.48738972222418
15864,22,6,1936.32,322.71999999999997,316,2,Loyal Customers,0.999549442410722,1.3614669040983296,353.5546458857648,471.8844228005936
15865,41,3,895.13,298.37666666666667,214,2,Loyal Customers,0.999316484382422,0.9015687813412383,337.115376604075,297.9541510336657
15866,101,1,230.53,230.53,101,3,At Risk / Hibernating,1.0,0.43772375661816415,416.9460280538009,178.91715220847476
15867,5,15,3812.64,254.176,369,1,Champions,0.9997936414915539,3.0458005601687175,275.9994485192708,824.1034680209093
15869,277,2,149.64,74.82,277,3,At Risk / Hibernating,1.0,0.21503017704195912,416.9460280538009,87.892346853725
15870,33,1,354.09000000000003,354.09000000000003,33,0,Potential Loyalists,1.0,0.7369372624707086,416.9460280538009,301.2191881649226
15872,15,2,360.93,180.465,15,0,Potential Loyalists,1.0,0.8968719462723965,416.9460280538009,366.59174757508026
15874,64,7,4405.88,629.4114285714286,284,2,Loyal Customers,0.9989949718472684,1.4840668615267458,698.6493367643819,1016.4470465174059
15877,2,2,493.28,246.64,18,0,Potential Loyalists,0.9994796445929103,1.9115113076731214,340.3182641048926,637.7269229950238
15880,369,1,343.28,343.28,369,3,At Risk / Hibernating,1.0,0.16985832650080251,416.9460280538009,69.42860581822141
15881,312,5,501.39,100.27799999999999,364,2,Loyal Customers,0.9839334588536517,0.5781030760995262,275.744621268497,156.27309052950784
15882,199,4,516.36,129.09,368,2,Loyal Customers,0.9984674274744836,0.3756336031247137,291.37470462504956,107.2971299168112
15883,2,2,396.48,198.24,33,0,Potential Loyalists,0.999471881026791,1.6115060355869941,341.10335611391065,538.877949705173
15885,93,3,379.35,126.45,309,3,At Risk / Hibernating,0.9990244676677449,0.6723825162116861,268.6079726376378,177.0546027965931
15886,60,1,181.09,181.09,60,3,At Risk / Hibernating,1.0,0.5769080982349951,416.9460280538009,235.80804501970792
15888,81,1,168.31,168.31,81,3,At Risk / Hibernating,1.0,0.49944035026002864,416.9460280538009,204.14349281247155
15889,157,2,446.87,223.435,369,3,At Risk / Hibernating,0.9988620611429051,0.3749240369059556,293.1804162457911,107.75813441493963
15891,227,1,524.52,524.52,227,3,At Risk / Hibernating,1.0,0.2522118997083371,416.9460280538009,103.09017057874249
15894,253,2,263.55,131.775,369,3,At Risk / Hibernating,0.9975448143888889,0.3744296068041136,273.7193707987201,100.4725759938564
15895,150,1,179.17,179.17,150,3,At Risk / Hibernating,1.0,0.34131892703706995,416.9460280538009,139.51218542168914
15897,194,2,222.05,111.025,194,3,At Risk / Hibernating,1.0,0.2829058144344841,416.9460280538009,115.63614046749237
15898,1,5,1388.88,277.776,369,1,Champions,0.9996434761438705,0.9937024888312505,288.8629463478038,281.39744355186116
15899,369,1,56.25,56.25,369,3,At Risk / Hibernating,1.0,0.17024706722908145,416.9460280538009,69.58750139895466
15900,24,1,351.11,351.11,24,0,Potential Loyalists,1.0,0.8090762961242793,416.9460280538009,330.70567908275973
15901,17,3,363.88,121.29333333333334,155,0,Potential Loyalists,0.9994524840808982,1.1402922553968107,233.5534116779151,261.08054284071954
15903,10,7,5126.76,732.3942857142857,295,1,Champions,0.9996528925098527,1.68731650506079,760.7957193738976,1258.4520291622496
15904,8,1,164.68,164.68,8,0,Potential Loyalists,1.0,0.9668139491007275,416.9460280538009,395.18022674505374
15906,20,7,1567.69,223.9557142857143,255,2,Loyal Customers,0.9995279946863108,1.3401360889079632,317.9355091543076,417.69568051980065
15907,4,3,967.45,322.48333333333335,210,0,Potential Loyalists,0.999542621068391,0.9114704470614745,379.7867856598585,339.35516157923365
15909,174,1,191.94,191.94,174,3,At Risk / Hibernating,1.0,0.3074612026474286,416.9460280538009,125.67302235592369
15910,1,8,1232.18,154.0225,317,1,Champions,0.9997303711453683,1.829089561673565,192.10178931924378,344.4597063218381
15912,178,2,264.62,132.31,233,3,At Risk / Hibernating,0.9974142559571764,0.5429994242053134,281.2562540852934,149.7178149257535
15916,16,8,1528.09,191.01125,366,1,Champions,0.999622137239316,1.411866788044595,248.63101901496367,344.12879291241643
15917,248,1,123.1,123.1,248,3,At Risk / Hibernating,1.0,0.23544802447650895,416.9460280538009,96.23802889056574
15918,191,2,334.23,167.115,271,3,At Risk / Hibernating,0.997731897507715,0.4824572365745611,313.16793515773304,148.11805510059477
15919,20,2,639.89,319.945,369,0,Potential Loyalists,0.9994475825719131,0.3760023474429934,394.88215873164717,145.55592595059048
15920,154,4,167.5,41.875,154,3,At Risk / Hibernating,1.0,0.33366409034830324,416.9460280538009,136.38331185577388
15921,173,1,336.03000000000003,336.03000000000003,173,3,At Risk / Hibernating,1.0,0.30873727391826766,416.9460280538009,126.1946096019326
15922,373,1,369.5,369.5,373,3,At Risk / Hibernating,1.0,0.16832095589037088,416.9460280538009,68.8002142525221
15923,373,1,127.08,127.08,373,3,At Risk / Hibernating,1.0,0.16870268363576454,416.9460280538009,68.95624331496865
15925,194,1,207.15,207.15,194,3,At Risk / Hibernating,1.0,0.2829058144344841,416.9460280538009,115.63614046749237
15930,67,1,426.63,426.63,67,3,At Risk / Hibernating,1.0,0.5472014747237713,416.9460280538009,223.66561107072644
15932,4,8,2495.87,311.98375,289,1,Champions,0.9997055866737145,1.9669908509583838,326.2601323168115,629.1271471211226
15933,21,3,1107.46,369.15333333333336,87,2,Loyal Customers,0.9993305166029001,1.6404667859794013,373.27250080955673,600.2964295306095
15935,239,2,416.86,208.43,242,3,At Risk / Hibernating,0.9925188197076933,0.5263882760843304,274.28740795818607,141.54156488901506
15937,64,1,145.35000000000002,145.35000000000002,64,3,At Risk / Hibernating,1.0,0.5595498093719844,416.9460280538009,228.7129310090923
15938,112,5,404.58000000000004,80.91600000000001,324,2,Loyal Customers,0.9982128561774486,1.1061951807129013,157.89218345090143,171.22389160716295
15939,90,15,6115.01,407.6673333333334,332,1,Champions,0.9940788884648207,3.0924344758133224,413.25050624133024,1252.8122759146424
15940,311,1,35.8,35.8,311,3,At Risk / Hibernating,1.0,0.19578783183211276,416.9460280538009,80.02714551866629
15942,134,1,337.44,337.44,134,3,At Risk / Hibernating,1.0,0.3683617011303699,416.9460280538009,150.56577550814916
15944,277,1,325.1,325.1,277,3,At Risk / Hibernating,1.0,0.21565355312687062,416.9460280538009,88.14714836438557
15945,365,1,181.0,181.0,365,3,At Risk / Hibernating,1.0,0.17142403939022,416.9460280538009,70.06858213503683
15947,83,1,1708.24,1708.24,83,2,Loyal Customers,1.0,0.49282269798453576,416.9460280538009,201.43856115989064
15948,8,2,955.24,477.62,44,0,Potential Loyalists,0.9994167927723522,1.4674775560104494,368.0181574583647,529.4355863213295
15949,17,2,364.72,182.36,71,0,Potential Loyalists,0.9993642279665815,1.1738198604929058,283.35752975648876,326.0682246628289
15950,32,4,1765.51,441.3775,360,2,Loyal Customers,0.9994761439327698,0.8042646769094496,437.55699450462794,344.9892292758834
15951,9,2,708.22,354.11,286,0,Potential Loyalists,0.9994689389582565,0.46418145480573536,378.20126263415773,172.1006994716347
15952,34,4,806.57,201.6425,225,2,Loyal Customers,0.9993803896307633,1.1707529351297092,254.4343847628272,292.02034235604367
15953,15,8,1659.3799999999999,207.42249999999999,369,1,Champions,0.9996458390825511,1.607623269699202,237.02943378376312,373.55844270102784
15955,24,14,4416.26,315.44714285714286,373,1,Champions,0.9995961069628637,2.0045762738176673,425.9339857589772,837.0220479962901
15957,32,1,428.89,428.89,32,0,Potential Loyalists,1.0,0.7443110694782242,416.9460280538009,304.23319679938174
15958,74,1,104.35,104.35,74,3,At Risk / Hibernating,1.0,0.5204044314005793,416.9460280538009,212.7124546117273
15963,20,2,470.76,235.38,45,0,Potential Loyalists,0.9992892954321262,1.4415374203451854,312.47058872619345,441.57804108994065
15965,17,4,845.64,211.41,367,0,Potential Loyalists,0.9995036181383651,0.5832102007781342,371.3137924646552,212.29416720561892
15967,23,2,418.83,209.415,319,0,Potential Loyalists,0.9994303525122635,0.4245793888329177,337.551969320176,140.4984087990067
15969,3,3,666.1,222.03333333333333,186,0,Potential Loyalists,0.9995463614632943,1.001197817925547,266.4123237671433,261.48468753990505
15970,304,1,314.09999999999997,314.09999999999997,304,3,At Risk / Hibernating,1.0,0.19999894856946523,416.9460280538009,81.74841595282066
15971,18,12,4199.85,349.9875,311,1,Champions,0.9996417553950958,2.563204273121915,351.42097102009336,883.0453084574943
15973,367,1,307.82000000000005,307.82000000000005,367,3,At Risk / Hibernating,1.0,0.17102991131587994,416.9460280538009,69.90748450613242
15974,39,7,3442.15,491.7357142857143,289,2,Loyal Customers,0.9993555939350856,1.7198903203270226,440.84350698810385,743.2882365127025
15975,84,1,371.01,371.01,84,3,At Risk / Hibernating,1.0,0.48637812441226147,416.9460280538009,198.80437460974935
15976,165,2,430.94,215.47,220,3,At Risk / Hibernating,0.997613521632742,0.5675419976912316,326.43137192184975,181.61923071538138
15977,17,2,1054.73,527.365,39,0,Potential Loyalists,0.9993034888636632,1.5216806506822815,547.2500449288976,816.36009110493
15978,77,1,1098.78,1098.78,77,3,At Risk / Hibernating,1.0,0.5097069171828498,416.9460280538009,208.33989986882636
15980,89,3,2398.86,799.62,254,2,Loyal Customers,0.9990895872941686,0.5085441399876143,981.1657801248865,489.15100402995114
15981,25,8,3408.48,426.06,311,1,Champions,0.9995507380359235,1.852823857346216,443.87172856883956,806.2387540330665
15983,22,4,1475.02,368.755,374,2,Loyal Customers,0.9995223401648525,0.7788248688092176,364.9196637188351,278.6178763096773
15984,3,10,2837.67,283.767,368,1,Champions,0.9997561887822445,2.0232486689149902,314.8792895644667,624.5473670054683
15985,123,2,1142.42,571.21,237,2,Loyal Customers,0.9986926279596292,0.5383468041287887,336.54058608502925,177.6116731943404
15986,30,1,168.12,168.12,30,0,Potential Loyalists,1.0,0.7518339371168964,416.9460280538009,307.3081333353372
15987,12,7,1451.28,207.32571428571427,369,1,Champions,0.9996238805427513,1.1995464500979414,295.79637991758636,347.8418896503416
15988,19,1,158.03,158.03,19,0,Potential Loyalists,1.0,0.8458779098923013,416.9460280538009,345.74816836534876
15990,44,2,792.11,396.055,287,2,Loyal Customers,0.9993519051517797,0.4615193357680029,404.8435908695998,183.16776378788808
15992,4,1,41.989999999999995,41.989999999999995,4,0,Potential Loyalists,1.0,1.0340116510919786,416.9460280538009,422.64699091651573
15993,9,7,2797.57,399.65285714285716,44,1,Champions,0.9994973445362705,3.842947881737303,386.8040099677695,1457.2303774650588
15994,55,1,427.07,427.07,55,3,At Risk / Hibernating,1.0,0.6050634511490638,416.9460280538009,247.31640605452026
15996,88,6,1060.68,176.78,366,2,Loyal Customers,0.9988071937294053,1.204077228793093,208.1501171227966,245.69875830312972
15998,37,5,3089.97,617.9939999999999,362,2,Loyal Customers,0.9994628702119092,1.0073544535310066,525.1276125489698,518.5839889428853
16000,3,3,12393.7,4131.233333333334,3,1,Champions,1.0,1.0485879748298077,416.9460280538009,428.604999637075
16003,30,5,2735.37,547.074,360,2,Loyal Customers,0.9994861181035095,0.8042727029871665,489.81669230159844,386.19693347254827
16005,12,4,615.39,153.8475,271,0,Potential Loyalists,0.9995088213677864,0.7501071294200882,291.81234811070584,214.58477444767738
16006,211,1,101.4,101.4,211,3,At Risk / Hibernating,1.0,0.26572594996969207,416.9460280538009,108.61396456244529
16007,48,4,1701.94,425.485,215,2,Loyal Customers,0.9992149774210032,1.2117797882560817,436.47665345314704,518.5095820222931
16008,24,3,478.78,159.59333333333333,205,0,Potential Loyalists,0.9994311086125133,0.9314013128792977,260.7984129140947,238.12983783987767
16009,22,4,992.71,248.1775,160,2,Loyal Customers,0.9994206906470786,1.5097556959729137,244.01509551076677,361.15658725282503
16010,246,3,407.5,135.83333333333334,363,3,At Risk / Hibernating,0.9952458513072935,0.5874632450730479,247.4570817197085,142.51233608990967
16011,8,16,3362.71,210.169375,366,1,Champions,0.999777757674843,3.273587596599027,223.3572613571129,716.7968980989516
16012,35,3,1415.29,471.7633333333333,155,2,Loyal Customers,0.9992829590106864,1.1350083197688408,485.2948221028883,539.978933777354
16013,4,47,37130.6,790.0127659574467,371,1,Champions,0.9998730236583189,5.6906801478602125,1297.853103591703,7240.387876324365
16014,38,3,662.38,220.79333333333332,291,2,Loyal Customers,0.9993972952062669,0.7062681226799368,279.69678923538714,193.65513240165268
16015,4,3,705.39,235.13,49,0,Potential Loyalists,0.999522876983866,2.155435608349952,281.33009925847443,594.4615529601559
16016,3,8,1508.76,188.595,367,1,Champions,0.9996932684404307,1.4119672537873056,225.0243606686288,311.47711260758035
16017,47,1,211.88,211.88,47,3,At Risk / Hibernating,1.0,0.6415945495098853,416.9460280538009,262.2483132538975
16018,39,2,408.9,204.45,180,0,Potential Loyalists,0.9993047841972328,0.6598460390549316,338.4617524129793,218.93954051462768
16019,47,9,3786.24,420.6933333333333,365,1,Champions,0.9993263757593136,1.8333649788961708,442.2120291120603,794.7883558669328
16020,17,3,851.01,283.67,65,0,Potential Loyalists,0.9993574577929085,1.2263891701924692,377.81333481793706,454.23216448463586
16022,260,1,628.28,628.28,260,3,At Risk / Hibernating,1.0,0.22614303398856098,416.9460280538009,92.4346654809573
16023,46,3,719.81,239.93666666666664,266,2,Loyal Customers,0.9993265951712562,0.758926114869335,324.72180751206054,241.59219664008873
16024,12,1,251.24,251.24,12,0,Potential Loyalists,1.0,0.9190337185186397,416.9460280538009,375.6502716752353
16025,30,1,439.65999999999997,439.65999999999997,30,0,Potential Loyalists,1.0,0.7595104315174132,416.9460280538009,310.44586416142715
16026,43,1,236.09,236.09,43,3,At Risk / Hibernating,1.0,0.6645208110997811,416.9460280538009,271.6193111494694
16027,92,6,934.62,155.77,303,2,Loyal Customers,0.9983533293219399,1.4111541107992982,178.41458524987848,246.817994372583
16029,39,63,81024.84,1286.1085714285714,374,1,Champions,0.9974275738454286,7.8848927276442575,1986.669492749186,15356.546056648229
16030,310,1,331.24,331.24,310,3,At Risk / Hibernating,1.0,0.19682389774551154,416.9460280538009,80.45063166814654
16031,92,2,548.94,274.47,247,3,At Risk / Hibernating,0.9990452765557423,0.5197878248843071,336.7576409345813,171.59928338799216
16033,6,20,8816.4,440.82,370,1,Champions,0.9998145764420918,3.662128820856058,503.52170156385205,1807.6897405736684
16034,196,3,437.70000000000005,145.9,333,3,At Risk / Hibernating,0.9970500030408819,0.6325611979787128,243.25533639919382,150.84704856132913
16036,87,2,758.9200000000001,379.46000000000004,263,2,Loyal Customers,0.9991128739843148,0.4947680690983967,487.71697970388766,236.56006634748945
16037,270,3,855.02,285.00666666666666,359,2,Loyal Customers,0.9926736335908095,0.5914342945420274,328.69924913501393,190.57989813931815
16038,8,3,471.78,157.26,202,0,Potential Loyalists,0.9995221974035046,0.9418373421407601,202.4162674079956,186.89313470741934
16040,65,3,1313.55,437.84999999999997,269,2,Loyal Customers,0.9991872263050761,0.7543164525655939,435.02552019309127,321.69200153044517
16041,31,3,3166.4,1055.4666666666667,141,2,Loyal Customers,0.9993250284177964,0.7824304839535784,421.4044140715923,323.23389934603154
16042,22,5,1197.27,239.454,332,2,Loyal Customers,0.9995124235125377,0.8584515337790208,398.0957370308681,335.0234753260434
16043,38,4,773.99,193.4975,318,2,Loyal Customers,0.9994222889116605,0.891732705880502,228.55901620091305,199.8043769160957
16045,120,4,1340.7,335.175,290,2,Loyal Customers,0.9981673445655996,0.9575995632938176,279.0013402735034,261.9161018352728
16048,373,2,256.44,128.22,373,3,At Risk / Hibernating,1.0,0.16832095589037088,416.9460280538009,68.8002142525221
16049,40,3,1111.79,370.59666666666664,75,2,Loyal Customers,0.998886988121613,1.765029662310563,350.48829986854014,606.4540552239382
16050,174,1,137.9,137.9,174,3,At Risk / Hibernating,1.0,0.3074612026474286,416.9460280538009,125.67302235592369
16052,54,1,362.06,362.06,54,3,At Risk / Hibernating,1.0,0.6050634511490638,416.9460280538009,247.31640605452026
16053,33,2,1511.95,755.975,122,2,Loyal Customers,0.9992880216124551,0.8602502916048597,403.46737075967394,340.25565209112006
16054,145,1,783.9,783.9,145,3,At Risk / Hibernating,1.0,0.3477004125556604,416.9460280538009,142.12058357963045
16055,221,1,134.8,134.8,221,3,At Risk / Hibernating,1.0,0.257449145364551,416.9460280538009,105.23086600159385
16056,45,1,664.85,664.85,45,0,Potential Loyalists,1.0,0.652856463211683,416.9460280538009,266.8515656011271
16057,16,7,2263.12,323.30285714285714,285,1,Champions,0.9995307934936907,0.9752074472177771,495.7633696005279,473.9618868286574
16059,66,6,1459.8600000000001,243.31000000000003,368,2,Loyal Customers,0.9991810248491049,1.201765133752336,296.41434957032084,349.2133052000311
16062,10,4,1153.62,288.405,365,0,Potential Loyalists,0.999574215018267,0.7950550548889653,334.17315739368803,260.4597818222421
16063,260,1,335.32,335.32,260,3,At Risk / Hibernating,1.0,0.22614303398856098,416.9460280538009,92.4346654809573
16065,365,1,372.09,372.09,365,3,At Risk / Hibernating,1.0,0.17142403939022,416.9460280538009,70.06858213503683
16066,17,5,1521.87,304.37399999999997,124,2,Loyal Customers,0.9994645710898922,2.249719948477272,327.4469629112732,722.1738343085208
16070,22,2,852.15,426.075,32,0,Potential Loyalists,0.9992020411825399,1.6270299828250407,300.7311540972294,479.67432042354466
16071,45,1,326.24,326.24,45,3,At Risk / Hibernating,1.0,0.658636996609732,416.9460280538009,269.21433052901926
16072,288,1,584.3199999999999,584.3199999999999,288,3,At Risk / Hibernating,1.0,0.20840356862522524,416.9460280538009,85.18375752967816
16073,297,1,122.4,122.4,297,3,At Risk / Hibernating,1.0,0.20327811545284508,416.9460280538009,83.08875711407012
16076,3,10,2234.73,223.473,209,1,Champions,0.9997247570335731,2.8670268067356117,263.51075003133536,740.6317409978716
16078,284,1,79.2,79.2,284,3,At Risk / Hibernating,1.0,0.21136431258897512,416.9460280538009,86.3939451434604
16079,17,3,1352.0,450.6666666666667,40,2,Loyal Customers,0.9993050504740774,2.3329653616446184,420.06983421766523,960.7322517420386
16080,82,2,217.16,108.58,274,3,At Risk / Hibernating,0.9991670170754475,0.4789248596475848,264.5245579166322,124.19532903585161
16081,56,5,2806.9,561.38,367,2,Loyal Customers,0.9993143874974129,0.9979427790938741,606.9652215891591,593.8016255893294
16083,101,2,1317.62,658.81,361,2,Loyal Customers,0.9991730834639481,0.3829095313910279,676.8086991700295,254.05862083703596
16084,299,1,436.18,436.18,299,3,At Risk / Hibernating,1.0,0.2021731769648966,416.9460280538009,82.63711967206692
16085,23,5,981.51,196.302,321,2,Loyal Customers,0.9995268288555403,1.1161939819759268,248.97601743374668,272.4389301592693
16086,59,5,1121.39,224.27800000000002,367,2,Loyal Customers,0.9992888268472063,0.9956283624137332,276.8482746572423,270.21597166126924
16091,155,2,315.06,157.53,199,3,At Risk / Hibernating,0.997552916019647,0.614276009238982,297.2721310692616,179.0151203010729
16092,115,3,817.86,272.62,254,2,Loyal Customers,0.9984825584983638,0.7864595597513593,313.67090139840604,241.83691273558952
16093,107,1,17.0,17.0,107,3,At Risk / Hibernating,1.0,0.42521324797573734,416.9460280538009,173.80354679285344
16094,12,4,1078.23,269.5575,219,0,Potential Loyalists,0.9995047724606339,0.8829502460542261,414.4938338487115,358.77841839924577
16096,264,1,320.62,320.62,264,3,At Risk / Hibernating,1.0,0.2234261478566501,416.9460280538009,91.32415332651593
16097,240,1,185.04999999999998,185.04999999999998,240,3,At Risk / Hibernating,1.0,0.24078276007112828,416.9460280538009,98.41857263494691
16098,88,7,2005.63,286.5185714285714,374,2,Loyal Customers,0.9986944189230018,1.3882169703810767,287.6228267322708,391.4287062830488
16099,50,3,731.9,243.96666666666667,226,2,Loyal Customers,0.999248750937934,0.8647072580058546,284.16706715157386,240.8878226978683
16101,71,1,1290.7,1290.7,71,2,Loyal Customers,1.0,0.535386395375701,416.9460280538009,218.8362567774073
16102,42,3,1842.14,614.0466666666667,129,2,Loyal Customers,0.999126383826719,1.2903935770859611,470.17485736305116,594.7764633004624
16103,7,6,1429.64,238.27333333333334,234,1,Champions,0.9996333778611355,1.7358075812384264,277.5297808910874,472.2623063481175
16104,62,1,302.36,302.36,62,3,At Risk / Hibernating,1.0,0.5724683349113175,416.9460280538009,233.99331385920004
16105,249,1,336.96,336.96,249,3,At Risk / Hibernating,1.0,0.2347051557808809,416.9460280538009,95.93438541334791
16106,66,1,108.38,108.38,66,3,At Risk / Hibernating,1.0,0.5553722353508629,416.9460280538009,227.0053685269044
16107,18,7,3204.1600000000003,457.7371428571429,183,1,Champions,0.9995286827820072,2.436963607750505,440.61323216533447,1052.637446651182
16108,85,1,842.5,842.5,85,3,At Risk / Hibernating,1.0,0.48637812441226147,416.9460280538009,198.80437460974935
16109,219,2,611.88,305.94,309,3,At Risk / Hibernating,0.9975379749926018,0.4350174479815621,361.4972755952266,154.16421069742245
16110,45,3,1337.48,445.82666666666665,311,2,Loyal Customers,0.9993665872036689,0.6690724100938139,446.6071730840739,292.934635786158
16112,143,4,195.74,48.935,339,3,At Risk / Hibernating,0.997943489114496,0.8444678399683189,146.3570659726757,121.16264239744501
16113,183,1,161.38,161.38,183,3,At Risk / Hibernating,1.0,0.2952576330995662,416.9460280538009,120.6848792953414
16114,171,1,135.75000000000003,135.75000000000003,171,3,At Risk / Hibernating,1.0,0.3113214594893222,416.9460280538009,127.25088151770721
16115,10,8,1667.97,208.49625,293,1,Champions,0.999671467722327,1.9505778505809876,246.77794270941598,471.89100780317096
16116,212,1,612.78,612.78,212,3,At Risk / Hibernating,1.0,0.26572594996969207,416.9460280538009,108.61396456244529
16117,190,1,232.21,232.21,190,3,At Risk / Hibernating,1.0,0.2883896793730321,416.9460280538009,117.87764045999776
16119,8,2,423.36,211.68,73,0,Potential Loyalists,0.9994332930526258,1.165572665981135,276.9844299185775,316.4950882520487
16120,59,4,1309.14,327.285,59,2,Loyal Customers,1.0,0.581417266065254,416.9460280538009,237.65114495636038
16121,57,2,867.11,433.555,216,2,Loyal Customers,0.9992332035933768,0.5784731119463526,491.8872037282599,278.9463254139708
16122,73,4,684.42,171.105,367,2,Loyal Customers,0.9992066327719837,0.7911084030728537,255.58194703528918,198.21571240275247
16123,52,1,307.78000000000003,307.78000000000003,52,3,At Risk / Hibernating,1.0,0.6201974947200376,416.9460280538009,253.5023718707435
16124,317,1,249.0,249.0,317,3,At Risk / Hibernating,1.0,0.19274406209242811,416.9460280538009,78.7830216664005
16125,367,1,289.35,289.35,367,3,At Risk / Hibernating,1.0,0.1706375914003699,416.9460280538009,69.74712595224005
16126,29,4,6287.77,1571.9425,297,2,Loyal Customers,0.9994606848585863,0.9430775220053583,1412.1998782665491,1305.6161904992177
16127,39,1,656.25,656.25,39,0,Potential Loyalists,1.0,0.6891462926528363,416.9460280538009,281.68485775936074
16128,18,5,1880.22,376.044,283,2,Loyal Customers,0.9995519382707629,1.2370728214118425,382.89914486949965,464.3566558992536
16131,52,6,3506.54,584.4233333333333,240,2,Loyal Customers,0.9992146637690306,1.1173471457591808,704.8789850409596,772.1020676033739
16133,4,33,14589.04,442.09212121212124,318,1,Champions,0.9998725290538463,6.7024758320090925,505.77887591183855,3323.2891439633568
16134,22,2,618.09,309.045,359,0,Potential Loyalists,0.9994416415006179,0.38390742594447397,378.8986090656973,142.60059952590044
16135,263,1,517.55,517.55,263,3,At Risk / Hibernating,1.0,0.22477638140037942,416.9460280538009,91.87605380537597
16136,60,3,709.38,236.46,278,2,Loyal Customers,0.9992476143593453,0.7347380616240441,327.2839243954721,235.73775911789494
16139,19,3,635.4100000000001,211.80333333333337,207,0,Potential Loyalists,0.9994628509761713,0.9246560214466306,310.07572382340925,281.0735582463932
16140,66,2,725.1800000000001,362.59000000000003,371,2,Loyal Customers,0.9993180189116033,0.37339004191790187,501.964090573421,183.74147672284337
16141,88,1,620.4,620.4,88,3,At Risk / Hibernating,1.0,0.47398174500857093,416.9460280538009,193.73741798726365
16142,250,1,535.34,535.34,250,3,At Risk / Hibernating,1.0,0.2339669600512075,416.9460280538009,95.63265198612173
16143,3,6,2424.94,404.1566666666667,369,1,Champions,0.9996671360716463,1.196859473291313,414.4254676639105,486.2521720924387
16144,247,1,175.2,175.2,247,3,At Risk / Hibernating,1.0,0.2361956106507191,416.9460280538009,96.54360061208392
16145,9,11,3799.4900000000002,345.40818181818184,360,1,Champions,0.9997322664208019,2.275950770653359,356.6926367683765,795.8460216771248
16146,157,3,734.13,244.71,232,2,Loyal Customers,0.9964425098620022,0.8422236449229036,263.5816742880597,217.62792944263825
16147,134,1,375.0,375.0,134,3,At Risk / Hibernating,1.0,0.3683617011303699,416.9460280538009,150.56577550814916
16148,296,1,76.32000000000001,76.32000000000001,296,3,At Risk / Hibernating,1.0,0.20383512624174713,416.9460280538009,83.31643216705126
16149,5,2,280.52,140.26,142,0,Potential Loyalists,0.999472529689949,0.7788364396540086,278.3514136519266,212.52584447330858
16150,43,5,2053.02,410.604,372,2,Loyal Customers,0.9994284839177626,0.9844771885848903,415.3616029596278,400.8703495349803
16152,269,1,1829.04,1829.04,269,3,At Risk / Hibernating,1.0,0.22077376839308957,416.9460280538009,90.24000792799634
16153,50,5,1824.23,364.846,355,2,Loyal Customers,0.9993613048208803,1.0263025488004993,405.6081521093138,408.08819025595915
16156,9,9,3122.04,346.8933333333333,311,1,Champions,0.9996981792972398,2.095363350018252,360.4977580786886,740.5152053464194
16157,16,3,656.69,218.89666666666668,73,0,Potential Loyalists,0.9993903151426868,1.803502048896325,307.78845794968544,544.1784706079669
16159,282,1,348.2,348.2,282,3,At Risk / Hibernating,1.0,0.21257229995181484,416.9460280538009,86.88770325808089
16160,65,2,1025.44,512.72,86,2,Loyal Customers,0.998613409555782,1.0662748900039323,327.6090099353768,342.4500481046318
16161,2,19,5575.56,293.4505263157895,369,1,Champions,0.9998488796876238,3.8765325963919053,307.70365244991774,1169.3598555478234
16162,252,1,37.4,37.4,252,3,At Risk / Hibernating,1.0,0.23177997385315355,416.9460280538009,94.73873346268373
16163,232,2,856.6,428.3,365,3,At Risk / Hibernating,0.9979431268281616,0.3780317869252313,416.0473156571162,154.1852636934754
16164,17,3,822.48,274.16,43,0,Potential Loyalists,0.9992901878126847,2.2908803248355865,335.8264201448494,754.2057361748728
16168,11,27,3787.6,140.28148148148148,370,1,Champions,0.9997949801846568,5.099970837737722,158.8568562939487,794.2290480619818
16169,8,4,1822.97,455.7425,76,2,Loyal Customers,0.9995110074821215,2.3908451803496433,413.2661261515525,968.6206592221106
16170,51,6,1885.05,314.175,248,2,Loyal Customers,0.9991307645637079,1.6528363859159758,333.3011365584791,540.0559393986752
16171,59,1,73.19999999999999,73.19999999999999,59,3,At Risk / Hibernating,1.0,0.581417266065254,416.9460280538009,237.65114495636038
16172,95,5,1140.21,228.042,242,2,Loyal Customers,0.9984073486755788,1.1092409271026433,342.5205925847973,372.4642528692988
16173,16,6,1418.32,236.38666666666666,98,2,Loyal Customers,0.9994465667235141,3.1385681954079745,239.21241848636265,736.0168693525512
16174,126,3,1009.55,336.51666666666665,152,2,Loyal Customers,0.9951066484414813,1.1508183108072392,370.6661550280345,418.17861475369443
16175,94,4,1037.5900000000001,259.39750000000004,240,2,Loyal Customers,0.9984268935798891,1.1128527840470237,300.2432461035105,327.5540629494347
16177,50,1,331.95,331.95,50,3,At Risk / Hibernating,1.0,0.6254118329543538,416.9460280538009,255.63370703390643
16178,138,1,197.9,197.9,138,3,At Risk / Hibernating,1.0,0.35946162723961156,416.9460280538009,146.9279175068071
16179,61,1,215.83,215.83,61,3,At Risk / Hibernating,1.0,0.5769080982349951,416.9460280538009,235.80804501970792
16180,100,8,10254.18,1281.7725,253,2,Loyal Customers,0.9962691067173199,1.9068733255471388,1441.1280293938814,2693.993331211459
16181,73,1,305.54,305.54,73,3,At Risk / Hibernating,1.0,0.5240707584800869,416.9460280538009,214.21104727156546
16182,72,4,6617.65,1654.4125,295,2,Loyal Customers,0.9990846826332019,0.9479171462732611,1507.3251082283905,1400.7133826823679
16183,67,1,338.71000000000004,338.71000000000004,67,3,At Risk / Hibernating,1.0,0.5472014747237713,416.9460280538009,223.66561107072644
16184,64,6,1158.79,193.13166666666666,211,2,Loyal Customers,0.9985501721920463,1.8701710103937623,242.7207343888948,445.0003431844853
16185,17,2,529.41,264.705,233,0,Potential Loyalists,0.9994372234813167,0.5459086433456269,314.17470020459143,168.1369262315016
16186,23,12,4006.94,333.9116666666667,372,1,Champions,0.9996146542717685,2.004613468335648,411.7072270593022,809.0794161166555
16187,32,15,6911.4400000000005,460.7626666666667,284,1,Champions,0.9994096228154522,2.7586143409038617,601.9898895949184,1627.9921910851813
16188,45,4,981.86,245.465,243,2,Loyal Customers,0.9992957216072098,1.1066577621157696,315.9634087815041,342.78526871740985
16189,16,2,215.48,107.74,85,0,Potential Loyalists,0.999385791646398,1.0670996051748198,257.18163853816924,269.0401710599904
16190,40,1,215.08,215.08,40,3,At Risk / Hibernating,1.0,0.6828203839365179,416.9460280538009,279.09917305381475
16191,3,13,5180.52,398.5015384615385,361,1,Champions,0.9997559832337439,2.0609776385005896,495.6846494874903,1001.4995964156535
16193,237,1,314.45,314.45,237,3,At Risk / Hibernating,1.0,0.24394114397377223,416.9460280538009,99.70954465494869
16198,75,1,400.68100000000004,400.68100000000004,75,3,At Risk / Hibernating,1.0,0.5167890469682096,416.9460280538009,211.23468452120443
16200,4,2,1080.6200000000001,540.3100000000001,164,0,Potential Loyalists,0.9994742836189479,0.7052854955401197,469.1795719144849,324.3964272322634
16201,3,4,1863.47,465.8675,110,1,Champions,0.9995806833580719,1.9342224320013475,491.0890939844538,931.1915372646945
16202,361,1,365.27,365.27,361,3,At Risk / Hibernating,1.0,0.17342224475929724,416.9460280538009,70.88533732123224
16203,59,4,592.9,148.225,372,2,Loyal Customers,0.9993261552832504,0.7804377922767942,218.01008602267484,166.7964409948415
16204,23,1,405.71,405.71,23,0,Potential Loyalists,1.0,0.8090762961242793,416.9460280538009,330.70567908275973
16205,31,4,761.38,190.345,180,2,Loyal Customers,0.9993565162198785,1.3878986706162006,272.4664772909899,370.7173937626722
16206,55,4,537.0600000000001,134.26500000000001,328,2,Loyal Customers,0.9993115729913584,0.8691165421124389,206.86096637139173,176.24974643680926
16207,25,1,394.38,394.38,25,0,Potential Loyalists,1.0,0.7918508048730493,416.9460280538009,323.66483987382634
16208,45,2,664.26,332.13,289,0,Potential Loyalists,0.9993528366793065,0.45894113893479926,301.3638458927322,135.5876117876682
16209,89,5,2262.62,452.524,247,2,Loyal Customers,0.9982872905305368,1.3767169884555446,472.8736641764358,638.2074319554087
16210,2,18,21086.3,1171.461111111111,374,1,Champions,0.9998358088581571,3.425499014812852,1112.557981723433,3736.100706530452
16211,89,1,547.02,547.02,89,3,At Risk / Hibernating,1.0,0.47398174500857093,416.9460280538009,193.73741798726365
16212,19,2,690.34,345.17,283,0,Potential Loyalists,0.9994363338254133,0.466803937536105,313.14946240457965,143.3039160364632
16213,79,1,159.0,159.0,79,3,At Risk / Hibernating,1.0,0.5062381486691934,416.9460280538009,206.92205834880286
16214,171,3,1062.75,354.25,269,2,Loyal Customers,0.9968061246173908,0.7502922853894035,317.71152716151755,233.68745541057194
16215,81,1,242.35,242.35,81,3,At Risk / Hibernating,1.0,0.49944035026002864,416.9460280538009,204.14349281247155
16216,267,1,914.9300000000001,914.9300000000001,267,3,At Risk / Hibernating,1.0,0.22143094177008768,416.9460280538009,90.50862390071362
16217,235,2,304.25,152.125,282,3,At Risk / Hibernating,0.9961603396324461,0.4665995543185457,280.38803468708517,128.2554043580222
16218,30,7,3084.68,440.6685714285714,374,2,Loyal Customers,0.9995251361105807,1.1858594034943353,502.6913220790272,584.3950694877159
16221,37,3,864.86,288.2866666666667,367,2,Loyal Customers,0.9994340668895675,0.5831696176356228,374.0528249405095,213.8452942466721
16222,318,1,846.72,846.72,318,3,At Risk / Hibernating,1.0,0.19224594434773853,416.9460280538009,78.57941882664375
16224,57,4,1295.3,323.825,250,2,Loyal Customers,0.9991634871035849,1.0821522119277005,387.41476516856017,410.9949973617108
16225,45,5,1096.32,219.26399999999998,278,2,Loyal Customers,0.9993388933884831,0.994747468123916,279.83200250419765,272.8865971564746
16226,203,3,255.12,85.04,235,3,At Risk / Hibernating,0.990085056413867,0.8285908408512997,192.77752682687503,156.59161995280365
16227,225,1,314.22,314.22,225,3,At Risk / Hibernating,1.0,0.2530699262970115,416.9460280538009,103.44088423521646
16229,87,2,1010.6,505.3,213,2,Loyal Customers,0.9989981062869665,0.5845123748173071,525.6831056223429,301.2240729189718
16230,190,2,542.03,271.015,220,3,At Risk / Hibernating,0.9964678196253203,0.5668902082036685,347.2824920437115,192.9984325352893
16232,44,4,990.88,247.72,215,2,Loyal Customers,0.9992944916793579,0.8951992542414603,350.7663100852359,307.82904593169013
16233,71,3,536.6800000000001,178.89333333333335,366,2,Loyal Customers,0.9992660393523375,0.5844120650249603,276.48387570834694,158.40206966073382
16235,41,5,867.3100000000001,173.46200000000002,332,2,Loyal Customers,0.9994145219751115,1.0826685291097622,240.93784198108614,255.72459054142078
16236,78,1,432.2,432.2,78,3,At Risk / Hibernating,1.0,0.5062381486691934,416.9460280538009,206.92205834880286
16239,57,2,414.2,207.1,190,3,At Risk / Hibernating,0.9992037006605221,0.6367598439767708,255.01109004264873,159.18667505906214
16240,24,2,3718.8,1859.4,77,2,Loyal Customers,0.999292885647459,1.125484836289369,1099.0819816911094,1212.6681718532925
16241,10,13,2607.87,200.6053846153846,370,1,Champions,0.999737646847277,2.4294090991508313,231.48600692426726,551.3119915064867
16242,8,7,3603.21,514.7442857142858,277,1,Champions,0.9996567633311711,1.7751051507772704,541.1791318862062,941.7534036226837
16243,34,2,409.1,204.55,55,0,Potential Loyalists,0.9990987106489382,1.3357628409794162,314.0546273090946,411.2509409825941
16244,212,2,1522.75,761.375,373,2,Loyal Customers,0.998328712891323,0.37217446181945946,439.6554941871178,160.40979896332797
16245,24,3,1413.66,471.22,257,2,Loyal Customers,0.999454129604285,0.7823798729618628,456.68504343929345,350.2728033406367
16247,170,1,114.56,114.56,170,3,At Risk / Hibernating,1.0,0.3113214594893222,416.9460280538009,127.25088151770721
16248,62,1,152.94,152.94,62,3,At Risk / Hibernating,1.0,0.5724683349113175,416.9460280538009,233.99331385920004
16249,53,5,1800.07,360.014,239,2,Loyal Customers,0.9991393615613378,1.409209754631238,284.8070750632846,393.45809288958753
16250,261,2,389.44,194.72,374,3,At Risk / Hibernating,0.9974023300852932,0.3709877871547603,299.80751643956114,109.03701406898611
16253,67,2,3683.86,1841.93,255,2,Loyal Customers,0.9992279364128183,0.5070445562485153,1140.391675930324,566.8551075014017
16255,17,8,2619.91,327.48875,365,1,Champions,0.9996382299000341,1.6224278539585084,334.5292192849029,532.0732773064085
16256,267,1,752.4300000000001,752.4300000000001,267,3,At Risk / Hibernating,1.0,0.22209203923416623,416.9460280538009,90.77884382303202
16257,177,1,46.95,46.95,177,3,At Risk / Hibernating,1.0,0.3036955050590286,416.9460280538009,124.13381380318333
16258,45,5,5203.51,1040.702,219,2,Loyal Customers,0.9991995160002797,1.50716895829377,901.5724830315048,1332.093434899455
16260,51,1,1035.45,1035.45,51,0,Potential Loyalists,1.0,0.6254118329543538,416.9460280538009,255.63370703390643
16261,17,4,746.83,186.7075,246,0,Potential Loyalists,0.9995141781670891,1.0928426878283992,234.73616625749173,251.48360515107262
16265,9,9,5447.0,605.2222222222222,365,1,Champions,0.9996821989855332,1.626246361057602,623.6202717254968,994.2109904267029
16266,74,7,861.89,123.12714285714286,206,2,Loyal Customers,0.9980718473888726,1.9032638782333764,176.7115192777755,329.712963670173
16268,71,2,667.65,333.825,71,2,Loyal Customers,1.0,0.5315606090478071,416.9460280538009,217.27248589139984
16270,353,1,1141.24,1141.24,353,3,At Risk / Hibernating,1.0,0.17629929223329655,416.9460280538009,72.06131427897861
16271,3,5,1429.24,285.848,358,1,Champions,0.9996393160371277,1.0169709152953499,344.9733603999379,343.9268110481733
16272,117,1,411.7,411.7,117,3,At Risk / Hibernating,1.0,0.4022216135318576,416.9460280538009,164.40583630231112
16274,373,1,357.95,357.95,373,3,At Risk / Hibernating,1.0,0.16832095589037088,416.9460280538009,68.8002142525221
16275,197,1,559.87,559.87,197,3,At Risk / Hibernating,1.0,0.2807702237766985,416.9460280538009,114.76322940553919
16276,177,1,810.6,810.6,177,3,At Risk / Hibernating,1.0,0.3036955050590286,416.9460280538009,124.13381380318333
16278,100,1,566.38,566.38,100,3,At Risk / Hibernating,1.0,0.44031472168295516,416.9460280538009,179.97619574947862
16279,21,3,1509.58,503.1933333333333,177,2,Loyal Customers,0.9994285224002281,1.0378592868684835,516.9690315641517,525.9870798262012
16281,72,1,2062.06,2062.06,72,2,Loyal Customers,1.0,0.5277891125744973,416.9460280538009,215.73090573137534
16282,340,1,168.3,168.3,340,3,At Risk / Hibernating,1.0,0.18234959449723706,416.9460280538009,74.53434131642138
16283,6,5,1570.81,314.162,208,1,Champions,0.9996149932495971,1.5676763536534934,344.3886954224082,529.2701639955837
16284,31,2,823.97,411.985,50,0,Potential Loyalists,0.9991159615192758,1.3807044343823456,420.46692184905896,569.1214150183063
16287,170,1,142.5,142.5,170,3,At Risk / Hibernating,1.0,0.3126298431258797,416.9460280538009,127.78567627738681
16292,122,1,302.25,302.25,122,3,At Risk / Hibernating,1.0,0.3916336437743911,416.9460280538009,160.07805925051105
16293,22,10,2248.9900000000002,224.89900000000003,367,1,Champions,0.9995736458205178,1.2022373586870474,382.15642241154006,450.40514197600487
16295,10,4,1328.55,332.1375,65,0,Potential Loyalists,0.9994862330970347,2.588568284857473,350.15980419771347,888.5839059648554
16297,269,1,301.9,301.9,269,3,At Risk / Hibernating,1.0,0.22077376839308957,416.9460280538009,90.24000792799634
16298,23,3,598.2,199.4,187,0,Potential Loyalists,0.9994275339361763,0.9971524692485175,306.37629241715155,299.494451074022
16302,127,1,233.22,233.22,127,3,At Risk / Hibernating,1.0,0.3815888112471801,416.9460280538009,155.97228685707657
16303,26,3,5360.63,1786.8766666666668,333,2,Loyal Customers,0.9994681308610769,0.6325178611017809,1585.7129663036421,983.2620173174537
16305,139,1,361.22,361.22,139,3,At Risk / Hibernating,1.0,0.35946162723961156,416.9460280538009,146.9279175068071
16306,214,6,632.27,105.37833333333333,367,2,Loyal Customers,0.9843230383634345,1.1838946881852397,170.31610106063067,197.6699883122544
16308,38,4,2560.0,640.0,261,2,Loyal Customers,0.9993807303035674,1.0430249525523043,654.419855663124,669.1495142691608
16309,106,2,706.57,353.285,241,3,At Risk / Hibernating,0.9989031083250327,0.531488938691862,396.35997898391645,206.51706425803178
16311,18,2,616.26,308.13,49,0,Potential Loyalists,0.9993232105213312,1.392698939567548,323.5496224299246,441.7438587347422
16313,3,2,274.15000000000003,137.07500000000002,50,0,Potential Loyalists,0.9994661110655209,1.3928980917880318,273.59006152664654,373.5872438091079
16315,331,1,226.37,226.37,331,3,At Risk / Hibernating,1.0,0.18646331165569163,416.9460280538009,76.21580011683386
16316,64,8,2938.91,367.36375,358,2,Loyal Customers,0.9991138293231955,1.4375877103481687,434.95126273517894,612.9808870698722
16317,120,3,1341.65,447.2166666666667,297,2,Loyal Customers,0.9986526027678808,0.6941712947100926,397.0423743370399,270.19383189315346
16318,35,1,328.15000000000003,328.15000000000003,35,0,Potential Loyalists,1.0,0.7156671799454195,416.9460280538009,292.52514324719823
16319,218,1,404.40000000000003,404.40000000000003,218,3,At Risk / Hibernating,1.0,0.2601501888901442,416.9460280538009,106.3349027394624
16320,172,2,1038.46,519.23,213,2,Loyal Customers,0.9971606825140564,0.5813680574617057,310.1892037117527,176.78678154172485
16321,72,5,373.65000000000003,74.73,324,2,Loyal Customers,0.9992128734152371,0.6484891702549012,243.82399366061685,155.00691309593756
16322,1,2,326.75,163.375,36,0,Potential Loyalists,0.9994816649116005,1.5654566679652573,276.8874479645223,424.9294014102136
16323,196,1,207.50000000000003,207.50000000000003,196,3,At Risk / Hibernating,1.0,0.2807702237766985,416.9460280538009,114.76322940553919
16324,128,3,428.68,142.89333333333335,177,3,At Risk / Hibernating,0.9980524565885092,0.6670573683805971,345.4444531049516,225.89852926543114
16325,47,3,594.24,198.08,246,2,Loyal Customers,0.9993059144149719,0.80967086583285,280.95099441752575,223.00318120307134
16326,6,14,3110.96,222.21142857142857,335,1,Champions,0.9997726937584097,2.863742500728288,252.9099694690248,710.0223208093525
16327,14,6,3844.2200000000003,640.7033333333334,370,1,Champions,0.9996135718608661,1.1967953431115876,615.4569969785396,722.0870569146007
16330,18,3,251.91,83.97,112,0,Potential Loyalists,0.9993901044840512,0.9078825474357486,318.11863300283505,283.13326848493136
16332,28,7,1593.2,227.6,305,2,Loyal Customers,0.9995023533498495,1.6419527330599701,273.0903920080388,439.58120021184635
16333,8,22,26626.8,1210.3090909090909,310,1,Champions,0.9997538542354529,3.0530821390363574,1984.2363492805075,5938.872587813596
16337,37,1,151.05,151.05,37,3,At Risk / Hibernating,1.0,0.7088474102284074,416.9460280538009,289.73759499029745
16338,157,1,214.8,214.8,157,3,At Risk / Hibernating,1.0,0.3292338108753175,416.9460280538009,134.57245885451334
16339,284,1,109.95,109.95,284,3,At Risk / Hibernating,1.0,0.21076545282052764,416.9460280538009,86.1491645454829
16340,107,1,549.07,549.07,107,3,At Risk / Hibernating,1.0,0.422796474014538,416.9460280538009,172.8157030198247
16341,25,4,1971.8700000000001,492.96750000000003,201,2,Loyal Customers,0.9994228827906344,0.9417437592155742,524.4626705869043,484.1939557423763
16342,75,4,322.41,80.6025,180,2,Loyal Customers,0.9984420525070455,1.386628670420306,161.1745436832096,219.09312584255707
16343,16,2,370.48,185.24,16,0,Potential Loyalists,1.0,0.8757538718250983,416.9460280538009,357.959830801703
16344,158,1,101.10000000000001,101.10000000000001,158,3,At Risk / Hibernating,1.0,0.32778307992647027,416.9460280538009,133.9794803579497
16345,44,1,575.41,575.41,44,0,Potential Loyalists,1.0,0.658636996609732,416.9460280538009,269.21433052901926
16347,11,2,887.65,443.825,36,0,Potential Loyalists,0.9993764989600004,1.5652919498459008,429.14449764285257,658.5236284358728
16348,32,7,1469.45,209.92142857142858,240,2,Loyal Customers,0.9993953835109132,1.69607933282157,243.23652008330316,404.43342635203567
16349,291,1,53.5,53.5,291,3,At Risk / Hibernating,1.0,0.20724236682768868,416.9460280538009,84.7091227632038
16350,21,4,1116.47,279.1175,334,2,Loyal Customers,0.9995175677847853,0.8563203622552179,294.2509544046297,247.0165671789645
16351,333,1,153.9,153.9,333,3,At Risk / Hibernating,1.0,0.18553319215907066,416.9460280538009,75.83561899017326
16352,18,2,494.44,247.22,38,0,Potential Loyalists,0.9992989765555498,1.5503979104144705,358.09828901500725,544.2743596257537
16353,4,23,6675.71,290.24826086956523,370,1,Champions,0.9998408301374675,4.073077309740471,345.02739337882736,1377.6799017651208
16354,63,2,395.8,197.9,73,3,At Risk / Hibernating,0.9985135020551217,1.1562965573876764,238.10852090731893,269.9084176675667
16356,198,3,211.77,70.59,278,3,At Risk / Hibernating,0.9952162880801982,0.731773862547108,188.1808806303721,134.99706563313967
16357,33,3,658.88,219.62666666666667,214,2,Loyal Customers,0.9993693998621201,0.901616520916529,318.09063200246624,281.1543149857424
16358,1,4,2027.5,506.875,184,1,Champions,0.999601092254651,1.3607998776352523,492.45272446721197,656.9478912543325
16359,7,9,1750.92,194.54666666666668,332,1,Champions,0.9997078235932174,1.9853755015752264,233.96905640434824,455.37913464752734
16360,5,6,3512.53,585.4216666666667,88,1,Champions,0.99962829373536,3.339111028583302,614.3053999878796,2010.8872419526388
16361,10,4,896.66,224.165,71,0,Potential Loyalists,0.9994933120879321,2.459127179503921,251.50546013436784,606.3186033051516
16362,32,5,734.77,146.954,91,2,Loyal Customers,0.9991664349501833,1.5889292086679372,265.5656562890245,413.6649841678477
16363,53,1,109.36000000000001,109.36000000000001,53,3,At Risk / Hibernating,1.0,0.6100253908571814,416.9460280538009,249.34457445004938
16364,12,2,707.04,353.52,137,0,Potential Loyalists,0.9994369523814677,0.797715933105821,390.4117524685326,305.3115373572407
16365,18,9,1540.42,171.1577777777778,367,1,Champions,0.9996319241726583,1.6149752718473338,231.03091660815414,365.7699080850311
16366,19,1,327.3,327.3,19,0,Potential Loyalists,1.0,0.8556074605824519,416.9460280538009,349.72507746716883
16367,37,2,804.49,402.245,363,0,Potential Loyalists,0.9993999408189597,0.3812190515660623,516.9916752636842,193.21016552634316
16368,2,2,497.43,248.715,28,0,Potential Loyalists,0.9994708837138903,1.694614262983959,314.4240823721619,522.3470940943098
16369,18,3,1553.66,517.8866666666667,197,2,Loyal Customers,0.9994588170678588,0.9595492781746993,532.3575288996609,500.7750951763463
16370,82,4,1320.56,330.14,225,2,Loyal Customers,0.998627584500318,1.1698710398822199,367.53408906341895,421.5097887888954
16372,33,2,367.93,183.965,34,0,Potential Loyalists,1.0,0.7297081291462637,416.9460280538009,298.26431428360155
16374,66,2,473.03,236.515,262,3,At Risk / Hibernating,0.9992355067741475,0.49632394085447407,370.6643793475845,180.3507579438204
16376,9,2,987.01,493.505,17,0,Potential Loyalists,0.9993911425685389,1.9113420469770652,276.46719283028324,518.0296763974522
16377,267,1,676.2,676.2,267,3,At Risk / Hibernating,1.0,0.22143094177008768,416.9460280538009,90.50862390071362
16378,247,3,362.95,120.98333333333333,311,3,At Risk / Hibernating,0.9913158480093667,0.6654337577548332,222.60991860252943,145.21826691339857
16379,4,4,2157.4,539.35,79,1,Champions,0.9995633344080678,2.342164459150326,519.622101533011,1193.1016606361627
16380,61,1,1780.59,1780.59,61,2,Loyal Customers,1.0,0.5724683349113175,416.9460280538009,233.99331385920004
16383,75,2,668.36,334.18,268,2,Loyal Customers,0.9991990156078193,0.4874683960486195,390.13927935952046,186.43954372540577
16384,90,2,584.5,292.25,264,3,At Risk / Hibernating,0.9990994990516094,0.49476144573300795,305.3955242684543,148.12569864859057
16385,60,3,555.89,185.29666666666665,366,2,Loyal Customers,0.9993252509820416,0.5844466944323715,282.2904981888778,161.73836054808697
16386,29,2,317.2,158.6,254,0,Potential Loyalists,0.9993986007867639,0.5102814574172363,342.66430375537004,171.41568375931166
16387,323,1,94.36,94.36,323,3,At Risk / Hibernating,1.0,0.19027895620240504,416.9460280538009,77.77542343750481
16389,53,4,1382.0700000000002,345.51750000000004,283,2,Loyal Customers,0.9992664746843047,0.977719497638801,419.72656563940836,402.3024805451049
16392,270,1,221.19,221.19,270,3,At Risk / Hibernating,1.0,0.22012048426804184,416.9460280538009,89.97298166620061
16393,2,13,3046.21,234.32384615384615,369,1,Champions,0.999794619563939,2.634966748792625,254.25060973010216,656.7637781475892
16394,57,5,1555.34,311.068,290,2,Loyal Customers,0.9991987626193524,1.2124544496341647,334.6952598512446,397.82035309356974
16395,61,5,1486.9,297.38,331,2,Loyal Customers,0.9992259268562835,1.0878903493736676,323.62728078986197,345.14549800661325
16398,154,2,1705.8,852.9,254,2,Loyal Customers,0.998329642805902,0.5097356597385497,471.858121121723,235.79161320026424
16399,19,2,408.57,204.285,235,0,Potential Loyalists,0.9994269387475972,0.5405150649923484,330.68472333541223,175.22410719098954
16400,95,1,303.93,303.93,95,3,At Risk / Hibernating,1.0,0.4565283672980163,416.9460280538009,186.6034395964469
16401,1,12,4098.32,341.52666666666664,328,1,Champions,0.999788535731451,2.6872063727667954,336.71930177491174,887.0357414811383
16402,265,2,299.6,149.8,369,3,At Risk / Hibernating,0.9972545675817653,0.3743206623273344,264.9401948625829,97.22175900070282
16403,312,1,177.5,177.5,312,3,At Risk / Hibernating,1.0,0.19527387847787794,416.9460280538009,79.81706995934152
16404,70,1,443.05,443.05,70,3,At Risk / Hibernating,1.0,0.535386395375701,416.9460280538009,218.8362567774073
16405,302,2,167.25,83.625,310,3,At Risk / Hibernating,0.9907060502368457,0.42975796881908496,298.4682418359421,125.74592593024201
16406,19,1,163.07,163.07,19,0,Potential Loyalists,1.0,0.8556074605824519,416.9460280538009,349.72507746716883
16407,13,10,2126.93,212.69299999999998,312,1,Champions,0.9996683786135495,2.0843018823488912,256.35445041176786,523.8097146680878
16409,36,5,2028.88,405.776,317,2,Loyal Customers,0.9994344531650571,1.1247655060251094,434.27996772923257,478.8547089403325
16411,19,2,214.65,107.325,369,0,Potential Loyalists,0.9994476872580671,0.37514385234970454,262.7927373085041,96.64580655977048
16412,54,1,151.83,151.83,54,3,At Risk / Hibernating,1.0,0.6100253908571814,416.9460280538009,249.34457445004938
16413,57,1,262.2,262.2,57,3,At Risk / Hibernating,1.0,0.5953778621337587,416.9460280538009,243.3574693926252
16414,22,2,126.25,63.125,280,0,Potential Loyalists,0.999429531025877,0.47081386071397036,259.2367323264812,119.65136518191986
16415,44,1,210.35,210.35,44,3,At Risk / Hibernating,1.0,0.658636996609732,416.9460280538009,269.21433052901926
16416,27,3,1051.4,350.4666666666667,56,2,Loyal Customers,0.9991423124104919,2.03391783997684,380.1785273288388,758.0423402595316
16418,45,3,675.27,225.09,226,2,Loyal Customers,0.999299768799521,0.8618197150648176,320.7380474750913,270.9810376768584
16419,113,6,972.23,162.03833333333333,312,2,Loyal Customers,0.998099917895896,1.1410001950387973,233.37398083138848,261.041848042491
16422,17,51,34684.4,680.086274509804,369,1,Champions,0.9995672138394905,9.82227463827265,695.5640868886426,6697.633416236658
16423,25,1,346.12,346.12,25,0,Potential Loyalists,1.0,0.8003708770294453,416.9460280538009,327.14737958121214
16424,191,1,133.56,133.56,191,3,At Risk / Hibernating,1.0,0.2861708176423465,416.9460280538009,116.97069277941594
16425,302,1,302.7,302.7,302,3,At Risk / Hibernating,1.0,0.20053810965994096,416.9460280538009,81.96879503795522
16426,2,10,1908.25,190.825,276,1,Champions,0.999695575686089,1.7803196410497448,288.2996951507144,503.16942133983997
16427,263,2,241.06,120.53,284,3,At Risk / Hibernating,0.9938441077664565,0.4628768430776564,285.010841163715,129.32983118990043
16429,106,1,284.55,284.55,106,3,At Risk / Hibernating,1.0,0.42521324797573734,416.9460280538009,173.80354679285344
16430,57,1,300.85,300.85,57,3,At Risk / Hibernating,1.0,0.5906504285268684,416.9460280538009,241.4251543093273
16431,213,3,642.81,214.26999999999998,297,3,At Risk / Hibernating,0.9974978611582906,0.4480752283244315,362.42091325289493,159.19742976912224
16432,64,1,287.40000000000003,287.40000000000003,64,3,At Risk / Hibernating,1.0,0.5595498093719844,416.9460280538009,228.7129310090923
16433,28,1,184.26,184.26,28,0,Potential Loyalists,1.0,0.7673453072359011,416.9460280538009,313.6483326845508
16434,29,7,1522.25,217.46428571428572,300,2,Loyal Customers,0.9994876506489155,1.6686997883378722,224.29306365571247,366.9155346264568
16438,6,5,798.35,159.67000000000002,82,0,Potential Loyalists,0.9995851520197734,2.8759201359538817,209.05424093824737,589.3975193011971
16440,8,5,3640.67,728.134,215,1,Champions,0.9996020896408887,1.534417227007793,746.1445258924394,1122.3764101056227
16441,67,2,381.2,190.6,291,3,At Risk / Hibernating,0.9992581434782201,0.45634792168934984,302.9940663585167,135.55079584032117
16442,2,3,616.79,205.59666666666666,361,0,Potential Loyalists,0.9995534493100829,0.5927567010603378,300.4464608633124,174.58842151504547
16444,46,4,654.67,163.6675,265,2,Loyal Customers,0.9993061163665001,1.0335504545308147,245.23227976210194,248.4742082029979
16445,34,1,230.51,230.51,34,0,Potential Loyalists,1.0,0.7297081291462637,416.9460280538009,298.26431428360155
16446,1,2,168472.5,84236.25,206,1,Champions,0.999490649683989,0.5997430787833115,78026.82586784834,45875.53478296121
16447,136,1,259.01,259.01,136,3,At Risk / Hibernating,1.0,0.3647493031362866,416.9460280538009,149.08922697078563
16448,198,1,188.89000000000001,188.89000000000001,198,3,At Risk / Hibernating,1.0,0.27866663388270024,416.9460280538009,113.90339848931248
16449,198,2,707.69,353.845,281,3,At Risk / Hibernating,0.9976780314227157,0.46998875972925475,358.7817808816818,165.30642447582966
16450,150,1,311.92,311.92,150,3,At Risk / Hibernating,1.0,0.34131892703706995,416.9460280538009,139.51218542168914
16451,88,1,266.97,266.97,88,3,At Risk / Hibernating,1.0,0.47702121890744975,416.9460280538009,194.97978736207108
16454,45,2,6.9,3.45,64,3,At Risk / Hibernating,0.9989389928422427,1.2350960342461619,224.85432051977887,272.25399644240025
16455,64,7,1841.18,263.0257142857143,371,2,Loyal Customers,0.9992133300829927,1.1908782031493899,315.5973602865704,368.444996599771
16456,99,5,2158.37,431.674,373,2,Loyal Customers,0.9988016393614183,0.9816337085289281,359.48350611710816,345.9396660167172
16457,218,1,208.36,208.36,218,3,At Risk / Hibernating,1.0,0.25924356559595163,416.9460280538009,105.96432543534883
16458,3,18,3482.7400000000002,193.48555555555558,361,1,Champions,0.999835769693982,3.739033147037362,207.79827116237132,761.6813777875251
16460,28,3,814.72,271.5733333333333,82,2,Loyal Customers,0.9992044606249122,1.6949490053670437,329.11626446005744,546.8627287167824
16461,178,1,151.42,151.42,178,3,At Risk / Hibernating,1.0,0.3024606876171741,416.9460280538009,123.62908884763294
16462,74,3,136.0,45.333333333333336,284,3,At Risk / Hibernating,0.9991444979939474,0.722138435119326,185.72617678522928,131.4817610287038
16463,21,4,1422.4,355.6,204,2,Loyal Customers,0.9994663006725801,1.2609278265058057,381.4608855959541,471.533250397709
16464,20,3,1314.68,438.2266666666667,142,2,Loyal Customers,0.9994207880345455,1.205115591936923,447.20742241557605,528.3355726327676
16466,34,7,1603.46,229.06571428571428,293,2,Loyal Customers,0.9994371201271798,1.7009716419932017,276.0058108247987,460.24317030325017
16468,74,1,74.9,74.9,74,3,At Risk / Hibernating,1.0,0.5204044314005793,416.9460280538009,212.7124546117273
16469,24,4,650.43,162.6075,246,2,Loyal Customers,0.9994503816246936,0.8072168937227633,271.51444308491114,214.85979163964066
16470,52,4,762.39,190.5975,359,2,Loyal Customers,0.9993608358470688,0.8060553008524821,247.74347251732203,195.76676781755293
16471,275,1,223.95000000000002,223.95000000000002,275,3,At Risk / Hibernating,1.0,0.21691121163424176,416.9460280538009,88.66120929267805
16473,165,3,316.11,105.37,337,3,At Risk / Hibernating,0.998077928880353,0.6269588978083006,206.16624612637978,126.715144570841
16474,7,7,1871.5,267.35714285714283,145,1,Champions,0.9996118132232343,2.449599041544794,324.6884886424154,779.7119625304088
16475,88,4,544.3,136.075,274,2,Loyal Customers,0.9987741174876908,1.0058140283479933,172.8998452286159,170.48425670123555
16477,64,7,2494.46,356.3514285714286,372,2,Loyal Customers,0.9991600563223331,1.395177347123668,384.4471094843857,525.8210776320942
16478,25,3,331.0,110.33333333333333,66,0,Potential Loyalists,0.9992046966840712,1.897389687667265,193.9717070758634,360.80067880680184
16479,10,2,300.83,150.415,10,0,Potential Loyalists,1.0,0.9423185242075718,416.9460280538009,385.1678312717569
16480,76,1,769.29,769.29,76,3,At Risk / Hibernating,1.0,0.5167890469682096,416.9460280538009,211.23468452120443
16482,16,1,220.62,220.62,16,0,Potential Loyalists,1.0,0.8861871099101,416.9460280538009,362.2243692927614
16483,192,1,139.35,139.35,192,3,At Risk / Hibernating,1.0,0.2850741416717793,416.9460280538009,116.52243243619067
16484,174,2,404.3,202.15,191,3,At Risk / Hibernating,0.996191828652338,0.6323889428298017,279.1642147906747,173.0676869682998
16485,77,1,363.65,363.65,77,3,At Risk / Hibernating,1.0,0.5097069171828498,416.9460280538009,208.33989986882636
16488,33,3,498.8,166.26666666666668,149,0,Potential Loyalists,0.9992928894620432,1.1716390507974634,241.87792214374687,277.81916228154887
16491,47,1,731.5,731.5,47,0,Potential Loyalists,1.0,0.647176515107259,416.9460280538009,264.5299144689541
16493,80,4,1351.63,337.9075,330,2,Loyal Customers,0.9990840676040906,0.8645519883041157,410.4620409334864,347.88527616608155
16494,297,1,826.53,826.53,297,3,At Risk / Hibernating,1.0,0.20383512624174713,416.9460280538009,83.31643216705126
16495,3,3,684.41,228.13666666666666,276,0,Potential Loyalists,0.9994824611106905,0.476298465862353,426.6229668374182,199.2027351103011
16496,9,3,1599.52,533.1733333333333,317,0,Potential Loyalists,0.9995292638132841,0.660489932150888,426.0849643607179,275.8889561112352
16497,50,6,2965.69,494.2816666666667,333,2,Loyal Customers,0.9993397826681781,1.079894441818723,614.1457593429931,650.1667045093254
16498,161,2,100.97,50.485,162,3,At Risk / Hibernating,0.9955009893071092,0.7085649673689747,228.89523527207768,158.99682331253916
16499,360,2,365.45,182.725,365,3,At Risk / Hibernating,0.9869796627146101,0.3747422508683362,292.4415061196564,107.43443343824609
16500,5,6,400.86,66.81,331,0,Potential Loyalists,0.9996298272070631,1.0883300890580692,139.7288496125437,149.07975981534798
16503,107,4,1431.93,357.9825,360,2,Loyal Customers,0.9988366340485132,0.8018764256661567,343.2432207103434,269.8244648078276
16504,25,1,484.38,484.38,25,0,Potential Loyalists,1.0,0.7918508048730493,416.9460280538009,323.66483987382634
16505,32,1,777.6,777.6,32,0,Potential Loyalists,1.0,0.7443110694782242,416.9460280538009,304.23319679938174
16506,20,2,90.30000000000001,45.150000000000006,40,0,Potential Loyalists,0.9992772155806129,1.5076743611090841,240.60234258302333,355.61480679776605
16509,297,1,363.70000000000005,363.70000000000005,297,3,At Risk / Hibernating,1.0,0.20383512624174713,416.9460280538009,83.31643216705126
16510,372,1,248.1,248.1,372,3,At Risk / Hibernating,1.0,0.16870268363576454,416.9460280538009,68.95624331496865
16511,22,3,950.26,316.75333333333333,267,2,Loyal Customers,0.9994673279885601,0.7590329926516207,346.0590916434562,257.50334010105524
16513,5,4,874.59,218.6475,43,0,Potential Loyalists,0.9995483987502976,3.0742629362084433,300.5817529663079,905.8917315859223
16515,52,5,1627.13,325.42600000000004,311,2,Loyal Customers,0.9992827430874494,1.142352368052802,347.0254957515324,388.62743123534585
16516,30,1,101.69999999999999,101.69999999999999,30,0,Potential Loyalists,1.0,0.7518339371168964,416.9460280538009,307.3081333353372
16517,277,1,162.70000000000002,162.70000000000002,277,3,At Risk / Hibernating,1.0,0.21503017704195912,416.9460280538009,87.892346853725
16518,61,2,484.32,242.16,284,3,At Risk / Hibernating,0.9992797858078862,0.4654084770352779,359.9917462132273,164.24747784040335
16519,25,2,215.07999999999998,107.53999999999999,365,0,Potential Loyalists,0.9994323700435129,0.37859592856690477,275.8298828464921,102.37385999454544
16520,186,3,1046.57,348.8566666666666,365,2,Loyal Customers,0.9978451301349279,0.5849258129951482,381.2210656414477,218.59969354430137
16523,2,21,9418.470000000001,448.4985714285715,316,1,Champions,0.9998417065154573,4.177208860924136,504.2819400956702,2065.0556160534643
16525,2,26,13027.45,501.0557692307693,367,1,Champions,0.9998740796339225,5.342396090930851,500.7346718128259,2622.502218908998
16526,172,1,290.36,290.36,172,3,At Risk / Hibernating,1.0,0.31002398168368,416.9460280538009,126.7205444604823
16527,81,1,228.06,228.06,81,3,At Risk / Hibernating,1.0,0.49610945640804094,416.9460280538009,202.78200691206723
16528,4,1,244.41,244.41,4,0,Potential Loyalists,1.0,1.0340116510919786,416.9460280538009,422.64699091651573
16529,190,1,455.25,455.25,190,3,At Risk / Hibernating,1.0,0.2872759640374873,416.9460280538009,117.42241536473252
16531,22,7,1244.59,177.79857142857142,360,2,Loyal Customers,0.9995809191660359,1.4315544951449926,228.55245007445407,320.74932448041176
16532,18,3,6748.8,2249.6,339,2,Loyal Customers,0.9994995396444436,0.6247663975921465,1682.0529840097292,1030.218213351126
16533,19,3,1095.56,365.18666666666667,68,2,Loyal Customers,0.9993234322228356,1.8560497137664536,380.5197216856926,692.3714974794392
16535,5,1,593.75,593.75,5,0,Potential Loyalists,1.0,1.0060419152691307,416.9460280538009,411.2144841588212
16536,110,1,548.97,548.97,110,3,At Risk / Hibernating,1.0,0.4157082242838068,416.9460280538009,169.9184179027716
16539,3,4,1388.81,347.2025,373,0,Potential Loyalists,0.9996002150986483,0.778885548728675,343.8722192780946,262.56850935827345
16542,54,1,119.62,119.62,54,3,At Risk / Hibernating,1.0,0.6100253908571814,416.9460280538009,249.34457445004938
16545,165,1,339.3,339.3,165,3,At Risk / Hibernating,1.0,0.3193402646708974,416.9460280538009,130.5285249621494
16546,291,2,787.15,393.575,373,3,At Risk / Hibernating,0.9964009730980061,0.37145580521783994,449.64463545480044,163.73758747593968
16549,10,10,4154.64,415.46400000000006,334,1,Champions,0.9996717774728145,1.7472899093169376,553.6857423673963,948.4191963220339
16550,109,5,2298.97,459.794,368,2,Loyal Customers,0.9986131490336076,0.9926782850643956,431.7612619816623,420.16911854343533
16551,96,3,922.12,307.37333333333333,337,2,Loyal Customers,0.9990558957702307,0.6275732236295906,346.5456095226737,213.2046617023347
16552,243,2,379.73,189.865,374,3,At Risk / Hibernating,0.9978345437650505,0.3711485507621778,355.7522493645298,129.43962440974127
16553,163,12,5719.82,476.65166666666664,360,2,Loyal Customers,0.9948410519302732,1.2160698228771334,745.4998706731388,888.7467952541939
16554,42,3,837.1,279.03333333333336,332,2,Loyal Customers,0.9993930623887093,0.6356329570090059,417.6909513407122,260.27554666035417
16555,35,2,285.89,142.945,110,0,Potential Loyalists,0.999240222985459,0.9230493921659909,286.2346610601255,259.0116502660825
16556,67,7,3313.79,473.3985714285714,360,2,Loyal Customers,0.999085124766749,1.4308444408738896,486.90265835695345,682.9777418559613
16557,24,2,281.85,140.925,137,0,Potential Loyalists,0.9993613411494727,0.7976555828412641,307.8431640612753,240.722669163798
16558,1,20,8338.49,416.92449999999997,367,1,Champions,0.9998611079273931,4.101249525212524,409.3644823236811,1645.8810609708519
16560,27,2,841.41,420.705,358,0,Potential Loyalists,0.9994287376934292,0.3848016260655904,459.5645038981579,173.36251700962174
16561,6,2,511.12,255.56,60,0,Potential Loyalists,0.9994521876277412,1.2840192156491586,338.07382459675864,425.55470231324443
16563,54,1,1077.74,1077.74,54,2,Loyal Customers,1.0,0.6100253908571814,416.9460280538009,249.34457445004938
16565,364,1,173.7,173.7,364,3,At Risk / Hibernating,1.0,0.17181998815269117,416.9460280538009,70.23042396023831
16566,15,5,614.66,122.93199999999999,293,0,Potential Loyalists,0.9995672524085168,1.202821558821233,194.69122945383296,229.57235701588272
16567,194,2,865.6,432.8,337,3,At Risk / Hibernating,0.9983254139955898,0.4052587040118557,366.65117372501567,145.6656904156042
16569,3,1,124.2,124.2,3,0,Potential Loyalists,1.0,1.0340116510919786,416.9460280538009,422.64699091651573
16570,15,10,3738.4,373.84000000000003,312,1,Champions,0.9996432648259329,2.0897344126410817,411.7931186998724,843.611025883873
16571,27,3,1421.69,473.8966666666667,282,2,Loyal Customers,0.9994482521780464,0.7264861176396172,464.6873147903188,330.9482369061875
16572,127,3,1009.6,336.53333333333336,276,2,Loyal Customers,0.9983696669645127,0.7383608974598389,364.22769114592245,263.6413886122086
16573,85,2,663.61,331.805,290,3,At Risk / Hibernating,0.9991713224765154,0.4575794748892268,395.718050811837,177.51059047295877
16574,71,1,451.44,451.44,71,3,At Risk / Hibernating,1.0,0.5315606090478071,416.9460280538009,217.27248589139984
16581,183,1,105.84,105.84,183,3,At Risk / Hibernating,1.0,0.2964342221557534,416.9460280538009,121.16580369853045
16582,113,1,313.62,313.62,113,3,At Risk / Hibernating,1.0,0.4088537293250076,416.9460280538009,167.11667890587626
16583,374,1,233.45,233.45,374,3,At Risk / Hibernating,1.0,0.16832095589037088,416.9460280538009,68.8002142525221
16584,80,2,936.08,468.04,254,2,Loyal Customers,0.9991435614533083,0.5085716132419553,374.08645686924547,186.5073722781312
16586,249,1,463.95,463.95,249,3,At Risk / Hibernating,1.0,0.2347051557808809,416.9460280538009,95.93438541334791
16587,232,1,225.15,225.15,232,3,At Risk / Hibernating,1.0,0.2471834875372397,416.9460280538009,101.03483474191951
16589,71,3,459.24,153.08,161,2,Loyal Customers,0.9987409009629663,1.1047953000061512,261.4081398666205,283.12161472276364
16591,69,1,213.5,213.5,69,3,At Risk / Hibernating,1.0,0.5432055950917629,416.9460280538009,222.03231533374117
16592,4,16,4113.68,257.105,288,1,Champions,0.9997237608142616,2.230795817419792,452.16909426348167,988.855410955633
16593,51,3,330.03,110.00999999999999,328,0,Potential Loyalists,0.9993503956107381,0.6420265973270286,235.7774934114808,148.3977317013785
16594,75,1,181.09,181.09,75,3,At Risk / Hibernating,1.0,0.5167890469682096,416.9460280538009,211.23468452120443
16595,61,1,360.16,360.16,61,3,At Risk / Hibernating,1.0,0.5724683349113175,416.9460280538009,233.99331385920004
16596,16,2,250.15,125.075,366,0,Potential Loyalists,0.9994569440800333,0.377734797332694,284.1980400249669,105.2397715620595
16597,4,1,90.04,90.04,4,0,Potential Loyalists,1.0,1.0198350377202603,416.9460280538009,416.8523623056601
16598,286,1,145.05,145.05,286,3,At Risk / Hibernating,1.0,0.21016997698089276,416.9460280538009,85.90576711021204
16600,4,6,813.52,135.58666666666667,339,0,Potential Loyalists,0.9996612595687904,1.2880159018937594,190.34577886015424,240.34575618267954
16601,41,1,244.8,244.8,41,3,At Risk / Hibernating,1.0,0.6828203839365179,416.9460280538009,279.09917305381475
16602,36,1,528.08,528.08,36,0,Potential Loyalists,1.0,0.7088474102284074,416.9460280538009,289.73759499029745
16603,75,2,482.47,241.235,91,3,At Risk / Hibernating,0.9984171854831241,1.0260763549940435,310.22153102977114,312.0497276306359
16607,18,14,3347.71,239.12214285714285,359,1,Champions,0.9996784780847754,2.9132166891618705,242.0539048191155,691.284711057484
16609,15,7,5493.46,784.78,253,1,Champions,0.99959438230292,1.9132379505982628,756.6717066388446,1419.216297219156
16610,219,1,75.66,75.66,219,3,At Risk / Hibernating,1.0,0.2583432395482752,416.9460280538009,105.59632209765707
16611,186,1,129.49,129.49,186,3,At Risk / Hibernating,1.0,0.2917832473659613,416.9460280538009,119.26474296105053
16612,33,4,1187.66,296.915,312,2,Loyal Customers,0.9994498875919892,0.9058386062687075,334.5452748669759,297.0829145056498
16613,70,1,618.59,618.59,70,3,At Risk / Hibernating,1.0,0.535386395375701,416.9460280538009,218.8362567774073
16614,183,1,506.19,506.19,183,3,At Risk / Hibernating,1.0,0.2964342221557534,416.9460280538009,121.16580369853045
16616,15,2,500.42,250.21,157,0,Potential Loyalists,0.999422583622465,0.7270972723532617,358.4677440780746,255.51395584179718
16617,236,1,151.85,151.85,236,3,At Risk / Hibernating,1.0,0.24474372916082296,416.9460280538009,100.03759693132727
16618,31,5,2647.59,529.518,323,2,Loyal Customers,0.9994610646677776,0.880362926009554,577.4587599135153,498.3731756721659
16619,264,1,226.21,226.21,264,3,At Risk / Hibernating,1.0,0.22409923079679753,416.9460280538009,91.5992722480983
16620,4,2,178.96,89.48,261,0,Potential Loyalists,0.9994820575817579,0.49946470500786405,262.81582824994587,128.68508621553656
16621,52,4,813.48,203.37,278,2,Loyal Customers,0.999276847356221,0.9946857071598344,272.8505985537387,266.061950994587
16623,246,1,129.45000000000002,129.45000000000002,246,3,At Risk / Hibernating,1.0,0.23694795938330526,416.9460280538009,96.85111900403754
16624,81,2,810.57,405.285,197,2,Loyal Customers,0.9990211374794183,0.6174931994671784,401.7955865992943,243.22561292990707
16625,275,1,333.08,333.08,275,3,At Risk / Hibernating,1.0,0.21691121163424176,416.9460280538009,88.66120929267805
16626,1,17,4413.1,259.59411764705885,267,1,Champions,0.9998419491260424,4.519598607740562,239.04192367391454,1059.122406709631
16627,79,1,322.8,322.8,79,3,At Risk / Hibernating,1.0,0.5028162745542563,416.9460280538009,205.5233846940691
16628,30,5,2188.05,437.61,235,2,Loyal Customers,0.9994270160957099,1.4328779448591498,447.84729277071733,629.0877476334174
16629,74,2,417.73,208.865,96,3,At Risk / Hibernating,0.9985197219029701,0.9950766351962562,307.9586187684838,300.4146216805045
16633,17,6,2883.1,480.51666666666665,234,1,Champions,0.9995523087171283,1.7299382602499533,473.8527382847499,803.6114333083519
16634,223,2,217.9,108.95,372,3,At Risk / Hibernating,0.9981724253656815,0.37211619821850955,248.915081502038,90.8032947387561
16637,32,4,1154.47,288.6175,226,2,Loyal Customers,0.9993893881597257,1.1707634767155797,320.91857307096313,368.3291292633179
16638,23,10,1680.72,168.072,369,1,Champions,0.9996128295611472,2.022958546826709,208.17859931690424,412.85266017935885
16639,31,3,1257.51,419.17,236,2,Loyal Customers,0.9993988095000816,0.8363854141065918,453.40894577209514,371.7650160494266
16641,106,1,231.1,231.1,106,3,At Risk / Hibernating,1.0,0.4276578104430879,416.9460280538009,174.80274898248598
16642,5,2,688.33,344.165,208,0,Potential Loyalists,0.9994768873618957,0.5953882349096796,400.1607479452215,233.5644210367894
16643,246,1,487.51,487.51,246,3,At Risk / Hibernating,1.0,0.23694795938330526,416.9460280538009,96.85111900403754
16644,178,2,833.78,416.89,212,3,At Risk / Hibernating,0.9968753338800742,0.5832703436933834,275.8252646582038,157.71604770046363
16647,170,2,214.06,107.03,205,3,At Risk / Hibernating,0.997035482715279,0.6004616712099247,264.25208480762007,155.55202503302286
16648,43,1,290.66,290.66,43,3,At Risk / Hibernating,1.0,0.6705106996842412,416.9460280538009,274.0676490911154
16650,72,1,518.42,518.42,72,3,At Risk / Hibernating,1.0,0.5315606090478071,416.9460280538009,217.27248589139984
16652,59,7,6773.97,967.71,273,2,Loyal Customers,0.9991355837989365,1.2691002842043444,1098.0276593884848,1366.0960795170072
16653,16,2,1212.66,606.33,71,0,Potential Loyalists,0.9993642279665815,1.1738198604929058,268.172926664422,308.59483485492484
16654,141,4,601.27,150.3175,368,2,Loyal Customers,0.9982570393833676,0.7867391878947236,206.40722312976976,159.1943238693027
16655,18,6,3794.52,632.42,332,1,Champions,0.9995881305538322,1.3104610072661589,562.5240845979863,722.6653205291046
16656,22,15,8625.8,575.0533333333333,365,1,Champions,0.999622912355541,3.0804443809109086,572.5504424211707,1729.016734892555
16657,10,4,933.62,233.405,255,0,Potential Loyalists,0.9995622277830979,1.065824495109542,282.5592634697139,295.2346021326922
16658,368,1,123.24,123.24,368,3,At Risk / Hibernating,1.0,0.17024706722908145,416.9460280538009,69.58750139895466
16659,189,1,39.12,39.12,189,3,At Risk / Hibernating,1.0,0.2883896793730321,416.9460280538009,117.87764045999776
16660,16,4,1267.65,316.9125,320,2,Loyal Customers,0.999500323166575,0.6553636542215356,464.6999516183504,298.5567413245757
16665,362,1,135.4,135.4,362,3,At Risk / Hibernating,1.0,0.17261739844071644,416.9460280538009,70.55636092235173
16666,19,1,118.98,118.98,19,0,Potential Loyalists,1.0,0.8458779098923013,416.9460280538009,345.74816836534876
16667,68,2,570.13,285.065,284,3,At Risk / Hibernating,0.9992471613419596,0.4653932823888769,393.7784117307335,179.6568950763522
16668,15,6,306.72,51.120000000000005,285,0,Potential Loyalists,0.9995881449367776,1.484948055676965,120.32543789283429,175.16234570524404
16669,24,3,1374.87,458.28999999999996,78,2,Loyal Customers,0.9993049685981862,1.1178395584406917,522.4411374439272,572.5179132548847
16670,17,11,4095.9,372.3545454545455,359,1,Champions,0.99966080283427,2.0704337524697296,411.0215645773721,834.2533862251023
16671,28,3,1692.27,564.09,165,2,Loyal Customers,0.9993629808949178,1.0912476228953703,251.24497092218755,268.77742182097705
16672,2,20,8134.9400000000005,406.747,267,1,Champions,0.99983187259734,4.788131958537268,409.867581025046,1923.8973697534177
16674,55,2,319.61,159.805,98,3,At Risk / Hibernating,0.9989604326762735,0.9835902024960316,315.5601566910939,304.27657941898303
16676,34,4,1592.12,398.03,337,2,Loyal Customers,0.9994565713179706,0.847831468601363,387.2875250002746,321.8955460722706
16678,3,12,3109.99,259.1658333333333,283,1,Champions,0.9997804155897311,3.03169027353031,269.92221715642853,802.2239217450036
16679,366,1,129.75,129.75,366,3,At Risk / Hibernating,1.0,0.17102991131587994,416.9460280538009,69.90748450613242
16680,43,1,183.7,183.7,43,3,At Risk / Hibernating,1.0,0.6645208110997811,416.9460280538009,271.6193111494694
16681,73,6,1770.3400000000001,295.0566666666667,253,2,Loyal Customers,0.9986034598664164,1.6263113374705058,317.0344235735068,505.4546427154391
16682,5,5,1028.0,205.6,188,0,Potential Loyalists,0.9996195495479505,1.6962928580574954,191.34973358887822,318.20049654310867
16684,4,28,66653.56,2380.4842857142858,358,1,Champions,0.999807720293206,3.3350174997343527,4107.562364379584,13429.33063219778
16685,61,2,324.24,162.12,61,3,At Risk / Hibernating,1.0,0.5724683349113175,416.9460280538009,233.99331385920004
16686,47,7,3062.83,437.54714285714283,355,2,Loyal Customers,0.9993476356635762,1.4480983015827995,444.3241458243888,630.7684280085629
16688,1,4,1260.8600000000001,315.21500000000003,61,0,Potential Loyalists,0.9995952115257135,2.669145517553014,375.2381211394239,981.8649462340819
16689,76,2,422.6,211.3,82,3,At Risk / Hibernating,0.9982153121149906,1.0870321608758915,283.7085120664027,302.3339949648187
16690,72,2,225.58,112.79,202,3,At Risk / Hibernating,0.999102608533593,0.6083932932000563,288.62226440519805,172.14174759227726
16692,256,2,1276.0,638.0,289,2,Loyal Customers,0.9949701175925978,0.45692842629171615,809.7478672382274,362.7186300659385
16693,69,2,482.01,241.005,272,3,At Risk / Hibernating,0.9992344548598945,0.4831838041722676,374.22962070618405,177.26476334421233
16696,135,4,657.9,164.475,248,2,Loyal Customers,0.99672240553285,1.082914039332861,266.0972666030368,282.492169815305
16697,241,1,112.75,112.75,241,3,At Risk / Hibernating,1.0,0.24000590185558213,416.9460280538009,98.10103612189704
16698,227,2,1998.0,999.0,253,2,Loyal Customers,0.9953679368185452,0.5082234466471165,601.2366660196095,299.55188579248784
16700,9,13,5076.55,390.50384615384615,366,1,Champions,0.9997542666389674,2.6530314872591134,396.91296317800874,1032.3090647181036
16701,9,13,5398.3,415.25384615384615,362,1,Champions,0.9997437247763092,2.474621747728477,444.4942412723159,1078.3183941436564
16705,1,20,14034.99,701.7495,359,1,Champions,0.9997947656862461,2.4921348077256944,1100.597777054408,2688.884915833299
16706,37,3,531.35,177.11666666666667,114,0,Potential Loyalists,0.9991600091788229,1.3891784561734768,229.26636776818694,312.2271112073032
16708,46,1,656.63,656.63,46,0,Potential Loyalists,1.0,0.652856463211683,416.9460280538009,266.8515656011271
16709,85,5,3029.87,605.9739999999999,282,2,Loyal Customers,0.9988774956911136,0.9829240937196736,575.0363952003058,554.0989056634837
16710,19,10,2483.04,248.304,368,1,Champions,0.9996298705088551,1.8171352773646565,282.96335956285964,504.0683991798031
16711,3,5,1651.03,330.206,358,1,Champions,0.9996351630049558,1.0193540328247568,372.23384897144877,371.97422736171706
16712,9,11,3645.43,331.40272727272725,276,1,Champions,0.9996842836547236,2.3018322573353207,410.30054088624706,925.8654416104239
16713,19,15,6923.13,461.54200000000003,366,1,Champions,0.9996743123617275,3.066439470857011,461.2216662567313,1386.48815994206
16714,219,3,1161.53,387.1766666666667,317,2,Loyal Customers,0.997675285489267,0.42493193328288953,231.31978412345694,96.36159951264236
16715,78,1,301.71999999999997,301.71999999999997,78,3,At Risk / Hibernating,1.0,0.5062381486691934,416.9460280538009,206.92205834880286
16716,267,2,901.2,450.6,311,3,At Risk / Hibernating,0.995421038425839,0.4306668314424375,301.42388234048065,127.25971348670777
16717,24,6,3858.38,643.0633333333334,366,1,Champions,0.9995611497348015,1.2049861341987695,654.7913330637488,773.4939671185323
16718,369,1,623.75,623.75,369,3,At Risk / Hibernating,1.0,0.16985832650080251,416.9460280538009,69.42860581822141
16719,15,7,1790.42,255.77428571428572,369,1,Champions,0.9996346011670705,1.4054225674355156,257.56986895337786,354.87381649157123
16720,26,1,155.24,155.24,26,0,Potential Loyalists,1.0,0.7835102225248187,416.9460280538009,320.25566588018444
16721,262,1,292.47,292.47,262,3,At Risk / Hibernating,1.0,0.22477638140037942,416.9460280538009,91.87605380537597
16722,17,13,4730.81,363.90846153846155,368,1,Champions,0.9996778291017994,2.6406877945458516,359.73355269686647,931.2580849297794
16723,91,2,589.15,294.575,108,3,At Risk / Hibernating,0.9980759422631877,0.9324535727127867,300.59260844857914,274.77527784232433
16725,302,7,781.02,111.57428571428571,371,2,Loyal Customers,0.7839353630662079,0.9343065273919133,185.6761341614071,170.0659710820734
16726,26,5,1382.02,276.404,361,2,Loyal Customers,0.9995012091127176,0.8005437813096576,417.33301002090514,327.5214404055311
16727,364,1,272.82,272.82,364,3,At Risk / Hibernating,1.0,0.17181998815269117,416.9460280538009,70.23042396023831
16728,46,4,1054.67,263.6675,264,2,Loyal Customers,0.9993061163665001,1.0335504545308147,315.9562065078275,320.13309306186926
16729,38,21,7239.92,344.7580952380952,241,1,Champions,0.9983037991990648,5.456140869061898,376.80178581972206,2015.4443042313533
16730,52,3,743.11,247.70333333333335,319,2,Loyal Customers,0.9993338164284136,0.6552544772039353,329.18260780722346,211.45540027380932
16732,32,1,603.75,603.75,32,0,Potential Loyalists,1.0,0.7443110694782242,416.9460280538009,304.23319679938174
16734,52,3,650.51,216.83666666666667,114,2,Loyal Customers,0.9990620695176621,0.8976631328302894,383.4198153999836,337.4116430606232
16735,79,5,2300.56,460.11199999999997,334,2,Loyal Customers,0.9991053587816158,0.8538430946542939,510.42239729017797,427.24768998117776
16737,53,1,417.6,417.6,53,3,At Risk / Hibernating,1.0,0.6100253908571814,416.9460280538009,249.34457445004938
16738,298,1,3.75,3.75,298,3,At Risk / Hibernating,1.0,0.20327811545284508,416.9460280538009,83.08875711407012
16739,177,1,323.0,323.0,177,3,At Risk / Hibernating,1.0,0.3036955050590286,416.9460280538009,124.13381380318333
16742,47,1,464.9,464.9,47,3,At Risk / Hibernating,1.0,0.647176515107259,416.9460280538009,264.5299144689541
16743,29,7,2238.09,319.7271428571429,359,2,Loyal Customers,0.9995182536347443,1.2275099394207951,372.03047873169345,447.68805193410833
16744,11,7,1304.76,186.3942857142857,173,1,Champions,0.9995980518831539,2.5378458903058942,234.55773833128404,583.5623603529914
16745,87,17,7194.3,423.1941176470588,312,1,Champions,0.9882682907368934,3.9382788996777545,433.4830360198784,1673.5963552888907
16746,5,18,6697.66,372.09222222222223,359,1,Champions,0.9998148263882799,3.545754195236124,400.33603016168286,1391.5710747955377
16747,38,2,836.0600000000001,418.03000000000003,68,2,Loyal Customers,0.9990902198301579,1.2080246363773655,388.7353501198646,460.3648029663679
16748,18,5,1515.9,303.18,334,2,Loyal Customers,0.9995658744141424,1.0774583961308795,294.8083309371874,311.39542152760055
16750,45,5,623.93,124.78599999999999,232,2,Loyal Customers,0.9992440608429628,1.4421353010479259,191.87825524075112,271.2712990174598
16751,31,1,1764.72,1764.72,31,2,Loyal Customers,1.0,0.7518339371168964,416.9460280538009,307.3081333353372
16752,373,1,207.5,207.5,373,3,At Risk / Hibernating,1.0,0.16870268363576454,416.9460280538009,68.95624331496865
16753,58,1,223.92000000000002,223.92000000000002,58,3,At Risk / Hibernating,1.0,0.5859974786974553,416.9460280538009,239.52328413305474
16754,372,1,2002.4,2002.4,372,3,At Risk / Hibernating,1.0,0.16870268363576454,416.9460280538009,68.95624331496865
16755,114,3,1496.83,498.9433333333333,316,2,Loyal Customers,0.9988000174744824,0.6617269596244422,526.5319511770826,341.56665337249086
16756,215,1,239.4,239.4,215,3,At Risk / Hibernating,1.0,0.26290850994245835,416.9460280538009,107.46235136551911
16757,319,1,106.83000000000001,106.83000000000001,319,3,At Risk / Hibernating,1.0,0.19224594434773853,416.9460280538009,78.57941882664375
16758,65,1,369.34000000000003,369.34000000000003,65,3,At Risk / Hibernating,1.0,0.5553722353508629,416.9460280538009,227.0053685269044
16759,8,3,789.79,263.2633333333333,31,0,Potential Loyalists,0.9994176108233611,1.66027388757195,395.69957805868364,644.0474009987772
16761,97,1,316.62,316.62,97,3,At Risk / Hibernating,1.0,0.45099275193784377,416.9460280538009,184.34078538192955
16762,20,3,1501.38,500.46000000000004,144,2,Loyal Customers,0.9994223071143158,1.193799890024525,528.5727989041898,618.5979605033107
16763,199,1,611.8499999999999,611.8499999999999,199,3,At Risk / Hibernating,1.0,0.27866663388270024,416.9460280538009,113.90339848931248
16764,4,13,2799.25,215.32692307692307,143,1,Champions,0.9997674726308093,5.443739646660792,236.10905052581188,1260.034573592427
16765,294,1,34.0,34.0,294,3,At Risk / Hibernating,1.0,0.20495835604064036,416.9460280538009,83.77554608371102
16766,273,2,1145.6,572.8,273,3,At Risk / Hibernating,1.0,0.21754555784720792,416.9460280538009,88.92049478434917
16767,31,11,5580.6,507.32727272727277,316,1,Champions,0.9994912774764486,1.8286521199925823,514.4259495747265,922.201888667229
16768,48,3,478.09000000000003,159.36333333333334,272,2,Loyal Customers,0.9993245590190848,0.7477628429565141,246.64832472568463,180.80648170553434
16769,260,1,380.39,380.39,260,3,At Risk / Hibernating,1.0,0.22614303398856098,416.9460280538009,92.4346654809573
16770,58,5,770.1,154.02,372,2,Loyal Customers,0.9993124263571004,0.9843628672273611,217.83389548492744,210.20963154600832
16771,33,5,2246.81,449.36199999999997,338,2,Loyal Customers,0.9994697298289489,1.0667660488869728,471.6114073375305,493.20269850499346
16773,57,1,171.59,171.59,57,3,At Risk / Hibernating,1.0,0.5906504285268684,416.9460280538009,241.4251543093273
16774,68,4,661.52,165.38,179,2,Loyal Customers,0.9986817828593911,1.3925774490643423,241.0381557244638,329.0616586662889
16775,10,11,1695.66,154.1509090909091,367,1,Champions,0.9997194040297549,2.2341618940338424,174.61596529416357,382.4464402687838
16776,60,1,388.28,388.28,60,3,At Risk / Hibernating,1.0,0.5769080982349951,416.9460280538009,235.80804501970792
16777,80,2,226.35,113.175,257,3,At Risk / Hibernating,0.9991482797105032,0.5038932743180818,247.0678061867014,122.04686266294448
16778,74,2,245.94,122.97,274,3,At Risk / Hibernating,0.999206165579537,0.47894362447018807,294.9399459836492,138.4808999866779
16779,2,22,10629.72,483.16909090909087,367,1,Champions,0.9998530535373233,4.308061453879645,508.31656151605966,2146.7835026025227
16780,100,2,425.19,212.595,259,3,At Risk / Hibernating,0.9990105569642614,0.5007513224148896,345.98939932297594,169.84657557396514
16781,372,1,311.25,311.25,372,3,At Risk / Hibernating,1.0,0.16870268363576454,416.9460280538009,68.95624331496865
16782,10,13,2279.9,175.37692307692308,366,1,Champions,0.9997388331787678,2.659103291668015,181.84768036684002,474.04004158221323
16784,20,1,107.6,107.6,20,0,Potential Loyalists,1.0,0.8458779098923013,416.9460280538009,345.74816836534876
16788,123,2,597.48,298.74,254,3,At Risk / Hibernating,0.9987779583782371,0.5083855185175649,363.08131417812774,180.95432672749314
16789,8,1,80.80000000000001,80.80000000000001,8,0,Potential Loyalists,1.0,0.9668139491007275,416.9460280538009,395.18022674505374
16790,4,6,1545.6200000000001,257.60333333333335,38,1,Champions,0.9996219345177206,4.946005453686231,221.7714009644356,1075.3083597109721
16791,29,7,1721.78,245.96857142857144,332,2,Loyal Customers,0.9995047763944637,1.3070839183018625,316.65488315686673,405.75291599385906
16792,282,2,110.38,55.19,282,3,At Risk / Hibernating,1.0,0.21196658521344985,416.9460280538009,86.64012072799322
16793,57,1,243.84,243.84,57,3,At Risk / Hibernating,1.0,0.5906504285268684,416.9460280538009,241.4251543093273
16794,1,10,1222.71,122.271,180,1,Champions,0.9997409413583955,3.189482213389089,156.44338641374515,489.158593280137
16795,365,1,414.88,414.88,365,3,At Risk / Hibernating,1.0,0.17142403939022,416.9460280538009,70.06858213503683
16796,89,1,305.62,305.62,89,3,At Risk / Hibernating,1.0,0.4709807600913632,416.9460280538009,192.51078080038636
16800,11,1,1201.49,1201.49,11,0,Potential Loyalists,1.0,0.9305304735307653,416.9460280538009,380.34951849305605
16801,163,4,1619.73,404.9325,273,2,Loyal Customers,0.9953358565497755,1.0023515326505927,324.9950599718846,319.3513862986212
16803,65,1,332.3,332.3,65,3,At Risk / Hibernating,1.0,0.5553722353508629,416.9460280538009,227.0053685269044
16804,23,3,536.99,178.99666666666667,270,0,Potential Loyalists,0.9994209247309129,0.4846997378035388,417.8668818427227,198.55582162649938
16805,174,2,460.59000000000003,230.29500000000002,360,3,At Risk / Hibernating,0.9986928340782547,0.3827254871345622,337.91680619495503,126.78532942582277
16806,103,4,801.49,200.3725,239,2,Loyal Customers,0.9981360711205208,1.1161410361403494,251.14054493475652,274.7944370656175
16807,143,3,1121.59,373.8633333333333,271,2,Loyal Customers,0.9979447525315632,0.7489333336917531,390.55652234980937,286.74707808213793
16808,99,2,288.42,144.21,274,3,At Risk / Hibernating,0.9990514327144427,0.4788694572744824,280.697453302404,131.7733221640143
16809,23,5,914.69,182.93800000000002,262,2,Loyal Customers,0.9995008519274614,1.3117575965318926,229.66464938454416,295.33830458686856
16810,192,1,309.54,309.54,192,3,At Risk / Hibernating,1.0,0.2850741416717793,416.9460280538009,116.52243243619067
16811,5,2,547.07,273.535,17,0,Potential Loyalists,0.9994443254881338,1.9114437596559881,331.67301562911734,621.5045136649762
16812,361,1,479.35,479.35,361,3,At Risk / Hibernating,1.0,0.17342224475929724,416.9460280538009,70.88533732123224
16813,8,10,1692.98,169.298,204,1,Champions,0.9996878125201301,3.2384596178830964,194.0531652020769,616.0720045824739
16814,14,21,6509.1,309.95714285714286,370,1,Champions,0.9997373912400721,4.278060502653562,317.5802990581735,1331.9029230677322
16816,103,4,417.06,104.265,358,2,Loyal Customers,0.9988706587851423,0.8056599383318093,198.5831531591557,156.84334016848567
16817,3,9,1604.75,178.30555555555554,368,1,Champions,0.9997396523450374,1.817334839675894,201.4585731349091,358.91591395658804
16818,11,11,3349.57,304.50636363636363,206,1,Champions,0.9996735523565586,3.554916526843907,293.8589666636278,1024.0958970257584
16820,96,1,497.61,497.61,96,3,At Risk / Hibernating,1.0,0.45374367658505516,416.9460280538009,185.46521163064705
16823,227,1,358.38,358.38,227,3,At Risk / Hibernating,1.0,0.2513596717158101,416.9460280538009,102.74182706787143
16824,16,2,460.64,230.32,164,0,Potential Loyalists,0.999424829994111,0.7052505982697537,334.1853100579751,231.0483300875972
16825,39,2,775.18,387.59,186,2,Loyal Customers,0.9993152304217415,0.6468614725688462,435.20356067715664,275.97879061814695
16826,51,1,341.7,341.7,51,3,At Risk / Hibernating,1.0,0.6201974947200376,416.9460280538009,253.5023718707435
16828,93,2,128.5,64.25,112,3,At Risk / Hibernating,0.998099285741444,0.9067099204474905,231.31978412345694,205.61427989807183
16829,157,1,197.22,197.22,157,3,At Risk / Hibernating,1.0,0.3306974405473046,416.9460280538009,135.1707096385539
16830,39,1,325.91,325.91,39,0,Potential Loyalists,1.0,0.6955905116847341,416.9460280538009,284.31890129330804
16832,184,3,199.15,66.38333333333334,217,3,At Risk / Hibernating,0.9918713440076785,0.8823350070448731,197.81014359046895,171.10160217079454
16833,1,4,1106.53,276.6325,334,0,Potential Loyalists,0.9995532589917903,0.6310019540376356,405.3068598697215,250.71859744909204
16834,228,1,413.46,413.46,228,3,At Risk / Hibernating,1.0,0.2513596717158101,416.9460280538009,102.74182706787143
16835,128,2,180.85,90.425,373,3,At Risk / Hibernating,0.99904912787273,0.3716003201804253,270.1587476284088,98.41627748309585
16836,40,2,251.87,125.935,117,0,Potential Loyalists,0.9992151104358555,0.8880923114736814,298.5375146602672,259.91368096610796
16837,31,11,3170.98,288.2709090909091,246,1,Champions,0.9993742621825892,2.528301148301417,382.75986166729274,948.6966154961613
16838,197,2,588.85,294.425,288,3,At Risk / Hibernating,0.9977961738977438,0.4595099585489306,315.24611988748666,142.00922299173016
16839,9,34,16594.35,488.06911764705876,370,1,Champions,0.9998318090460098,6.538118985640992,513.844802811527,3293.4942964763577
16841,37,6,1869.82,311.63666666666666,288,2,Loyal Customers,0.9994048827660248,1.472164027475408,330.6102923225563,477.1386605663633
16842,101,3,1264.19,421.3966666666667,302,2,Loyal Customers,0.9989225418623868,0.6850001825051526,388.42721682648084,260.83883772496813
16843,43,16,10196.57,637.285625,327,1,Champions,0.9992273077985873,2.6856979185048524,815.7099908010339,2147.65753712431
16846,50,1,214.32,214.32,50,3,At Risk / Hibernating,1.0,0.6254118329543538,416.9460280538009,255.63370703390643
16847,43,1,193.44,193.44,43,3,At Risk / Hibernating,1.0,0.6645208110997811,416.9460280538009,271.6193111494694
16848,53,1,281.42,281.42,53,3,At Risk / Hibernating,1.0,0.6150693878726767,416.9460280538009,251.4062834017911
16849,187,1,124.57,124.57,187,3,At Risk / Hibernating,1.0,0.2917832473659613,416.9460280538009,119.26474296105053
16850,334,1,332.41,332.41,334,3,At Risk / Hibernating,1.0,0.185071603490638,416.9460280538009,75.64694721185339
16851,4,3,342.45,114.14999999999999,52,0,Potential Loyalists,0.9995117563016874,2.11947604997132,226.59367863949865,470.8133936991404
16852,10,2,144.91,72.455,176,0,Potential Loyalists,0.9994503714082448,0.6707186612283941,239.10143138931235,157.21521048709957
16855,24,2,328.40000000000003,164.20000000000002,43,0,Potential Loyalists,0.9992247979157401,1.4671956434540612,306.22679816035577,440.4571224590635
16856,15,1,35.400000000000006,35.400000000000006,15,0,Potential Loyalists,1.0,0.8968719462723965,416.9460280538009,366.59174757508026
16858,369,1,375.69000000000005,375.69000000000005,369,3,At Risk / Hibernating,1.0,0.17024706722908145,416.9460280538009,69.58750139895466
16859,145,2,747.81,373.905,261,3,At Risk / Hibernating,0.9985492428218417,0.49748624374590955,449.74623559714394,219.34134840446177
16861,60,2,173.76,86.88,158,3,At Risk / Hibernating,0.9991174685362791,0.7236725789142141,271.9413683077086,192.92540517918422
16863,31,2,502.8,251.4,367,0,Potential Loyalists,0.9994170325851123,0.37771971318071074,380.74126619274557,140.98451835657522
16866,141,3,207.74,69.24666666666667,162,3,At Risk / Hibernating,0.9937334013944213,1.0992560635707784,184.71207133569152,199.05186459209767
16869,23,4,825.4200000000001,206.35500000000002,175,2,Loyal Customers,0.9994359599197902,1.4107657694965927,258.74854669507437,357.85325136773974
16871,22,6,2812.34,468.72333333333336,271,2,Loyal Customers,0.9995125649229568,1.2808149578015176,534.9507585621681,671.6951702048557
16872,77,3,680.02,226.67333333333332,184,2,Loyal Customers,0.9987630603427249,1.004367959084337,245.64369689717057,241.86361116394727
16873,5,6,7123.62,1187.27,364,1,Champions,0.9996624336163994,1.2106747066661112,884.2754178856451,1049.5109688417544
16875,67,5,2095.53,419.10600000000005,340,2,Loyal Customers,0.9992196160188896,0.8434751667446074,531.19615533121,439.237235739203
16877,12,6,853.72,142.28666666666666,208,2,Loyal Customers,0.9995860549334924,1.8923877923328039,204.66937466933666,379.6952409159842
16878,84,1,13.3,13.3,84,3,At Risk / Hibernating,1.0,0.48637812441226147,416.9460280538009,198.80437460974935
16880,31,7,1519.08,217.01142857142855,189,2,Loyal Customers,0.9993428715734756,2.0312638567488888,281.42574704822204,560.4054624525061
16881,67,1,432.0,432.0,67,3,At Risk / Hibernating,1.0,0.551256579291776,416.9460280538009,225.32311472719084
16882,67,3,705.12,235.04,317,2,Loyal Customers,0.9992464358730834,0.6585922677705379,373.13665490821677,240.91089739463268
16883,187,2,276.73,138.365,372,3,At Risk / Hibernating,0.9986012722780083,0.3731222332218733,293.06496153858257,107.19804060073179
16884,38,2,429.84,214.92,38,0,Potential Loyalists,1.0,0.7021563914860657,416.9460280538009,287.0026731405869
16885,15,3,471.51,157.17,357,0,Potential Loyalists,0.9995090932009545,0.5969048638580561,242.23175332863232,141.74510368155632
16887,35,1,194.88,194.88,35,0,Potential Loyalists,1.0,0.7156671799454195,416.9460280538009,292.52514324719823
16889,195,3,1578.67,526.2233333333334,337,2,Loyal Customers,0.9972032948768522,0.6264094822216484,486.99447547314156,299.0571894767942
16891,2,5,809.7,161.94,372,0,Potential Loyalists,0.9996435030542795,0.9869270075399064,205.8579433293017,199.17030775806813
16892,1,5,525.54,105.10799999999999,184,0,Potential Loyalists,0.9996010682083555,1.366200419626286,218.09651330679333,292.10248778308653
16893,367,1,145.93,145.93,367,3,At Risk / Hibernating,1.0,0.17102991131587994,416.9460280538009,69.90748450613242
16895,65,1,219.14,219.14,65,3,At Risk / Hibernating,1.0,0.5595498093719844,416.9460280538009,228.7129310090923
16897,299,2,289.78,144.89,314,3,At Risk / Hibernating,0.9917713226185907,0.42684100940064196,259.8370968039656,108.72743654434035
16898,26,3,508.81,169.60333333333332,369,0,Potential Loyalists,0.9994724240240008,0.5818573674358883,277.57380212607444,158.33133751252427
16899,8,6,1281.56,213.59333333333333,360,1,Champions,0.9996480327283865,1.2219457608235955,259.01177688775425,310.2725851084224
16900,17,3,887.11,295.7033333333333,63,0,Potential Loyalists,0.9993607694870417,1.9264474032103216,195.9714851118678,370.10288730419535
16902,116,1,1706.88,1706.88,116,2,Loyal Customers,1.0,0.4022216135318576,416.9460280538009,164.40583630231112
16903,29,1,373.24,373.24,29,0,Potential Loyalists,1.0,0.7595104315174132,416.9460280538009,310.44586416142715
16904,4,16,3754.27,234.641875,367,1,Champions,0.9998004550586094,3.0597925922575953,257.26133989029273,771.6823789067989
16905,5,7,3102.43,443.2042857142857,372,1,Champions,0.9996581830974085,1.1914083859867517,540.7507916365478,631.5820396255773
16906,82,4,579.77,144.9425,249,2,Loyal Customers,0.9987853099413995,1.0851553335321475,228.31653965380286,242.88533849883783
16907,29,5,981.65,196.32999999999998,365,2,Loyal Customers,0.9995077077543679,1.0004357771547046,248.87341066616696,244.08418987424548
16909,72,1,379.14,379.14,72,3,At Risk / Hibernating,1.0,0.5277891125744973,416.9460280538009,215.73090573137534
16910,4,8,1510.06,188.7575,91,1,Champions,0.9996712632643083,4.40114822588318,230.75168796053492,995.5967662659523
16912,29,11,2575.38,234.12545454545455,323,1,Champions,0.9995075356830653,1.3370981484220938,435.33100796337277,570.6303767662938
16913,290,1,113.44,113.44,290,3,At Risk / Hibernating,1.0,0.20724236682768868,416.9460280538009,84.7091227632038
16914,36,1,208.46,208.46,36,0,Potential Loyalists,1.0,0.7088474102284074,416.9460280538009,289.73759499029745
16915,9,6,621.6800000000001,103.61333333333334,284,0,Potential Loyalists,0.9996281115964503,1.4892263598469815,170.83675265781642,249.41011528311333
16916,24,2,576.26,288.13,372,0,Potential Loyalists,0.9994383150183217,0.37258811873337655,399.0431463794429,145.7540659668312
16917,277,1,391.52,391.52,277,3,At Risk / Hibernating,1.0,0.21565355312687062,416.9460280538009,88.14714836438557
16918,50,6,1068.82,178.13666666666666,317,2,Loyal Customers,0.9993211393300541,1.1246379824115667,247.59760199003418,272.98020627825747
16919,156,11,2596.45,236.04090909090908,368,2,Loyal Customers,0.9746055660767309,2.173053750520184,258.2980613738587,550.2545571988019
16921,61,1,169.79,169.79,61,3,At Risk / Hibernating,1.0,0.5724683349113175,416.9460280538009,233.99331385920004
16923,12,19,7247.61,381.4531578947368,363,1,Champions,0.9997458153804445,3.512605593345596,418.4591663921761,1440.9687385670322
16924,21,3,846.75,282.25,84,0,Potential Loyalists,0.9993266222120724,1.66190962157529,335.3588575076793,546.3733577817047
16926,371,1,230.25,230.25,371,3,At Risk / Hibernating,1.0,0.16908614672765057,416.9460280538009,69.11298169077256
16927,116,3,543.05,181.01666666666665,362,2,Loyal Customers,0.9989312814673492,0.5910099951918745,256.16069702648895,148.41547794565238
16928,80,17,2847.6,167.50588235294117,373,1,Champions,0.9954675700630219,3.4105331598628363,187.42631822141837,626.6498266227202
16929,4,7,1295.39,185.0557142857143,156,1,Champions,0.9996792090094614,2.74201448075283,216.61723623006412,582.284277170509
16930,26,3,380.55,126.85000000000001,68,0,Potential Loyalists,0.9992518595848481,1.1993979134229285,304.4903593639394,358.02150735986515
16931,5,21,4604.22,219.24857142857144,370,1,Champions,0.9998256014126324,4.073015272092365,244.878381826553,977.7742088061059
16932,53,1,161.94,161.94,53,3,At Risk / Hibernating,1.0,0.6100253908571814,416.9460280538009,249.34457445004938
16933,1,2,563.23,281.615,239,0,Potential Loyalists,0.999487615766176,0.5335268021500982,380.7181752513038,199.12774161137955
16934,55,2,950.9300000000001,475.46500000000003,55,2,Loyal Customers,1.0,0.6050634511490638,416.9460280538009,247.31640605452026
16936,26,1,262.68,262.68,26,0,Potential Loyalists,1.0,0.7918508048730493,416.9460280538009,323.66483987382634
16938,9,4,2736.38,684.095,309,1,Champions,0.999573489554571,0.9131602514736444,709.3443947204142,635.0034612490405
16940,52,3,3049.88,1016.6266666666667,290,2,Loyal Customers,0.9993087805236243,0.7101512084412116,877.6556956567562,611.0080519444424
16942,13,9,1920.59,213.39888888888888,228,1,Champions,0.9996272334339901,2.3788179892484145,259.80983761869635,605.8832931672141
16943,212,3,816.73,272.24333333333334,318,2,Loyal Customers,0.9958978370706492,0.6546890173138663,269.03446558370507,172.66920086657248
16945,22,19,4345.5,228.71052631578948,358,1,Champions,0.9996301916426634,2.702400575882558,345.72101358278394,915.8989556570768
16947,236,1,406.48,406.48,236,3,At Risk / Hibernating,1.0,0.24474372916082296,416.9460280538009,100.03759693132727
16948,139,3,435.02,145.00666666666666,326,3,At Risk / Hibernating,0.998500333764105,0.6447369898437908,268.9460077874837,169.9885178050399
16949,4,6,1286.27,214.37833333333333,317,1,Champions,0.9996652885465446,1.3616246958725013,275.36769809031284,367.5719971889818
16950,57,3,1178.56,392.8533333333333,367,2,Loyal Customers,0.9993458049700801,0.5831181168197667,471.49540589235573,269.5292291797821
16951,135,3,1277.75,425.9166666666667,304,2,Loyal Customers,0.9984400957907181,0.6809978846808175,224.25586545364837,149.71368094108277
16952,109,2,167.61,83.805,109,3,At Risk / Hibernating,1.0,0.418044417583886,416.9460280538009,170.87332472371162
16953,30,1,20.8,20.8,30,3,At Risk / Hibernating,1.0,0.7518339371168964,416.9460280538009,307.3081333353372
16954,1,9,2085.08,231.67555555555555,360,1,Champions,0.9997303711453683,1.6453240193179635,272.3910476932229,439.3557051579377
16955,185,4,518.67,129.6675,373,2,Loyal Customers,0.9969236666295201,0.7767999900307209,203.69436671160656,155.11726217879084
16956,18,1,308.74,308.74,18,0,Potential Loyalists,1.0,0.8655634485010557,416.9460280538009,353.79454187048543
16957,239,2,416.64,208.32,282,3,At Risk / Hibernating,0.995861159617061,0.46779232132413123,363.7694242330906,166.821169018397
16959,87,1,117.35000000000001,117.35000000000001,87,3,At Risk / Hibernating,1.0,0.47702121890744975,416.9460280538009,194.97978736207108
16960,39,3,507.05,169.01666666666668,253,0,Potential Loyalists,0.9993666593823297,0.7920608259968833,250.022357810128,194.13746089120258
16961,116,1,234.17000000000002,234.17000000000002,116,3,At Risk / Hibernating,1.0,0.4022216135318576,416.9460280538009,164.40583630231112
16963,187,1,110.55000000000001,110.55000000000001,187,3,At Risk / Hibernating,1.0,0.29064321862697073,416.9460280538009,118.79876239845402
16965,227,1,201.19,201.19,227,3,At Risk / Hibernating,1.0,0.2522118997083371,416.9460280538009,103.09017057874249
16966,8,7,2154.97,307.8528571428571,240,1,Champions,0.9996500467665758,1.98765155937137,311.4513862714563,606.8797524376828
16967,189,1,319.02,319.02,189,3,At Risk / Hibernating,1.0,0.2883896793730321,416.9460280538009,117.87764045999776
16968,4,2,439.43,219.715,108,0,Potential Loyalists,0.9994688054182448,0.9337548566835113,310.34622211355634,284.08707680190906
16969,39,3,650.41,216.8033333333333,192,2,Loyal Customers,0.9992977791628529,0.9778469778240836,233.4459986396463,223.78417856423357
16971,38,1,357.21,357.21,38,0,Potential Loyalists,1.0,0.6955905116847341,416.9460280538009,284.31890129330804
16976,267,1,251.51999999999998,251.51999999999998,267,3,At Risk / Hibernating,1.0,0.22143094177008768,416.9460280538009,90.50862390071362
16978,78,1,344.33,344.33,78,3,At Risk / Hibernating,1.0,0.5097069171828498,416.9460280538009,208.33989986882636
16979,4,6,1852.0,308.6666666666667,298,1,Champions,0.9996644922194782,1.4323114832835755,322.89134854994865,453.3837049928632
16980,255,2,1078.96,539.48,291,3,At Risk / Hibernating,0.9951799208685179,0.4544854515916371,384.45890776486044,171.29385548788218
16982,61,1,384.06,384.06,61,3,At Risk / Hibernating,1.0,0.5769080982349951,416.9460280538009,235.80804501970792
16983,13,7,1931.25,275.89285714285717,370,1,Champions,0.9996463339861641,1.4022302431267832,314.52032163672914,432.3545335355674
16984,88,2,4481.35,2240.675,130,2,Loyal Customers,0.998520965095495,0.8250257715873406,804.076732020144,650.3349470233156
16985,17,10,5464.12,546.412,359,1,Champions,0.9996139200849752,1.4383072723360955,700.1315618215189,987.1958436829134
16986,30,2,1873.2,936.6,30,2,Loyal Customers,0.9990403814583553,1.6596472185423452,1051.0482053040696,1710.058331449637
16987,3,7,1625.05,232.15,205,1,Champions,0.999659014402925,1.9132481680740265,307.83137945378076,577.3728441425378
16988,5,1,126.12,126.12,5,0,Potential Loyalists,1.0,1.0060419152691307,416.9460280538009,411.2144841588212
16989,7,6,1133.25,188.875,151,1,Champions,0.9996135557518944,2.3936717571073145,123.5028724065007,289.81038357529206
16990,219,1,179.0,179.0,219,3,At Risk / Hibernating,1.0,0.25924356559595163,416.9460280538009,105.96432543534883
16992,11,5,1614.31,322.86199999999997,285,2,Loyal Customers,0.9995949405152109,1.2301164628679742,324.97278462887914,391.8909490389244
16996,30,6,1456.96,242.82666666666668,353,2,Loyal Customers,0.9994966913674215,1.0288740110801182,351.43952273420723,354.47429123682576
16997,288,3,702.0,234.0,326,3,At Risk / Hibernating,0.9821415410400796,0.6341740301514224,252.06952395125097,156.71143679929872
16998,150,4,295.0,73.75,304,3,At Risk / Hibernating,0.9981268992144966,0.6807842652490705,218.26600896665897,145.6691316355957
16999,23,2,484.82,242.41,74,0,Potential Loyalists,0.9992983284386091,1.1491103989288172,334.76258359401777,377.112493779229
17001,1,11,3989.57,362.6881818181818,359,1,Champions,0.9997817337393671,2.281393689958424,365.1921454247147,816.7585822101164
17002,86,3,1493.73,497.91,291,2,Loyal Customers,0.9990481602179812,0.707988201413948,463.3162189488877,321.56994422110927
17004,46,2,1412.94,706.47,93,2,Loyal Customers,0.9990582735472195,1.0203561382964705,412.14032836517924,412.2579905178794
17006,5,4,781.78,195.445,76,0,Potential Loyalists,0.9995623584427564,2.39096801261044,236.9328597288363,555.3560743793386
17007,51,6,889.9300000000001,148.3216666666667,357,2,Loyal Customers,0.9993559403045711,1.0190693021587829,226.25733031019865,226.03636765172794
17010,18,1,195.36,195.36,18,0,Potential Loyalists,1.0,0.8556074605824519,416.9460280538009,349.72507746716883
17011,30,1,270.9,270.9,30,0,Potential Loyalists,1.0,0.7518339371168964,416.9460280538009,307.3081333353372
17014,8,3,586.33,195.44333333333336,67,0,Potential Loyalists,0.9994727543827103,1.8838361266417614,279.32716201546214,515.8562621195266
17015,29,3,1842.56,614.1866666666666,185,2,Loyal Customers,0.999382886274032,1.0010340726416016,569.9047041886213,559.2721051534716
17017,3,20,8694.26,434.713,373,1,Champions,0.9998219739672315,3.229193146636808,513.6188160730733,1625.949362656444
17018,41,2,920.1,460.05,326,2,Loyal Customers,0.9993806848190917,0.41701457200034664,462.2753804234144,188.98348058330902
17019,11,4,1272.61,318.1525,368,0,Potential Loyalists,0.9995668386427696,0.7877714575056483,336.02894324434305,259.50685356468534
17022,31,1,71.0,71.0,31,3,At Risk / Hibernating,1.0,0.7443110694782242,416.9460280538009,304.23319679938174
17024,45,3,95.85,31.95,158,3,At Risk / Hibernating,0.9991691366689783,1.1248343083029904,173.91074257566163,191.77282850276833
17025,61,3,357.77,119.25666666666666,373,3,At Risk / Hibernating,0.9993351809262697,0.3717067187581512,315.2784472055051,114.88584275337732
17026,185,2,154.83,77.415,370,3,At Risk / Hibernating,0.998612849756162,0.37483049512196426,280.58661678348386,103.10356721914485
17027,79,6,890.29,148.38166666666666,317,2,Loyal Customers,0.9989521643507455,1.1242227372416624,229.34134126783067,252.75903536613876
17029,111,2,716.0,358.0,237,3,At Risk / Hibernating,0.9988473172606744,0.5384301896355194,389.72364241356973,205.71126515824795
17030,64,1,146.87,146.87,64,3,At Risk / Hibernating,1.0,0.5637907092546836,416.9460280538009,230.44637764675514
17031,12,2,380.35,190.175,155,0,Potential Loyalists,0.9994413497715585,0.7368946259506062,295.6973288629372,213.61159545427952
17033,86,3,1030.14,343.38000000000005,359,2,Loyal Customers,0.9991638972938957,0.593910196187322,381.7044243136573,222.23878256763493
17034,16,3,745.52,248.50666666666666,288,0,Potential Loyalists,0.9994948220477188,0.7142741361465247,344.2299107858788,241.03796839570083
17035,246,2,433.53000000000003,216.76500000000001,312,3,At Risk / Hibernating,0.9966343244235895,0.4311917570931059,304.75821428466315,128.82428092791764
17037,88,1,1267.32,1267.32,88,3,At Risk / Hibernating,1.0,0.47702121890744975,416.9460280538009,194.97978736207108
17038,30,1,112.4,112.4,30,0,Potential Loyalists,1.0,0.7518339371168964,416.9460280538009,307.3081333353372
17040,138,1,449.73,449.73,138,3,At Risk / Hibernating,1.0,0.3612070687793727,416.9460280538009,147.64135746902377
17041,27,3,1081.57,360.5233333333333,361,2,Loyal Customers,0.9994706610233881,0.5927076058251189,398.9947642679257,231.83530366367486
17042,3,5,1044.38,208.87600000000003,247,0,Potential Loyalists,0.9996364239945134,1.3742146974166427,243.36362084481055,327.8553721204634
17043,32,4,1735.18,433.795,266,2,Loyal Customers,0.9994230922649588,1.027499806136289,491.3075629526421,494.88830782549195
17044,25,1,948.48,948.48,25,0,Potential Loyalists,1.0,0.7918508048730493,416.9460280538009,323.66483987382634
17045,113,3,339.44,113.14666666666666,248,3,At Risk / Hibernating,0.9984512992192274,0.8038577777277569,248.1173559843608,195.52771848824207
17046,157,1,642.02,642.02,157,3,At Risk / Hibernating,1.0,0.3292338108753175,416.9460280538009,134.57245885451334
17047,85,3,1100.9,366.9666666666667,205,2,Loyal Customers,0.9989964799175587,0.5994465528505732,386.70796546128275,227.250862367202
17048,118,3,925.35,308.45,331,2,Loyal Customers,0.9988208695150762,0.6352690314806682,364.2024174898592,226.81532887742304
17049,3,9,5659.9800000000005,628.8866666666668,276,1,Champions,0.9997177812789286,2.047069070194407,639.449351859173,1283.2484375807408
17050,96,6,3228.84,538.14,300,2,Loyal Customers,0.9981407389324696,1.422355549211262,581.2042853605675,810.4178564740488
17051,194,1,247.14,247.14,194,3,At Risk / Hibernating,1.0,0.2829058144344841,416.9460280538009,115.63614046749237
17052,28,1,413.75,413.75,28,0,Potential Loyalists,1.0,0.7673453072359011,416.9460280538009,313.6483326845508
17053,131,1,498.48,498.48,131,3,At Risk / Hibernating,1.0,0.3739164839709714,416.9460280538009,152.8362636000274
17054,28,5,1356.33,271.26599999999996,245,2,Loyal Customers,0.9994465939955979,1.382705569176309,295.84601447346535,401.0213500350891
17058,82,3,1179.89,393.2966666666667,240,2,Loyal Customers,0.9989493335715018,0.8251508230964761,342.1606301957005,276.7804134734738
17059,30,5,3095.04,619.008,370,2,Loyal Customers,0.9995092585097808,0.9913005576045657,553.412232819531,537.806488828477
17060,266,1,234.24,234.24,266,3,At Risk / Hibernating,1.0,0.22209203923416623,416.9460280538009,90.77884382303202
17061,74,11,5232.2300000000005,475.65727272727275,232,1,Champions,0.997102882209317,2.6315037453870205,412.3539264456351,1063.766500688886
17062,314,4,538.37,134.5925,370,3,At Risk / Hibernating,0.954407367084232,0.7504632984824728,202.7724756810095,149.17991837177408
17063,21,7,1461.14,208.73428571428573,289,2,Loyal Customers,0.999504854607067,0.9615613409974875,390.76142167025876,368.3499760525576
17064,59,3,859.35,286.45,327,2,Loyal Customers,0.9993060093869325,0.6419980816668924,378.2798439170874,238.07776007149948
17068,12,21,4552.14,216.76857142857145,368,1,Champions,0.9997615872744356,4.287953471671927,230.18179694773337,967.5939357237525
17069,28,9,2709.7000000000003,301.0777777777778,373,1,Champions,0.9995500307992844,1.5929218361526112,357.42964245083033,558.157830995836
17070,114,1,312.14,312.14,114,3,At Risk / Hibernating,1.0,0.40661885552739924,416.9460280538009,166.20318593542606
17071,28,9,2429.03,269.89222222222224,310,1,Champions,0.9995075861382378,1.8625468733701551,319.198586780968,582.827754045709
17073,18,4,1446.09,361.5225,109,2,Loyal Customers,0.9994230749384119,1.933917454378376,354.8772934558468,672.803838557447
17075,18,4,834.12,208.53,317,2,Loyal Customers,0.9995332025277008,0.8918316683511693,271.56139156563813,237.42303889820525
17076,36,3,841.0799999999999,280.35999999999996,365,2,Loyal Customers,0.9994330683462939,0.5872097609524605,371.3548621557579,213.77368893448983
17078,36,2,378.2,189.1,36,0,Potential Loyalists,1.0,0.7088474102284074,416.9460280538009,289.73759499029745
17079,78,1,118.80000000000001,118.80000000000001,78,3,At Risk / Hibernating,1.0,0.5062381486691934,416.9460280538009,206.92205834880286
17080,22,2,287.62,143.81,270,0,Potential Loyalists,0.9994240400771113,0.48613545612448483,321.9748202236002,153.44441840656884
17081,25,2,290.16,145.08,46,0,Potential Loyalists,0.9992028893407333,1.428873456434934,306.71632611891994,429.63836808161335
17082,33,2,2003.8500000000001,1001.9250000000001,318,2,Loyal Customers,0.9994006274654684,0.42456676099730156,855.6572770126301,356.13748781487396
17083,109,3,1405.78,468.5933333333333,304,2,Loyal Customers,0.9988184374965435,0.6830874285062916,379.2023323633959,253.9330376337748
17084,35,2,2949.75,1474.875,35,2,Loyal Customers,1.0,0.7156671799454195,416.9460280538009,292.52514324719823
17085,123,5,1566.65,313.33000000000004,363,2,Loyal Customers,0.9982169228326271,1.0060986683700042,309.6688884455261,305.42887139678515
17086,7,6,2050.08,341.68,64,1,Champions,0.9995606546260001,3.9713589930651345,344.4245903077003,1340.9295849104656
17088,28,4,1991.01,497.7525,254,2,Loyal Customers,0.9994435223934274,1.0690078003444488,350.767195944435,367.5969131790806
17090,4,7,2043.95,291.99285714285713,354,1,Champions,0.9996878169101115,1.452015867150557,344.5244332410954,490.41458602730535
17091,3,9,3827.76,425.3066666666667,368,1,Champions,0.9996980932908928,1.4087355398560577,561.060920523622,774.8389951236721
17092,50,4,1777.78,444.445,277,2,Loyal Customers,0.9992861476983227,0.9946949647718611,511.0658004052822,498.35488796398033
17094,322,1,302.0,302.0,322,3,At Risk / Hibernating,1.0,0.19027895620240504,416.9460280538009,77.77542343750481
17095,23,3,1324.16,441.3866666666667,335,2,Loyal Customers,0.9994801219437918,0.6309557837912936,472.90125301087386,292.51037977746205
17096,15,4,1022.13,255.5325,262,2,Loyal Customers,0.9995305496890852,1.04318131474014,329.99103714551075,337.46904670856196
17097,2,8,954.42,119.3025,365,1,Champions,0.999698049513598,1.4152274594600895,176.62617534243617,245.04920120917126
17100,18,2,971.74,485.87,18,0,Potential Loyalists,1.0,0.8556074605824519,416.9460280538009,349.72507746716883
17101,10,4,1621.73,405.4325,178,2,Loyal Customers,0.9995397754092332,1.3937738472533172,450.63152198543935,615.7238942669015
17102,262,1,25.5,25.5,262,3,At Risk / Hibernating,1.0,0.22545763665263796,416.9460280538009,92.15451311587614
17105,159,2,665.78,332.89,306,3,At Risk / Hibernating,0.9986056300301689,0.43780587969347784,384.35730762251694,164.9637773546346
17107,33,6,10815.43,1802.5716666666667,278,1,Champions,0.9994288851008433,1.2511797383247303,1859.720286621197,2281.073866208441
17109,29,6,885.04,147.50666666666666,232,2,Loyal Customers,0.9994210718137383,1.1435703477005892,217.58995339154342,243.93480081500326
17110,165,1,163.29999999999998,163.29999999999998,165,3,At Risk / Hibernating,1.0,0.317975233058359,416.9460280538009,129.97057563227506
17111,47,1,248.61,248.61,47,3,At Risk / Hibernating,1.0,0.6415945495098853,416.9460280538009,262.2483132538975
17114,6,8,808.62,101.0775,335,1,Champions,0.9997026967152325,1.747343951935223,141.11684270066934,241.7292912316291
17115,8,3,837.5,279.1666666666667,233,0,Potential Loyalists,0.9995214158325813,0.8420282857927576,320.144116557605,264.26776544599056
17117,288,1,116.2,116.2,288,3,At Risk / Hibernating,1.0,0.20840356862522524,416.9460280538009,85.18375752967816
17118,318,1,157.02,157.02,318,3,At Risk / Hibernating,1.0,0.19274406209242811,416.9460280538009,78.7830216664005
17119,3,2,606.91,303.455,60,0,Potential Loyalists,0.9994680948387564,1.28403965200906,251.94461301919,317.14351552196445
17120,233,1,307.46,307.46,233,3,At Risk / Hibernating,1.0,0.24636484794754618,416.9460280538009,100.7002203133716
17122,119,1,138.32,138.32,119,3,At Risk / Hibernating,1.0,0.3958012276423018,416.9460280538009,161.78153725531354
17123,162,1,345.3,345.3,162,3,At Risk / Hibernating,1.0,0.323506596540059,416.9460280538009,132.2314907245807
17124,185,1,298.89,298.89,185,3,At Risk / Hibernating,1.0,0.2929322547486087,416.9460280538009,119.73439349777334
17125,50,1,259.35,259.35,50,3,At Risk / Hibernating,1.0,0.6254118329543538,416.9460280538009,255.63370703390643
17126,152,5,1004.75,200.95,363,2,Loyal Customers,0.9984845361233925,0.589374941855642,403.75884843584765,233.28434338555982
17128,335,1,157.09,157.09,335,3,At Risk / Hibernating,1.0,0.18461230590393363,416.9460280538009,75.45921190071817
17131,5,5,2463.17,492.634,76,1,Champions,0.9995501846215269,2.3909388926491837,518.392913492215,1215.0663587329889
17133,16,7,4892.240000000001,698.8914285714287,266,1,Champions,0.9995823750746148,1.564730505975666,761.4665196535024,1168.0526653041884
17134,107,2,425.0,212.5,265,3,At Risk / Hibernating,0.9989746596846181,0.49321385025599446,268.0343810157717,129.5978097241093
17135,16,7,1139.73,162.81857142857143,372,2,Loyal Customers,0.9995783832223508,0.9868627160993473,272.9801931171615,264.09477524749633
17138,276,1,380.5,380.5,276,3,At Risk / Hibernating,1.0,0.21628055408770347,416.9460280538009,88.40343152363323
17139,16,12,10668.47,889.0391666666666,289,1,Champions,0.9996348172120393,2.22434913481738,929.0400682571893,2025.8603132979345
17140,247,1,465.32,465.32,247,3,At Risk / Hibernating,1.0,0.23544802447650895,416.9460280538009,96.23802889056574
17142,239,1,579.0,579.0,239,3,At Risk / Hibernating,1.0,0.24156466375370944,416.9460280538009,98.73817145590178
17144,1,2,984.57,492.285,85,0,Potential Loyalists,0.9994845116489923,1.0741823268708814,403.8922440822014,425.31992857536807
17146,106,3,749.78,249.92666666666665,359,2,Loyal Customers,0.9990152741416912,0.5952126397891783,296.1499393325605,172.80474681914384
17147,23,4,1714.59,428.6475,312,2,Loyal Customers,0.9995063917686513,0.9058898181056104,429.97059956533974,381.8441033535816
17148,52,1,124.88,124.88,52,3,At Risk / Hibernating,1.0,0.6201974947200376,416.9460280538009,253.5023718707435
17152,195,3,1689.5,563.1666666666666,263,2,Loyal Customers,0.9974716174991398,0.4939553067737287,858.7468449775305,415.8385080421551
17153,24,1,213.78,213.78,24,0,Potential Loyalists,1.0,0.8003708770294453,416.9460280538009,327.14737958121214
17154,75,1,329.34,329.34,75,3,At Risk / Hibernating,1.0,0.5167890469682096,416.9460280538009,211.23468452120443
17155,18,2,251.7,125.85,178,0,Potential Loyalists,0.999419485400393,0.6679710344266411,274.45366273656634,179.72092928398007
17157,8,2,319.0,159.5,176,0,Potential Loyalists,0.9994629581195833,0.6707271080131668,297.1474399854764,195.38438300834025
17158,32,3,1266.97,422.3233333333333,360,2,Loyal Customers,0.9994477421447364,0.5926940144369737,423.0394888050967,245.80081785813866
17159,22,3,1538.88,512.96,172,2,Loyal Customers,0.9994253548970427,1.0594811004621716,472.71801900441534,490.9841280115356
17160,31,6,3518.03,586.3383333333334,242,2,Loyal Customers,0.9994091822751022,1.6906311976149317,550.1728013812585,911.843051546022
17162,29,10,1715.46,171.546,306,1,Champions,0.9994967770472207,1.4014375778749675,288.2136814227468,395.96825250657866
17163,22,2,293.1,146.55,78,0,Potential Loyalists,0.9993249886093017,1.1178619531661145,302.90170259274987,331.94194039961246
17164,33,7,2467.35,352.4785714285714,273,2,Loyal Customers,0.999433531462149,1.2694787368089682,450.3292149600986,560.4380032480545
17165,284,1,158.68,158.68,284,3,At Risk / Hibernating,1.0,0.21076545282052764,416.9460280538009,86.1491645454829
17166,39,2,206.34,103.17,204,0,Potential Loyalists,0.9993295573903844,0.6040562822872045,260.7607344616339,154.4157370025228
17169,58,2,835.78,417.89,183,2,Loyal Customers,0.9991864462406268,0.6519121585082366,467.8172063694242,298.97664023324256
17171,289,1,224.91,224.91,289,3,At Risk / Hibernating,1.0,0.20782134568035082,416.9460280538009,84.94577714382915
17172,79,1,317.76,317.76,79,3,At Risk / Hibernating,1.0,0.5062381486691934,416.9460280538009,206.92205834880286
17173,5,8,3766.6,470.825,131,1,Champions,0.9996522113332622,3.0709966744408965,528.8936211902095,1592.2822753628654
17174,218,1,59.9,59.9,218,3,At Risk / Hibernating,1.0,0.2601501888901442,416.9460280538009,106.3349027394624
17175,44,4,1443.69,360.9225,296,2,Loyal Customers,0.9993577318592997,0.9429803769541111,338.6265632836816,313.03697769469494
17176,202,1,306.13,306.13,202,3,At Risk / Hibernating,1.0,0.27556969454204533,416.9460280538009,112.63754140884919
17179,178,3,711.79,237.26333333333332,361,2,Loyal Customers,0.9979933664798045,0.5904550850168072,301.6027306282059,174.5798070755035
17180,56,4,796.03,199.0075,316,2,Loyal Customers,0.9993083223219507,0.6603439337935579,326.78161048121507,211.5435100354016
17181,57,2,239.92000000000002,119.96000000000001,374,3,At Risk / Hibernating,0.9993446088087589,0.3717102254967628,263.3700108445468,95.97158122868294
17183,8,6,3347.31,557.885,105,1,Champions,0.9995937428807888,3.012732630400263,568.2609839725847,1678.3435967533205
17186,47,2,144.0,72.0,60,3,At Risk / Hibernating,0.9988600910621317,1.2733071182110098,257.6434573670034,321.60634189909956
17187,227,1,203.95,203.95,227,3,At Risk / Hibernating,1.0,0.2522118997083371,416.9460280538009,103.09017057874249
17188,11,7,2474.23,353.4614285714286,362,1,Champions,0.9996282169741195,1.2162512111826154,396.8108996095882,473.1282071432221
17189,106,2,384.4,192.2,359,3,At Risk / Hibernating,0.9991436286187766,0.38379295266898167,296.98118520709613,111.73719364483479
17190,59,2,444.74,222.37,207,3,At Risk / Hibernating,0.999216382877088,0.5952330524263657,339.72713600398487,198.23905984103544
17191,28,7,2095.13,299.30428571428575,368,2,Loyal Customers,0.9995146412130486,0.993574419580101,400.9230883820886,390.51111740148775
17193,36,7,1699.3,242.75714285714284,177,2,Loyal Customers,0.9992580498114177,1.7718185055776343,336.20725769048533,583.9807055811098
17194,274,2,262.62,131.31,361,3,At Risk / Hibernating,0.9967744671064096,0.3819903182129989,229.0106899792862,85.75904534650792
17197,30,1,1013.01,1013.01,30,0,Potential Loyalists,1.0,0.7595104315174132,416.9460280538009,310.44586416142715
17198,24,3,692.22,230.74,371,0,Potential Loyalists,0.9994837083836624,0.5778963990586939,286.25530298379954,162.17182195217606
17201,54,1,342.63,342.63,54,3,At Risk / Hibernating,1.0,0.6100253908571814,416.9460280538009,249.34457445004938
17203,36,6,3563.85,593.975,60,2,Loyal Customers,0.9989145599272874,1.9703820101270766,880.0819666388279,1699.9885882914868
17204,175,4,1564.56,391.14,264,2,Loyal Customers,0.9963247108920439,0.763484209903498,398.54615687280307,298.2982035178584
17205,54,1,384.08,384.08,54,3,At Risk / Hibernating,1.0,0.6100253908571814,416.9460280538009,249.34457445004938
17206,53,1,204.24,204.24,53,3,At Risk / Hibernating,1.0,0.6100253908571814,416.9460280538009,249.34457445004938
17211,27,8,2317.2200000000003,289.65250000000003,370,1,Champions,0.9995647426996238,1.607492851077741,309.82238271880743,488.24053534846155
17212,253,1,226.85,226.85,253,3,At Risk / Hibernating,1.0,0.23106003589612162,416.9460280538009,94.44446280287912
17213,40,7,2781.23,397.31857142857143,366,2,Loyal Customers,0.9994390620529314,1.2048389556456125,479.1646821501187,565.9600285490254
17214,60,6,1069.1200000000001,178.1866666666667,359,2,Loyal Customers,0.9992291492602622,1.2242876249668602,224.47359897350566,269.41433128616654
17217,234,1,113.5,113.5,234,3,At Risk / Hibernating,1.0,0.24555161293703237,416.9460280538009,100.36781497798975
17218,4,10,1960.72,196.072,368,1,Champions,0.9997448946705484,2.0232258125458955,211.90301561043003,420.2943152489111
17219,32,1,114.23,114.23,32,3,At Risk / Hibernating,1.0,0.7443110694782242,416.9460280538009,304.23319679938174
17220,24,14,3198.25,228.44642857142858,364,1,Champions,0.9995918620833738,2.0416034680745168,331.187629055769,662.8534578618466
17221,7,2,335.13,167.565,36,0,Potential Loyalists,0.9994222137883724,1.5653635515424724,318.07245111995167,488.1055380840065
17222,65,1,354.15,354.15,65,3,At Risk / Hibernating,1.0,0.5553722353508629,416.9460280538009,227.0053685269044
17223,310,2,426.79,213.395,368,3,At Risk / Hibernating,0.995149226478688,0.37438526215569945,286.25313381327885,105.06082745042518
17226,309,1,393.49,393.49,309,3,At Risk / Hibernating,1.0,0.197346053596166,416.9460280538009,80.66405995347172
17227,19,6,939.32,156.55333333333334,369,2,Loyal Customers,0.9995914002135617,1.1995074737746103,208.09172628946737,244.69761058064114
17228,16,8,1906.09,238.26125,372,1,Champions,0.999646507086435,1.5966880311792586,270.49400745128366,423.3988837644067
17229,96,2,318.76,159.38,143,3,At Risk / Hibernating,0.9984571859153074,0.7780452355868873,298.7684240746843,227.88282801223693
17230,264,8,3638.41,454.80125,360,2,Loyal Customers,0.9847759756581915,0.7924356541162217,567.308355545379,440.7122257836577
17231,12,10,3174.32,317.432,361,1,Champions,0.9996922046980237,2.056053517556047,337.24349453462384,679.7512640147035
17232,3,2,421.52,210.76,15,0,Potential Loyalists,0.9994674288964549,1.9806205027827488,322.98158527045865,627.121494710743
17233,35,1,190.88,190.88,35,0,Potential Loyalists,1.0,0.7156671799454195,416.9460280538009,292.52514324719823
17234,183,1,149.89,149.89,183,3,At Risk / Hibernating,1.0,0.2964342221557534,416.9460280538009,121.16580369853045
17235,25,2,550.0600000000001,275.03000000000003,372,0,Potential Loyalists,0.9994333744828456,0.37258627691403573,320.524709101061,117.07392816447286
17236,13,6,916.13,152.68833333333333,363,2,Loyal Customers,0.9996230179318671,1.2162448854893935,206.92066568769752,246.715739155515
17237,11,2,314.69,157.345,22,0,Potential Loyalists,0.9993554312326899,1.806200098560489,257.2232022327643,455.4582546596149
17238,3,17,3744.65,220.2735294117647,371,1,Champions,0.9998137791359983,3.032017458118764,254.5571493181902,756.6395870884339
17239,313,1,382.5,382.5,313,3,At Risk / Hibernating,1.0,0.19527387847787794,416.9460280538009,79.81706995934152
17242,108,2,1135.04,567.52,180,2,Loyal Customers,0.9985613207588288,0.659355126359655,420.9425952427581,272.09104645621
17243,1,26,8676.85,333.725,370,1,Champions,0.9998814115146704,5.305845109770571,340.3676294456409,1770.414390044462
17244,53,1,954.9,954.9,53,0,Potential Loyalists,1.0,0.6100253908571814,416.9460280538009,249.34457445004938
17245,205,1,171.45000000000002,171.45000000000002,205,3,At Risk / Hibernating,1.0,0.2725408341327525,416.9460280538009,111.3995112365646
17247,15,1,282.19,282.19,15,0,Potential Loyalists,1.0,0.8861871099101,416.9460280538009,362.2243692927614
17248,120,1,318.65,318.65,120,3,At Risk / Hibernating,1.0,0.3937064069080704,416.9460280538009,160.9252902852631
17250,4,2,384.52,192.26,261,0,Potential Loyalists,0.9994820839638983,0.4979509936209001,326.85624524437713,159.55678850691262
17251,363,1,283.28000000000003,283.28000000000003,363,3,At Risk / Hibernating,1.0,0.17261739844071644,416.9460280538009,70.55636092235173
17252,117,2,353.86,176.93,186,3,At Risk / Hibernating,0.9984577522926453,0.6437714544419125,229.88814575407108,145.0842515565049
17253,18,1,178.26,178.26,18,0,Potential Loyalists,1.0,0.8556074605824519,416.9460280538009,349.72507746716883
17254,5,2,272.44,136.22,15,0,Potential Loyalists,0.9994431426817805,1.9569797263645623,271.55805867977625,520.9807368046156
17255,41,2,298.41,149.205,299,0,Potential Loyalists,0.9993715520191184,0.446476843530902,310.26771291265453,135.8023823494775
17256,107,2,240.0,120.0,312,3,At Risk / Hibernating,0.9990701239806564,0.43111097261495934,276.16239240325274,116.7146760852415
17259,148,2,603.37,301.685,368,3,At Risk / Hibernating,0.9989163920819838,0.3758025081771473,326.79159060834036,120.39331405541665
17262,52,5,1253.3600000000001,250.67200000000003,366,2,Loyal Customers,0.999360553118962,0.791230267435944,353.00470229994664,273.81377238768385
17263,208,1,63.440000000000005,63.440000000000005,208,3,At Risk / Hibernating,1.0,0.2686044302111725,416.9460280538009,109.79052762716105
17265,139,2,562.9,281.45,181,3,At Risk / Hibernating,0.9977739423112552,0.6588352163601386,306.97032647477874,198.26460579878
17266,2,3,310.64,103.54666666666667,148,0,Potential Loyalists,0.9995445657236978,1.1773606380479293,215.92187736679287,249.2173605530886
17267,127,2,317.62,158.81,127,3,At Risk / Hibernating,1.0,0.3796413622139946,416.9460280538009,155.17627734007706
17268,108,4,763.64,190.91,245,2,Loyal Customers,0.9980665665707475,1.094735537661401,266.79348639176897,286.3231475361606
17272,42,4,2148.63,537.1575,263,2,Loyal Customers,0.9993396977484857,1.0398308862929735,474.591085749394,483.78710644873513
17274,35,1,111.98,111.98,35,3,At Risk / Hibernating,1.0,0.7156671799454195,416.9460280538009,292.52514324719823
17277,228,2,1065.3500000000001,532.6750000000001,323,3,At Risk / Hibernating,0.9975132196763898,0.4194292932091484,385.2578543387435,158.4098233334093
17278,241,1,246.04000000000002,246.04000000000002,241,3,At Risk / Hibernating,1.0,0.24000590185558213,416.9460280538009,98.10103612189704
17279,58,1,187.82999999999998,187.82999999999998,58,3,At Risk / Hibernating,1.0,0.5906504285268684,416.9460280538009,241.4251543093273
17282,130,3,1703.41,567.8033333333334,300,2,Loyal Customers,0.9984805238263897,0.6902793311501227,457.2789743567797,309.44111788280503
17284,60,6,1652.58,275.43,336,2,Loyal Customers,0.999186228678937,1.2937615912374023,230.70195452862515,292.6021497474296
17286,22,1,153.92,153.92,22,0,Potential Loyalists,1.0,0.827067906222666,416.9460280538009,338.0596662121936
17287,26,7,1064.11,152.01571428571427,373,2,Loyal Customers,0.9995570310183775,1.39256668495029,200.41984475695963,273.607940086243
17288,9,7,1419.73,202.81857142857143,358,1,Champions,0.9996616286679899,1.4383759184408806,247.3093810927657,348.72652318195094
17289,32,3,944.41,314.80333333333334,180,2,Loyal Customers,0.9993540515548506,1.0211084581384404,398.98844585390987,399.39650333362897
17290,4,2,525.24,262.62,16,0,Potential Loyalists,0.999456077142873,1.9339675924972366,303.92232220447335,576.2148209181114
17291,308,1,550.8000000000001,550.8000000000001,308,3,At Risk / Hibernating,1.0,0.197346053596166,416.9460280538009,80.66405995347172
17293,8,9,1875.11,208.34555555555553,361,1,Champions,0.9996876831934316,1.6376013519787183,246.75712302954958,396.1410850345527
17295,29,3,556.95,185.65,65,0,Potential Loyalists,0.999215550256013,1.2354379720095654,352.5887903870159,427.03330329793783
17297,17,1,131.78,131.78,17,0,Potential Loyalists,1.0,0.8655634485010557,416.9460280538009,353.79454187048543
17298,101,2,498.42,249.21,125,3,At Risk / Hibernating,0.9980296871421236,0.8502616739634707,404.8620636227531,337.46736807190325
17299,12,4,669.11,167.2775,173,0,Potential Loyalists,0.9995305407435856,1.4225609084231774,240.88450721936428,335.9323885446537
17301,21,1,197.63,197.63,21,0,Potential Loyalists,1.0,0.827067906222666,416.9460280538009,338.0596662121936
17302,15,5,1135.63,227.12600000000003,306,2,Loyal Customers,0.9995761147780201,1.1610205145097037,278.5228945432133,317.00986834236153
17303,361,1,250.04,250.04,361,3,At Risk / Hibernating,1.0,0.1730188856104194,416.9460280538009,70.72046654117295
17306,11,19,8631.31,454.2794736842105,353,1,Champions,0.9997516199174982,3.161145060828848,579.8216224842223,1796.8462370451875
17309,95,1,82.75,82.75,95,3,At Risk / Hibernating,1.0,0.45374367658505516,416.9460280538009,185.46521163064705
17311,78,2,1384.85,692.425,317,2,Loyal Customers,0.9992299075750223,0.42669964090662604,606.9586013088647,253.89444621086267
17312,139,3,644.3,214.76666666666665,159,2,Loyal Customers,0.9938853333518706,1.1090696726436466,310.98873464869405,338.1236846283078
17313,31,1,2328.84,2328.84,31,2,Loyal Customers,1.0,0.7443110694782242,416.9460280538009,304.23319679938174
17314,25,8,2527.92,315.99,313,1,Champions,0.9995513597570466,1.8479618898433359,344.1381138867462,623.4445529330428
17315,2,38,6292.26,165.58578947368423,358,1,Champions,0.9999061450790026,7.356452918043751,189.65340451875122,1367.7327627811626
17317,46,3,2600.34,866.7800000000001,90,2,Loyal Customers,0.9988267562081201,1.608500002050426,334.33527443711785,527.2002108137901
17320,100,3,1200.6200000000001,400.2066666666667,368,2,Loyal Customers,0.999075607526846,0.5816263549568647,390.34801468728756,222.57066361058605
17321,8,2,700.86,350.43,68,0,Potential Loyalists,0.999430994870764,1.2084366758872553,243.44252838035334,288.3982581500575
17323,15,7,921.0699999999999,131.58142857142857,292,2,Loyal Customers,0.9996091099143848,1.7012643565070582,176.58151598286878,294.50257604110834
17324,18,4,990.23,247.5575,367,2,Loyal Customers,0.9995423573743356,0.7913742085082139,323.8787075520209,251.26742872313508
17325,280,1,96.8,96.8,280,3,At Risk / Hibernating,1.0,0.21318148639732568,416.9460280538009,87.13670482981304
17329,14,2,523.11,261.555,315,0,Potential Loyalists,0.9994549081661749,0.42790729133838334,353.5863190572976,148.32590053671856
17330,23,2,363.9,181.95,68,0,Potential Loyalists,0.9992969040707226,1.208274543392365,270.1125657455254,319.9504308642658
17331,124,1,175.2,175.2,124,3,At Risk / Hibernating,1.0,0.3875529112726038,416.9460280538009,158.41008131231266
17333,86,1,494.25,494.25,86,3,At Risk / Hibernating,1.0,0.48321863399917936,416.9460280538009,197.5129490548465
17334,302,2,307.02000000000004,153.51000000000002,309,3,At Risk / Hibernating,0.9903451312506016,0.43188071273256246,229.24159939370327,97.05749943470026
17337,151,4,2027.8700000000001,506.96750000000003,310,2,Loyal Customers,0.9972579251410241,0.9062369353826023,357.00196419042607,317.164312737216
17338,17,8,6643.93,830.49125,361,1,Champions,0.9996302890711142,1.6375073339229969,779.1726728163093,1250.8031513439062
17339,94,2,243.36,121.68,365,3,At Risk / Hibernating,0.9992046222680263,0.3785096552150264,309.0716021459741,114.68533566168321
17340,30,11,12353.29,1123.0263636363636,366,1,Champions,0.9995373592291313,1.6185347636950076,1245.2505991136425,1975.8355136974596
17341,157,3,781.36,260.4533333333333,367,2,Loyal Customers,0.9988540931852824,0.3775069558414728,348.0491112995762,128.80636113671773
17343,355,1,193.64,193.64,355,3,At Risk / Hibernating,1.0,0.17546758383321467,416.9460280538009,71.72135815126113
17344,46,1,160.57,160.57,46,3,At Risk / Hibernating,1.0,0.647176515107259,416.9460280538009,264.5299144689541
17345,15,4,537.74,134.435,197,0,Potential Loyalists,0.9994769699965004,0.9595667062360435,282.84335941526126,266.06833778329036
17346,4,15,2676.56,178.43733333333333,373,1,Champions,0.9997985552744018,2.814692228868296,212.90249223910126,587.4673215932119
17347,86,1,228.96,228.96,86,3,At Risk / Hibernating,1.0,0.4800999270339793,416.9460280538009,196.23819354080604
17348,15,5,1159.52,231.904,298,2,Loyal Customers,0.9995743712145333,1.186397200237165,287.54261020649494,334.4293005243439
17349,179,1,110.75,110.75,179,3,At Risk / Hibernating,1.0,0.300020934317706,416.9460280538009,122.63185288017826
17350,8,4,1286.07,321.5175,51,0,Potential Loyalists,0.9994608286455934,2.119368057297205,510.4389506788105,1060.5293629513435
17351,36,3,587.15,195.71666666666667,273,2,Loyal Customers,0.9993925497318139,0.7434401223724768,276.2532535967698,201.33780974846098
17353,129,2,1740.0,870.0,154,2,Loyal Customers,0.9975344954712576,0.735488689837713,626.1748827766535,451.4853626181123
17354,51,1,1393.06,1393.06,51,2,Loyal Customers,1.0,0.6254118329543538,416.9460280538009,255.63370703390643
17356,312,1,178.22,178.22,312,3,At Risk / Hibernating,1.0,0.19578783183211276,416.9460280538009,80.02714551866629
17357,24,2,388.14,194.07,24,0,Potential Loyalists,1.0,0.8003708770294453,416.9460280538009,327.14737958121214
17358,303,2,365.85,182.925,355,3,At Risk / Hibernating,0.9949858357607035,0.38580182907654736,279.4182151465335,105.67951859720668
17359,11,1,127.86,127.86,11,0,Potential Loyalists,1.0,0.9305304735307653,416.9460280538009,380.34951849305605
17360,17,3,585.79,195.26333333333332,184,0,Potential Loyalists,0.9994216574272218,0.6494878412590641,342.082412031039,217.8079636174223
17361,49,3,488.2,162.73333333333332,292,2,Loyal Customers,0.9993292458477581,0.7062200326031334,293.518319894975,203.21098039162308
17362,239,2,312.23,156.115,310,3,At Risk / Hibernating,0.996839207976536,0.4335625602621877,299.31337029270856,127.21834676363548
17364,1,11,4481.18,407.38000000000005,331,1,Champions,0.9997669345755464,2.2104220851007126,445.7139219486028,965.8361794493485
17365,13,8,4801.56,600.195,333,1,Champions,0.9996399938751951,1.531605887613761,634.2729625094559,952.347039734736
17367,238,1,168.4,168.4,238,3,At Risk / Hibernating,1.0,0.24235166221690915,416.9460280538009,99.05985274143755
17368,23,8,1912.67,239.08375,338,1,Champions,0.9995744298186883,1.7342098678239828,224.78011390004713,382.1479756933975
17370,73,4,446.18,111.545,170,2,Loyal Customers,0.9984411427811821,1.4448957070162807,197.1907135816914,279.31554511142514
17371,17,3,423.89,141.29666666666665,361,0,Potential Loyalists,0.9994517167632084,0.38212548913517064,375.06551278637386,140.50279603335676
17372,41,8,1342.68,167.835,363,2,Loyal Customers,0.999422202344104,1.6333678999473586,202.790857900035,324.71652326222136
17373,40,4,646.92,161.73,313,2,Loyal Customers,0.9993994126916382,0.9034152987013907,237.08890899182796,209.97646864734384
17374,219,2,495.77,247.885,281,3,At Risk / Hibernating,0.9969813695343446,0.46831852479387787,364.70229826733555,167.4371087157901
17375,199,3,400.1,133.36666666666667,361,3,At Risk / Hibernating,0.9974350552197854,0.5901247644620091,245.24247760716653,141.8768076894313
17376,71,2,203.2,101.6,311,3,At Risk / Hibernating,0.9992613002362017,0.43232831268699085,269.350564677949,114.15723075407574
17377,24,20,4100.92,205.046,374,1,Champions,0.9995993137086453,4.035243404176293,216.35668678991564,855.87855836785
17379,11,1,404.66,404.66,11,0,Potential Loyalists,1.0,0.9305304735307653,416.9460280538009,380.34951849305605
17381,9,29,20275.61,699.1589655172414,372,1,Champions,0.9998003266787522,4.045206545657236,978.1837322863809,3879.1201046094448
17382,65,1,65.4,65.4,65,3,At Risk / Hibernating,1.0,0.5553722353508629,416.9460280538009,227.0053685269044
17383,4,1,199.29,199.29,4,0,Potential Loyalists,1.0,1.0198350377202603,416.9460280538009,416.8523623056601
17384,19,2,336.4,168.2,219,0,Potential Loyalists,0.9994230412707628,0.5705459343823949,274.6152993266583,153.59860877652088
17385,15,1,261.11,261.11,15,0,Potential Loyalists,1.0,0.8968719462723965,416.9460280538009,366.59174757508026
17386,8,6,2686.42,447.7366666666667,166,1,Champions,0.9995586705972866,1.471242547814659,614.3512064426427,886.0804358058462
17387,20,2,784.11,392.055,34,0,Potential Loyalists,0.9992576644655983,1.6111606418967486,426.5167485067863,673.670326545228
17388,78,4,1259.56,314.89,288,2,Loyal Customers,0.9990019009249932,0.9664771651696569,327.42702771666274,310.2259304043834
17389,1,34,31833.68,936.2847058823529,331,1,Champions,0.9999064622259614,7.1597362104551925,1001.5133457463518,7029.52430842429
17391,164,2,508.8,254.4,165,3,At Risk / Hibernating,0.9954298835421279,0.7024315384557871,271.3871857131076,186.88108865419426
17392,307,2,457.91,228.955,358,3,At Risk / Hibernating,0.9949211606344607,0.383066111649715,291.5871412863133,109.4999522081693
17394,219,1,203.86999999999998,203.86999999999998,219,3,At Risk / Hibernating,1.0,0.2583432395482752,416.9460280538009,105.59632209765707
17396,39,8,7330.8,916.35,372,1,Champions,0.999439604647214,0.7823004104658771,1781.1675571998826,1365.9985446229778
17397,22,2,696.41,348.205,22,0,Potential Loyalists,1.0,0.8179731769372953,416.9460280538009,334.34223777226634
17398,115,3,653.38,217.79333333333332,255,2,Loyal Customers,0.9984897505133135,0.7840376169551021,263.34789296947463,202.41314327313512
17400,126,5,2129.96,425.992,353,2,Loyal Customers,0.9980493448608793,1.0273841240014812,424.303879553038,427.3481203803193
17402,5,13,2633.85,202.60384615384615,369,1,Champions,0.9997712445437331,2.429490743119865,218.6347545285871,520.7226748894694
17403,36,1,281.62,281.62,36,0,Potential Loyalists,1.0,0.7088474102284074,416.9460280538009,289.73759499029745
17404,4,15,31906.82,2127.1213333333335,360,1,Champions,0.9998000074259548,3.1097165090758017,2057.6317675362243,6272.786846505132
17405,1,3,1031.41,343.80333333333334,150,0,Potential Loyalists,0.9995506086946253,1.1612368415043284,355.0912644790589,404.2340750687258
17406,333,3,2200.42,733.4733333333334,367,2,Loyal Customers,0.9928352829252427,0.37523220645159017,916.3448893097254,337.07837611598364
17408,163,1,32.65,32.65,163,3,At Risk / Hibernating,1.0,0.32071706674369577,416.9460280538009,131.09128540751263
17409,185,2,771.85,385.925,248,3,At Risk / Hibernating,0.9975141719578756,0.5173537980444736,460.5204688738446,233.5653892638045
17410,16,5,1214.72,242.94400000000002,215,2,Loyal Customers,0.9995335244493933,1.5289090894180855,270.6899326257122,405.7194912497962
17411,12,3,778.94,259.6466666666667,261,0,Potential Loyalists,0.9995074290879369,0.7705655470099293,309.36490224663044,233.69670170946142
17412,3,7,1258.06,179.72285714285712,372,1,Champions,0.9996982009655968,1.3927633606369325,215.8510490924858,294.71583499130463
17414,44,2,778.0,389.0,185,2,Loyal Customers,0.9992842566703362,0.6493985494968596,307.5198908810914,195.7746741203502
17415,80,1,507.84,507.84,80,3,At Risk / Hibernating,1.0,0.5028162745542563,416.9460280538009,205.5233846940691
17416,30,7,6893.42,984.7742857142857,281,1,Champions,0.9994719941971667,1.7544933524142436,734.730005041382,1263.7220710153229
17418,42,2,463.46000000000004,231.73000000000002,324,0,Potential Loyalists,0.9993735484016062,0.4191394319321044,361.12320234387096,148.38355174721636
17419,11,12,4226.57,352.21416666666664,367,1,Champions,0.9997121733060098,2.234145734892195,388.54026883483914,850.9804227212112
17420,50,3,598.83,199.61,374,2,Loyal Customers,0.9993772301605957,0.5752200106925742,301.34683486056554,169.93095009941055
17422,16,6,1979.37,329.895,296,2,Loyal Customers,0.999584765149612,1.4361212198698967,347.75124583987474,489.5891892780603
17423,46,2,698.41,349.205,218,2,Loyal Customers,0.999298409957791,0.5744647206261574,339.3807718823592,191.12721706432404
17425,19,2,759.1700000000001,379.58500000000004,61,0,Potential Loyalists,0.9993185501241802,1.2738915435898375,256.8121834751019,320.7158302630443
17426,8,6,5037.26,839.5433333333334,282,1,Champions,0.9995708581071371,0.9808038877046745,1039.3525745794534,999.3487015475278
17427,72,1,100.8,100.8,72,3,At Risk / Hibernating,1.0,0.5315606090478071,416.9460280538009,217.27248589139984
17428,1,28,17256.85,616.3160714285714,369,1,Champions,0.9998665020972888,4.28840344883109,821.6135111838182,3454.103180244174
17429,128,3,524.9200000000001,174.97333333333336,219,3,At Risk / Hibernating,0.9976478316010474,0.8843809710470689,260.30241741385345,225.67819367782516
17430,33,2,265.76,132.88,365,0,Potential Loyalists,0.9994141928558972,0.37858904284914097,295.12467351518285,109.53310132813232
17431,313,1,403.3,403.3,313,3,At Risk / Hibernating,1.0,0.19476261637545175,416.9460280538009,79.60809443461496
17432,18,2,365.76,182.88,37,0,Potential Loyalists,0.9992843523345273,1.5503752211470476,312.0780427216844,474.3211467651063
17433,88,1,303.16,303.16,88,3,At Risk / Hibernating,1.0,0.47398174500857093,416.9460280538009,193.73741798726365
17434,2,7,2373.82,339.1171428571429,85,1,Champions,0.9996801029426682,3.9885179251770038,329.38351474275737,1287.9114269210017
17436,2,2,216.3,108.15,227,0,Potential Loyalists,0.9994874813820939,0.5570414960223464,267.7572897184712,146.2179807925842
17438,254,1,388.45000000000005,388.45000000000005,254,3,At Risk / Hibernating,1.0,0.23106003589612162,416.9460280538009,94.44446280287912
17440,157,3,186.42000000000002,62.14000000000001,248,3,At Risk / Hibernating,0.9982357140739235,0.5193666220305354,252.9329053128951,128.78084687925366
17442,37,6,2248.56,374.76,290,2,Loyal Customers,0.9994081320375351,1.4598661129675348,372.01750299095363,532.4127332361782
17443,220,1,534.24,534.24,220,3,At Risk / Hibernating,1.0,0.2583432395482752,416.9460280538009,105.59632209765707
17444,148,3,2940.04,980.0133333333333,173,2,Loyal Customers,0.9936767089252395,1.0490154906839908,712.2332983087931,732.4470858807782
17446,177,2,120.89999999999999,60.449999999999996,310,3,At Risk / Hibernating,0.9984078922668881,0.43309894769592255,248.77653585338774,105.62540862147827
17447,40,2,541.53,270.765,72,0,Potential Loyalists,0.9990582126892869,1.1734604251638732,302.46297470535745,347.9468703566316
17449,2,7,2520.86,360.1228571428572,360,1,Champions,0.9996713540976668,1.2248294285266699,376.70012343044067,452.31744669231284
17450,8,46,194550.79,4229.365,368,1,Champions,0.9998220578453498,5.536229489239324,7104.927025766624,38560.78124756569
17451,1,7,1721.4,245.91428571428574,106,1,Champions,0.9996374474862162,2.4958446731469928,360.33920783918813,881.6606686878256
17453,18,2,486.72,243.36,64,0,Potential Loyalists,0.9993460843221945,1.2355993653565367,291.2269225998226,352.7617570053451
17454,192,4,517.53,129.3825,360,2,Loyal Customers,0.9961772073421414,0.8016100681053149,201.07994136702274,158.01700422988353
17455,204,1,131.7,131.7,204,3,At Risk / Hibernating,1.0,0.2735430290236236,416.9460280538009,111.80915293028877
17456,365,1,249.86,249.86,365,3,At Risk / Hibernating,1.0,0.17142403939022,416.9460280538009,70.06858213503683
17457,127,5,1737.7,347.54,339,2,Loyal Customers,0.9979059915620473,1.0624863768087407,355.7915984609849,370.58771260726326
17458,15,1,316.5,316.5,15,0,Potential Loyalists,1.0,0.8861871099101,416.9460280538009,362.2243692927614
17459,43,2,657.3,328.65,60,0,Potential Loyalists,0.9989316742857518,1.2733983696575293,389.2202598901405,485.8833830356568
17460,94,6,622.4300000000001,103.73833333333334,373,2,Loyal Customers,0.998712790392126,1.1848956180182977,176.53796874538023,205.06435291671414
17461,23,3,757.46,252.48666666666668,30,0,Potential Loyalists,0.9991894472691056,1.67684116665373,397.5283806208668,653.4804242410864
17462,60,2,675.69,337.845,284,2,Loyal Customers,0.9992842674800702,0.465410564346815,322.4274026758577,147.1092760991384
17463,16,5,1896.41,379.28200000000004,313,2,Loyal Customers,0.999566526184032,1.136693898951166,323.8479821389957,360.87492344468797
17464,158,1,289.96000000000004,289.96000000000004,158,3,At Risk / Hibernating,1.0,0.32778307992647027,416.9460280538009,133.9794803579497
17466,10,2,763.28,381.64,79,0,Potential Loyalists,0.9994206915590826,1.1179690081157907,364.26357037994313,399.2250126384492
17468,10,2,137.0,68.5,14,0,Potential Loyalists,0.999355946886464,1.9803995815718163,238.24706655596916,462.5439898603292
17469,16,5,1870.97,374.194,205,2,Loyal Customers,0.9995280689861668,1.590509357656525,397.16535751657466,619.2695328862571
17470,45,5,1125.07,225.01399999999998,368,2,Loyal Customers,0.9994108528163526,0.9957499413932726,277.3400127509263,270.72898489514023
17472,191,3,710.29,236.76333333333332,299,2,Loyal Customers,0.9964964967454475,0.6889077141243161,298.1244437125016,201.34022636268907
17475,79,1,194.37,194.37,79,3,At Risk / Hibernating,1.0,0.5028162745542563,416.9460280538009,205.5233846940691
17480,78,1,511.82,511.82,78,3,At Risk / Hibernating,1.0,0.5097069171828498,416.9460280538009,208.33989986882636
17481,4,4,1255.59,313.8975,94,0,Potential Loyalists,0.9995779536129247,2.1252866400301826,355.51589505516665,740.7112031877932
17483,65,3,414.04,138.01333333333335,183,2,Loyal Customers,0.9989693386729916,1.0085623461742073,235.3067715673028,232.6533099484425
17486,261,1,396.87,396.87,261,3,At Risk / Hibernating,1.0,0.22545763665263796,416.9460280538009,92.15451311587614
17489,59,2,376.64,188.32,213,3,At Risk / Hibernating,0.9992231136794743,0.5846440263234696,302.0150104413883,173.09797661257045
17490,1,7,2092.32,298.90285714285716,177,1,Champions,0.9996802008871137,2.1397743933386137,368.6746277828544,773.3631183959824
17491,1,10,3558.87,355.887,368,1,Champions,0.9997616160452725,2.0279001328992288,365.689142063306,726.9937073426174
17492,248,1,374.57,374.57,248,3,At Risk / Hibernating,1.0,0.2347051557808809,416.9460280538009,95.93438541334791
17495,8,2,497.56,248.78,39,0,Potential Loyalists,0.9994236219424875,1.5360931306341534,295.96056559537266,445.68071664832564
17496,359,1,271.05,271.05,359,3,At Risk / Hibernating,1.0,0.17423463160989283,416.9460280538009,71.21739587129507
17498,76,1,272.21999999999997,272.21999999999997,76,3,At Risk / Hibernating,1.0,0.5167890469682096,416.9460280538009,211.23468452120443
17499,290,1,622.88,622.88,290,3,At Risk / Hibernating,1.0,0.20782134568035082,416.9460280538009,84.94577714382915
17500,17,3,1138.0,379.3333333333333,30,0,Potential Loyalists,0.9992396916124735,2.5947706655785145,422.03486097658265,1073.5443306739753
17501,221,2,288.6,144.3,221,3,At Risk / Hibernating,1.0,0.257449145364551,416.9460280538009,105.23086600159385
17502,9,4,689.1,172.275,29,0,Potential Loyalists,0.9994318471129682,3.513194045333842,227.68514032815955,784.1689217972983
17503,3,2,558.96,279.48,39,0,Potential Loyalists,0.9994727825393007,1.5361686894396538,325.31377035607113,489.9071797916404
17504,206,9,2997.03,333.00333333333333,323,2,Loyal Customers,0.9755320755441985,1.3083625771268372,493.36500842227275,632.8028930602204
17505,162,2,1145.8400000000001,572.9200000000001,206,2,Loyal Customers,0.997434726498028,0.5985094247199341,528.6618370683232,310.18508367563936
17506,76,1,302.2,302.2,76,3,At Risk / Hibernating,1.0,0.5167890469682096,416.9460280538009,211.23468452120443
17507,262,2,605.58,302.79,309,3,At Risk / Hibernating,0.9956741830475089,0.43305584745739784,346.7837277085706,147.22259753706362
17508,281,1,387.31,387.31,281,3,At Risk / Hibernating,1.0,0.21318148639732568,416.9460280538009,87.13670482981304
17509,58,8,6115.14,764.3925,63,2,Loyal Customers,0.9978078546165978,1.923453880839908,720.9843017206921,1359.502528075407
17510,25,1,308.48,308.48,25,0,Potential Loyalists,1.0,0.8003708770294453,416.9460280538009,327.14737958121214
17511,3,31,91062.38,2937.496129032258,374,1,Champions,0.9998809175456498,5.664976563776426,3185.563980666504,17691.17032312417
17512,29,10,2924.9900000000002,292.499,302,1,Champions,0.9994950161648551,2.3889950438126073,286.89304573601606,671.904213206341
17513,72,1,513.2,513.2,72,3,At Risk / Hibernating,1.0,0.5277891125744973,416.9460280538009,215.73090573137534
17514,128,1,208.65,208.65,128,3,At Risk / Hibernating,1.0,0.37771369014749023,416.9460280538009,154.38835155991666
17515,31,4,639.02,159.755,318,2,Loyal Customers,0.9994592252884462,0.8894612144703749,214.49057495273922,187.0282334516584
17516,15,5,768.08,153.616,286,2,Loyal Customers,0.9995363047921672,0.9724577941492114,222.34345401805945,211.96642936592087
17517,309,1,153.94,153.94,309,3,At Risk / Hibernating,1.0,0.197346053596166,416.9460280538009,80.66405995347172
17519,17,6,1844.02,307.33666666666664,368,2,Loyal Customers,0.9995970351269131,1.1995142356581936,323.519050008238,380.4321593773726
17520,54,1,546.81,546.81,54,3,At Risk / Hibernating,1.0,0.6100253908571814,416.9460280538009,249.34457445004938
17521,30,3,723.21,241.07000000000002,199,2,Loyal Customers,0.9993868466060597,0.9487383745148312,331.57096830520027,308.3862448840956
17522,2,5,1070.71,214.142,218,1,Champions,0.9996414057694875,1.5130896413548307,272.8098271634442,404.6660490649922
17523,11,4,652.74,163.185,19,0,Potential Loyalists,0.9993528214029015,2.8901020770603663,280.9857456946127,796.1048128598072
17524,361,1,145.0,145.0,361,3,At Risk / Hibernating,1.0,0.1730188856104194,416.9460280538009,70.72046654117295
17525,360,1,422.7,422.7,360,3,At Risk / Hibernating,1.0,0.17382748901044126,416.9460280538009,71.0509786265233
17526,5,4,1195.8999999999999,298.97499999999997,366,0,Potential Loyalists,0.9995929236963945,0.7932378778048537,349.3075351459896,271.63348445369104
17527,54,4,939.37,234.8425,218,2,Loyal Customers,0.9991419794329561,1.1990243525883901,272.04154314407407,319.7682146628725
17528,1,8,3628.5,453.5625,71,1,Champions,0.999692741717767,4.387479597894346,419.7014870478954,1805.2123294972264
17530,1,10,2385.0,238.5,365,1,Champions,0.9997448399408658,1.8299065750882182,280.4309961817016,503.06829083737466
17531,190,1,296.7,296.7,190,3,At Risk / Hibernating,1.0,0.2872759640374873,416.9460280538009,117.42241536473252
17534,54,1,223.36,223.36,54,3,At Risk / Hibernating,1.0,0.6100253908571814,416.9460280538009,249.34457445004938
17535,280,1,164.4,164.4,280,3,At Risk / Hibernating,1.0,0.21318148639732568,416.9460280538009,87.13670482981304
17536,177,1,76.5,76.5,177,3,At Risk / Hibernating,1.0,0.3024606876171741,416.9460280538009,123.62908884763294
17537,30,2,897.62,448.81,303,0,Potential Loyalists,0.9994092798581479,0.44169214747191,347.66118348335556,150.5385556555586
17538,26,1,98.42,98.42,26,0,Potential Loyalists,1.0,0.7918508048730493,416.9460280538009,323.66483987382634
17540,25,2,578.9,289.45,316,0,Potential Loyalists,0.9994271244779608,0.4267838581433467,367.602520512414,153.80070247079283
17542,270,1,170.75,170.75,270,3,At Risk / Hibernating,1.0,0.22012048426804184,416.9460280538009,89.97298166620061
17545,43,3,645.96,215.32000000000002,43,2,Loyal Customers,1.0,0.6645208110997811,416.9460280538009,271.6193111494694
17548,234,1,103.3,103.3,234,3,At Risk / Hibernating,1.0,0.24636484794754618,416.9460280538009,100.7002203133716
17549,24,2,148.86,74.43,52,0,Potential Loyalists,0.9992486364831034,1.3693757579909094,280.115561578073,376.03843658576585
17550,197,3,267.16,89.05333333333334,243,3,At Risk / Hibernating,0.9968521863907754,0.525297022400003,275.6266825618051,141.9378130997395
17551,359,1,306.84,306.84,359,3,At Risk / Hibernating,1.0,0.17382748901044126,416.9460280538009,71.0509786265233
17552,60,4,930.41,232.6025,372,2,Loyal Customers,0.9993293846466984,0.5764968561172552,353.1293969271494,199.57341189478817
17553,130,1,1487.6,1487.6,130,3,At Risk / Hibernating,1.0,0.3758054953050638,416.9460280538009,153.60838699821088
17554,1,5,1952.45,390.49,148,1,Champions,0.9996394463901218,2.0012267658910945,322.51603013720614,632.7320858376315
17555,20,2,483.26,241.63,335,0,Potential Loyalists,0.9994436924126721,0.4077263276341354,357.3085788177009,142.8183597874541
17556,206,1,157.9,157.9,206,3,At Risk / Hibernating,1.0,0.2715459560664511,416.9460280538009,110.99286025667325
17557,14,3,541.46,180.48666666666668,81,0,Potential Loyalists,0.9994148043266627,1.6953058110680956,233.46179467468585,388.0040100262331
17560,95,4,854.95,213.7375,311,2,Loyal Customers,0.9988310518277721,0.9076664808107477,282.9865983745219,251.80486513818235
17561,19,1,167.62,167.62,19,0,Potential Loyalists,1.0,0.8458779098923013,416.9460280538009,345.74816836534876
17562,14,7,1122.38,160.34,173,2,Loyal Customers,0.9995605343726007,2.5377506383595816,182.5686613748745,454.2003217886487
17564,24,3,454.01,151.33666666666667,80,0,Potential Loyalists,0.9992711621545717,1.706441315085163,259.3009487923473,433.77828900729514
17566,8,2,901.21,450.605,25,0,Potential Loyalists,0.9994007468895908,1.7486038055039699,449.2751803917331,770.1519070684212
17567,7,8,4331.48,541.435,372,1,Champions,0.9996944037060773,1.5967645341818448,526.5442279439895,824.2286852442171
17569,332,1,344.14,344.14,332,3,At Risk / Hibernating,1.0,0.18553319215907066,416.9460280538009,75.83561899017326
17571,50,4,1498.51,374.6275,298,2,Loyal Customers,0.9993119426294066,0.9377982063946834,408.1405080517485,375.2243899361966
17572,71,4,226.75000000000003,56.68750000000001,373,3,At Risk / Hibernating,0.9992322873876323,0.7785988605379778,154.08990714338694,117.61422691253242
17573,29,3,380.6,126.86666666666667,94,0,Potential Loyalists,0.9992252693621317,1.569400670550647,218.5471783903626,336.2415131868441
17574,243,1,185.65,185.65,243,3,At Risk / Hibernating,1.0,0.23923404042787236,416.9460280538009,97.78554201937808
17576,8,19,3622.68,190.66736842105263,365,1,Champions,0.9997894669644006,3.695787117784399,219.5894001363123,795.5919986667469
17578,218,1,143.45999999999998,143.45999999999998,218,3,At Risk / Hibernating,1.0,0.25924356559595163,416.9460280538009,105.96432543534883
17579,5,3,448.90000000000003,149.63333333333335,179,0,Potential Loyalists,0.9995355211914673,1.0254125679419535,243.37854547250214,244.65437960324056
17580,253,3,215.72,71.90666666666667,358,3,At Risk / Hibernating,0.9945024182801333,0.5925238832507422,206.85179404709532,120.1536663119058
17581,1,25,11045.04,441.8016,372,1,Champions,0.9997669345755464,2.00491884916076,1056.9382484337202,2077.391886620444
17582,236,1,175.27,175.27,236,3,At Risk / Hibernating,1.0,0.24394114397377223,416.9460280538009,99.70954465494869
17584,7,2,1242.3,621.15,127,0,Potential Loyalists,0.9994556672063799,0.8384407288280523,451.9999114818546,371.5205200549848
17585,109,4,1133.07,283.2675,338,2,Loyal Customers,0.9987055923653516,0.8451127378940059,288.3666968108969,238.9085414966406
17588,100,3,1240.2,413.40000000000003,233,2,Loyal Customers,0.9986117091095663,0.8440571183835054,419.8234160710486,347.3845370115737
17589,60,4,2404.17,601.0425,240,2,Loyal Customers,0.9991026372232887,1.113605972086824,552.0035239827325,602.6226194291107
17590,2,3,1479.22,493.0733333333333,40,0,Potential Loyalists,0.9995325347274635,2.3334964436032433,510.44210988581835,1167.686401421634
17591,73,7,2225.9700000000003,317.9957142857143,367,2,Loyal Customers,0.9989783289601963,1.407721276050037,321.7230389719603,443.98757338969745
17593,4,5,3927.34,785.4680000000001,353,1,Champions,0.9996350146345985,1.0314607201325747,726.0548951910283,734.165712049034
17594,85,2,993.1800000000001,496.59000000000003,255,2,Loyal Customers,0.9991104287501237,0.5085547484459844,537.5887950296873,268.0154461946562
17595,12,2,388.79,194.395,37,0,Potential Loyalists,0.9993656071230842,1.550501286776399,331.02185108046115,503.1543701195625
17596,23,7,2827.93,403.98999999999995,369,1,Champions,0.9995768283197407,1.405341342492594,407.6839325093031,561.665043429223
17597,214,1,2044.3700000000001,2044.3700000000001,214,3,At Risk / Hibernating,1.0,0.26384099464975075,416.9460280538009,107.84349938648381
17600,18,1,161.67000000000002,161.67000000000002,18,0,Potential Loyalists,1.0,0.8655634485010557,416.9460280538009,353.79454187048543
17601,239,1,116.00999999999999,116.00999999999999,239,3,At Risk / Hibernating,1.0,0.24156466375370944,416.9460280538009,98.73817145590178
17602,2,6,5102.97,850.495,324,1,Champions,0.9996705522094974,1.333913275575372,782.081727753911,1022.708181873098
17603,78,1,394.72,394.72,78,3,At Risk / Hibernating,1.0,0.5062381486691934,416.9460280538009,206.92205834880286
17604,217,2,309.36,154.68,312,3,At Risk / Hibernating,0.99762791389043,0.43048864132930814,304.34257733871243,128.4388082130958
17608,33,2,193.42,96.71,33,0,Potential Loyalists,1.0,0.7297081291462637,416.9460280538009,298.26431428360155
17609,41,5,1112.22,222.44400000000002,327,2,Loyal Customers,0.9994095147211776,0.8692017235311772,280.42498970356604,238.95120614262018
17611,7,15,3984.22,265.61466666666666,361,1,Champions,0.999769952263374,2.8931571136692185,298.327835714724,846.1314983898517
17612,53,6,2048.45,341.4083333333333,298,2,Loyal Customers,0.9992045406736079,1.4316524682980163,361.51688479724436,507.38569281822936
17613,23,14,4559.150000000001,325.65357142857147,306,1,Champions,0.9995792495670716,2.6041619963381253,399.2922816292902,1019.3680426770587
17614,57,1,390.07,390.07,57,3,At Risk / Hibernating,1.0,0.5906504285268684,416.9460280538009,241.4251543093273
17615,130,3,329.6,109.86666666666667,222,3,At Risk / Hibernating,0.9976389399905771,0.8722153623031185,209.05692053861358,178.7558573308158
17616,174,3,571.1999999999999,190.39999999999998,368,3,At Risk / Hibernating,0.9981503739876884,0.5824205830333902,230.83965285812403,131.80108834159927
17618,6,3,971.58,323.86,362,0,Potential Loyalists,0.9995415126737223,0.5899988428479519,359.2614177294945,207.79429104182833
17619,312,1,218.52,218.52,312,3,At Risk / Hibernating,1.0,0.19527387847787794,416.9460280538009,79.81706995934152
17620,60,1,81.44,81.44,60,3,At Risk / Hibernating,1.0,0.581417266065254,416.9460280538009,237.65114495636038
17621,21,3,1379.9,459.9666666666667,354,2,Loyal Customers,0.9994877308144184,0.6011256997182693,513.809824556246,302.7886399279015
17623,33,1,527.05,527.05,33,0,Potential Loyalists,1.0,0.7369372624707086,416.9460280538009,301.2191881649226
17624,15,2,843.48,421.74,218,0,Potential Loyalists,0.999441941165691,0.5725450247990523,429.06137025366246,240.82468442552272
17625,18,4,2047.0,511.75,258,2,Loyal Customers,0.9995117224844243,1.0559621798299066,476.1203685267126,492.87538658429236
17628,81,1,75.75,75.75,81,3,At Risk / Hibernating,1.0,0.49610945640804094,416.9460280538009,202.78200691206723
17629,6,8,1814.1200000000001,226.76500000000001,360,1,Champions,0.9997043989451585,1.6452812751080512,252.45191781652022,407.18411928582714
17630,170,2,503.6,251.8,232,3,At Risk / Hibernating,0.9977067601383763,0.5449634365095103,302.02424681796504,161.35450624048278
17631,2,3,528.33,176.11,232,0,Potential Loyalists,0.9995521927271982,0.844852043863493,224.83084112908722,186.21237201351664
17633,31,4,1324.84,331.21,120,2,Loyal Customers,0.9992201525335322,1.820974022357212,354.7932669296206,633.3611158227775
17634,36,9,2361.9700000000003,262.4411111111111,338,2,Loyal Customers,0.9994326594934066,1.9554964986789451,225.00049673475766,431.3328734295552
17636,19,1,285.56,285.56,19,0,Potential Loyalists,1.0,0.8458779098923013,416.9460280538009,345.74816836534876
17637,31,2,547.0600000000001,273.53000000000003,115,0,Potential Loyalists,0.9992865475661812,0.8929839257444688,320.5016181596193,280.57307196442537
17639,276,1,108.5,108.5,276,3,At Risk / Hibernating,1.0,0.21565355312687062,416.9460280538009,88.14714836438557
17640,87,1,621.66,621.66,87,3,At Risk / Hibernating,1.0,0.4800999270339793,416.9460280538009,196.23819354080604
17642,120,2,712.29,356.145,176,3,At Risk / Hibernating,0.9982849380284873,0.6699365534433718,370.7844522430813,243.5158227603625
17643,373,1,101.55,101.55,373,3,At Risk / Hibernating,1.0,0.16832095589037088,416.9460280538009,68.8002142525221
17644,1,11,2895.64,263.24,261,1,Champions,0.9997238699669048,2.1404152102143463,359.9427002794032,755.2722295655676
17646,219,3,1008.39,336.13,365,2,Loyal Customers,0.9967766250111345,0.5842994670729711,392.77744487636716,224.98517458950425
17647,65,1,133.06,133.06,65,3,At Risk / Hibernating,1.0,0.5553722353508629,416.9460280538009,227.0053685269044
17648,61,4,1797.5,449.375,250,2,Loyal Customers,0.9991990461027501,0.7993997729883477,536.9131054050611,420.7653738335626
17649,138,1,868.49,868.49,138,3,At Risk / Hibernating,1.0,0.35946162723961156,416.9460280538009,146.9279175068071
17650,21,1,166.07999999999998,166.07999999999998,21,0,Potential Loyalists,1.0,0.827067906222666,416.9460280538009,338.0596662121936
17651,12,10,3945.0,394.5,177,1,Champions,0.9996255925062781,3.228006838447388,444.0624764599467,1405.2410403733472
17652,25,12,4867.72,405.6433333333334,281,1,Champions,0.9995069788097067,3.0395206058190896,421.7969928938126,1256.8420945885102
17653,37,4,1207.56,301.89,120,2,Loyal Customers,0.9991180619251419,1.8207879729212253,367.36603601096635,655.7384585914454
17654,277,1,117.55,117.55,277,3,At Risk / Hibernating,1.0,0.21503017704195912,416.9460280538009,87.892346853725
17655,11,7,2638.94,376.99142857142857,366,1,Champions,0.9996570849591842,1.4119161482209672,341.7457837130106,473.0249510418255
17656,73,5,1674.69,334.938,129,2,Loyal Customers,0.9967118283988041,2.19796453122634,352.1538981537717,758.796798527558
17658,26,2,595.42,297.71,211,0,Potential Loyalists,0.9993957844099358,0.5868337530095021,352.69500871764774,202.90200870571357
17659,17,12,2999.46,249.955,372,1,Champions,0.9996732971578691,2.4127274531952536,266.12865633987076,629.4655198236467
17660,141,1,196.0,196.0,141,3,At Risk / Hibernating,1.0,0.3543250699750318,416.9460280538009,144.82837702569242
17663,26,7,1802.91,257.55857142857144,287,2,Loyal Customers,0.9995190613550279,1.7250037130436542,267.5944995712746,452.52156080431007
17664,19,2,604.64,302.32,212,0,Potential Loyalists,0.9994251949177211,0.5847622637692969,352.9859545798132,202.35256326515017
17666,4,2,728.16,364.08,66,0,Potential Loyalists,0.9994691382804053,1.2265262219944244,371.74965359534474,446.99195290507845
17667,66,5,2055.51,411.10200000000003,299,2,Loyal Customers,0.9991612064165013,0.9376567489137196,387.32593712654943,356.0347806618122
17668,1,2,347.75,173.875,38,0,Potential Loyalists,0.999481835244757,1.5361826032579382,310.24462197121284,467.21798553207117
17669,43,7,3406.7200000000003,486.67428571428576,250,2,Loyal Customers,0.9992306466959547,1.9305851672180994,476.89337939390805,902.5730682527844
17670,228,1,205.7,205.7,228,3,At Risk / Hibernating,1.0,0.2513596717158101,416.9460280538009,102.74182706787143
17671,16,4,1572.71,393.1775,365,2,Loyal Customers,0.9995504970196444,0.793204209652319,399.5866076819118,310.7190219262436
17672,50,2,3178.17,1589.085,309,2,Loyal Customers,0.9993400222947838,0.43465025770615234,1148.182559572756,489.24088760807234
17673,2,6,1629.12,271.52,320,1,Champions,0.9996753689201453,1.3476365458409165,277.77631996514424,366.97797516336067
17674,74,2,551.04,275.52,369,3,At Risk / Hibernating,0.999285280347606,0.37594128769518986,340.0227000544387,125.3140480093372
17675,1,31,20374.28,657.2348387096774,367,1,Champions,0.9998911766447611,5.949367026561104,694.0786822153162,4048.103344442565
17676,4,6,1387.68,231.28,366,1,Champions,0.9996625179293206,1.2051083350955099,255.11418876302713,301.3926539111741
17677,2,30,16363.23,545.441,369,1,Champions,0.9998425976944971,3.670611547241594,874.418464849058,3146.515172847471
17678,264,1,298.11,298.11,264,3,At Risk / Hibernating,1.0,0.22409923079679753,416.9460280538009,91.5992722480983
17679,53,2,1992.1100000000001,996.0550000000001,86,2,Loyal Customers,0.9989190058355393,1.0666011920908718,385.52570925946736,403.11375916357883
17680,24,1,184.4,184.4,24,0,Potential Loyalists,1.0,0.8090762961242793,416.9460280538009,330.70567908275973
17682,10,6,2474.33,412.3883333333333,368,1,Champions,0.9996340282484448,1.1995586273223737,416.63783146005187,489.9504241249672
17684,44,1,239.41,239.41,44,3,At Risk / Hibernating,1.0,0.6645208110997811,416.9460280538009,271.6193111494694
17685,17,7,3191.53,455.9328571428572,372,1,Champions,0.999623474754806,1.3926592532889666,450.06845594874676,614.4625495544013
17686,7,7,5739.46,819.9228571428572,303,1,Champions,0.9996134458390946,1.1704529895682274,896.8874193042797,1029.1149773708103
17690,30,15,4757.95,317.19666666666666,373,1,Champions,0.999515517056297,2.813895402878931,343.5875674755094,947.8016161285791
17691,358,2,290.40000000000003,145.20000000000002,369,3,At Risk / Hibernating,0.9885221674250106,0.37189209512595506,292.69550647551523,106.70992756741045
17692,127,4,740.94,185.235,359,2,Loyal Customers,0.9984900859498501,0.8034712096417604,212.1234276710499,167.08246217895604
17693,137,1,200.47,200.47,137,3,At Risk / Hibernating,1.0,0.3612070687793727,416.9460280538009,147.64135746902377
17694,142,1,283.12,283.12,142,3,At Risk / Hibernating,1.0,0.3543250699750318,416.9460280538009,144.82837702569242
17695,132,2,765.34,382.67,172,3,At Risk / Hibernating,0.9978482580736604,0.6835969576338514,414.5417862751168,277.80524389550595
17696,38,8,2285.71,285.71375,365,2,Loyal Customers,0.9994523402980902,1.4181472974236764,362.298858348924,503.68647326478737
17697,236,1,338.95,338.95,236,3,At Risk / Hibernating,1.0,0.24394114397377223,416.9460280538009,99.70954465494869
17698,261,1,154.95,154.95,261,3,At Risk / Hibernating,1.0,0.22614303398856098,416.9460280538009,92.4346654809573
17700,17,4,2534.64,633.66,281,2,Loyal Customers,0.9995300620572957,0.9835662377331671,580.483714857662,559.7133062905825
17701,253,1,417.95,417.95,253,3,At Risk / Hibernating,1.0,0.23177997385315355,416.9460280538009,94.73873346268373
17702,30,4,1824.37,456.0925,206,2,Loyal Customers,0.9993887329136714,1.2516594188448877,449.05182329238505,551.0039517413977
17703,35,3,798.74,266.24666666666667,138,2,Loyal Customers,0.9992512083831934,1.228198402450054,333.45069647490425,401.4877611445323
17704,169,2,885.19,442.595,240,3,At Risk / Hibernating,0.99785193851654,0.5326536771222518,454.33209656746703,237.24128349226558
17705,3,9,1823.52,202.61333333333334,302,1,Champions,0.9997313555547588,2.1464031367612253,237.1004148291323,498.9025089259261
17706,4,17,10504.49,617.9111764705882,367,1,Champions,0.9997710724762191,2.4462451704099375,864.1385142046092,2072.3131726107554
17707,185,2,152.4,76.2,336,3,At Risk / Hibernating,0.9984482833363675,0.4053085814056476,256.1194552318507,101.7654152643482
17708,188,2,267.08,133.54,325,3,At Risk / Hibernating,0.9983439128037215,0.4176420731002616,296.6579120269122,121.45965040304142
17709,170,1,137.45,137.45,170,3,At Risk / Hibernating,1.0,0.3126298431258797,416.9460280538009,127.78567627738681
17711,11,2,385.1,192.55,290,0,Potential Loyalists,0.9994636055862128,0.45899200826385733,300.39402635218045,135.1662573014803
17712,45,1,522.91,522.91,45,0,Potential Loyalists,1.0,0.658636996609732,416.9460280538009,269.21433052901926
17714,321,1,153.0,153.0,321,3,At Risk / Hibernating,1.0,0.19125739301930922,416.9460280538009,78.17535400622941
17715,201,1,326.4,326.4,201,3,At Risk / Hibernating,1.0,0.27659433082462875,416.9460280538009,113.0563559043529
17716,23,11,5655.99,514.180909090909,268,1,Champions,0.999545490863945,2.3631608488144313,597.5132231278573,1384.2448916533167
17718,232,1,139.35,139.35,232,3,At Risk / Hibernating,1.0,0.2471834875372397,416.9460280538009,101.03483474191951
17719,38,15,5396.04,359.736,256,1,Champions,0.9989495722679688,4.113961128742885,349.6192399856293,1410.027966572198
17720,26,4,1195.94,298.985,368,2,Loyal Customers,0.9995028957988841,0.7895278605287189,379.27859667196265,293.5605551911336
17722,96,4,2424.04,606.01,367,2,Loyal Customers,0.9989802450941253,0.7909291636758842,480.10082511194673,372.25620675747604
17723,127,6,3276.4000000000005,546.0666666666667,214,2,Loyal Customers,0.9898056136010668,1.8341408694752586,556.4141326771179,1000.4674945028917
17724,71,3,1033.0,344.3333333333333,138,2,Loyal Customers,0.9985461770946436,1.2273318352695397,361.9783357562935,435.5286531232248
17725,16,11,3439.08,312.64363636363635,267,1,Champions,0.9996298362721576,2.8988247210322178,321.28488384744117,913.0286486497281
17727,15,1,1060.25,1060.25,15,0,Potential Loyalists,1.0,0.8861871099101,416.9460280538009,362.2243692927614
17728,4,3,2876.01,958.6700000000001,87,1,Champions,0.9995311838874413,1.6407961945282783,953.0912405915308,1533.0680766714954
17730,3,13,5298.4800000000005,407.5753846153847,326,1,Champions,0.9997864325994944,2.9217813556173406,415.70395435012966,1190.7044212969602
17731,79,4,1240.11,310.0275,183,2,Loyal Customers,0.9987159538136334,1.0083065280841557,335.9591068391814,332.0863747042941
17732,373,1,303.97,303.97,373,3,At Risk / Hibernating,1.0,0.16870268363576454,416.9460280538009,68.95624331496865
17733,39,2,692.19,346.095,262,0,Potential Loyalists,0.9993631501873165,0.4978917397401411,443.8672819060853,216.65062717128006
17734,54,3,700.63,233.54333333333332,234,2,Loyal Customers,0.999234694831487,0.8417867430011494,339.1530651241742,279.8786787538726
17735,2,19,13110.02,690.001052631579,368,1,Champions,0.9998359897566415,3.67900576239142,723.4271652505001,2609.1398975187603
17736,9,3,377.44,125.81333333333333,113,0,Potential Loyalists,0.9994880051068535,1.3972713669360672,175.6009183248912,240.53582368126746
17737,9,2,168.24,84.12,58,0,Potential Loyalists,0.9994174457782297,1.294088418330775,261.7305540021856,332.0402283468095
17738,19,4,1879.05,469.7625,282,2,Loyal Customers,0.999480832388148,0.7244397801070208,500.74018516453975,355.6204028354745
17739,12,7,2791.35,398.7642857142857,360,1,Champions,0.9996506620480894,1.431654377740182,407.1228993047374,571.3940324871639
17742,113,2,355.11,177.555,333,3,At Risk / Hibernating,0.9990678724514652,0.40960600594787405,248.65646295789085,99.84766448772109
17744,4,6,2322.4,387.06666666666666,358,1,Champions,0.9996667912579973,1.2276923587095452,394.2627885218036,474.51211759136936
17746,240,1,110.25,110.25,240,3,At Risk / Hibernating,1.0,0.24078276007112828,416.9460280538009,98.41857263494691
17747,113,1,71.4,71.4,113,3,At Risk / Hibernating,1.0,0.4111133059469782,416.9460280538009,168.04026903462932
17749,178,2,674.52,337.26,256,3,At Risk / Hibernating,0.9978325935194836,0.5047783458704295,365.4827720880653,180.858750700721
17750,5,9,1797.57,199.73,164,1,Champions,0.9996972130896415,3.4083595500610864,213.89890371309292,714.70414204652
17752,359,1,80.64,80.64,359,3,At Risk / Hibernating,1.0,0.17382748901044126,416.9460280538009,71.0509786265233
17754,1,5,1772.26,354.452,260,1,Champions,0.9996473961115058,1.3199257607112462,386.0160674318271,499.4901479450802
17757,1,30,5605.29,186.843,372,1,Champions,0.9998941477122648,6.0859732502272585,197.17087117647347,1176.3726378543918
17758,19,8,3456.7,432.0875,250,1,Champions,0.9995426425968775,1.6431504023279748,544.7862470066356,877.5574088203126
17759,17,3,834.99,278.33,169,0,Potential Loyalists,0.9994168295472744,0.6904261443774702,532.8135883395422,360.63222174813745
17760,22,2,287.59,143.795,373,0,Potential Loyalists,0.9994433042372669,0.3717469356562642,277.52475794831344,101.13953441903732
17761,33,1,712.78,712.78,33,0,Potential Loyalists,1.0,0.7369372624707086,416.9460280538009,301.2191881649226
17763,263,1,15.0,15.0,263,3,At Risk / Hibernating,1.0,0.22409923079679753,416.9460280538009,91.5992722480983
17764,51,2,818.82,409.41,211,2,Loyal Customers,0.9992705068759231,0.586760191477025,481.55631652724,276.99993876443705
17765,159,3,371.88,123.96,257,3,At Risk / Hibernating,0.9970918550803779,0.7805306674934266,232.6814705437331,178.04251947828718
17767,15,1,271.2,271.2,15,0,Potential Loyalists,1.0,0.8861871099101,416.9460280538009,362.2243692927614
17768,8,3,2273.1800000000003,757.7266666666668,166,0,Potential Loyalists,0.9995107609118652,1.0821190327827088,741.6992220715304,786.8192032925693
17769,13,10,3997.98,399.798,321,1,Champions,0.9996828997864879,2.2727363362911235,404.0744362453913,900.290158271906
17770,199,5,1143.27,228.654,282,2,Loyal Customers,0.990648657060895,0.972049201228912,246.31502157147503,234.72055512205458
17771,57,2,245.81,122.905,323,3,At Risk / Hibernating,0.9993250715221683,0.4191191006238144,284.4335676276723,116.86653049388508
17772,11,2,182.77,91.385,11,0,Potential Loyalists,1.0,0.9423185242075718,416.9460280538009,385.1678312717569
17774,97,4,1225.41,306.3525,305,2,Loyal Customers,0.998778094817313,0.9197530805694679,358.0270878103868,322.81900314617315
17775,255,1,56.4,56.4,255,3,At Risk / Hibernating,1.0,0.23034455654361954,416.9460280538009,94.15201457393238
17777,25,3,665.86,221.95333333333335,100,0,Potential Loyalists,0.9993160344354168,1.5045182435803544,302.35146268907954,445.94551445408564
17779,21,3,658.57,219.52333333333334,144,0,Potential Loyalists,0.9994042687647486,1.199410311382446,259.4873420058138,305.1097579155564
17781,159,2,188.02,94.01,253,3,At Risk / Hibernating,0.9982349816937898,0.5096873268609459,264.11815734725815,131.96962932260485
17783,72,2,283.47,141.735,248,3,At Risk / Hibernating,0.9991832879621302,0.5198596300871533,303.3912305513141,154.6183468370249
17785,53,1,131.94,131.94,53,3,At Risk / Hibernating,1.0,0.6100253908571814,416.9460280538009,249.34457445004938
17786,85,2,278.74,139.37,317,3,At Risk / Hibernating,0.9991978622545187,0.42558043234650295,300.0799895485732,125.1960250135422
17787,153,4,1865.19,466.2975,371,2,Loyal Customers,0.9980134417921538,0.781184097102151,387.6740470209155,296.8875760696692
17788,74,2,1117.9,558.95,130,2,Loyal Customers,0.9988201997275654,0.8294420035848237,732.9473960031086,595.9789429428474
17789,281,1,225.9,225.9,281,3,At Risk / Hibernating,1.0,0.21257229995181484,416.9460280538009,86.88770325808089
17790,27,14,1965.55,140.39642857142857,365,1,Champions,0.9995731428518229,2.457057517205255,190.91833337740735,459.8699206439061
17791,30,1,106.1,106.1,30,0,Potential Loyalists,1.0,0.7595104315174132,416.9460280538009,310.44586416142715
17793,25,1,323.04,323.04,25,0,Potential Loyalists,1.0,0.7918508048730493,416.9460280538009,323.66483987382634
17795,180,2,350.39,175.195,265,3,At Risk / Hibernating,0.9979186379181735,0.4926924711035475,310.8172773189672,150.12498280037605
17796,40,4,697.9,174.475,370,2,Loyal Customers,0.9994332369567479,0.7858677431535172,256.674291876231,197.74419325039563
17797,22,3,780.43,260.1433333333333,183,0,Potential Loyalists,0.9993977577124433,0.6546482880196329,459.0057031152686,294.5765046637972
17799,22,10,3055.93,305.59299999999996,361,1,Champions,0.9996025612640785,1.8466661430181346,362.05252663454826,655.4385555545432
17800,37,9,1199.01,133.22333333333333,334,2,Loyal Customers,0.9994151062582892,1.9700189881504595,168.98955036029284,326.3640431000699
17802,82,3,1285.04,428.34666666666664,372,2,Loyal Customers,0.9992066771425989,0.5764260681554259,527.8177484293003,298.2630597858032
17805,74,1,512.31,512.31,74,3,At Risk / Hibernating,1.0,0.5240707584800869,416.9460280538009,214.21104727156546
17806,11,1,546.04,546.04,11,0,Potential Loyalists,1.0,0.9305304735307653,416.9460280538009,380.34951849305605
17809,16,12,5411.91,450.9925,374,1,Champions,0.9996651754961927,2.0001792524234205,576.7630083084357,1130.936793279508
17811,4,39,7837.7300000000005,200.9674358974359,334,1,Champions,0.999882616048144,8.466916312966053,213.22084870245502,1769.811927939767
17812,13,4,732.16,183.04,368,0,Potential Loyalists,0.9995629264655206,0.7877683742685356,240.19548970430867,185.49631829569017
17813,14,5,1770.88,354.17600000000004,71,2,Loyal Customers,0.9994136000642525,3.1013961312032277,377.54616916463294,1147.8889360318458
17816,37,4,36.56,9.14,365,3,At Risk / Hibernating,0.99945278209735,0.793126666908915,121.53563012542847,94.49701187571108
17817,4,3,387.68,129.22666666666666,277,0,Potential Loyalists,0.9994797184823756,0.47492040892141546,278.8778871167975,129.83948808380194
17819,72,7,3704.87,529.2671428571429,371,2,Loyal Customers,0.9990277052440022,1.3949925386686197,502.31851103762835,686.9467009644702
17824,51,1,298.4,298.4,51,3,At Risk / Hibernating,1.0,0.6201974947200376,416.9460280538009,253.5023718707435
17827,5,5,1995.46,399.092,365,1,Champions,0.9995415829215634,0.5872735179161053,382.12143963870085,219.995447513434
17828,23,4,1820.09,455.0225,185,2,Loyal Customers,0.9994435060937533,1.3605853488295838,353.5880864677463,471.6236018337853
17829,299,1,889.24,889.24,299,3,At Risk / Hibernating,1.0,0.20272414061170696,416.9460280538009,82.86232298835459
17830,2,3,398.7,132.9,289,0,Potential Loyalists,0.9995528539824412,0.7123145424916487,219.90879661076997,153.5629128080028
17831,33,1,35.400000000000006,35.400000000000006,33,3,At Risk / Hibernating,1.0,0.7297081291462637,416.9460280538009,298.26431428360155
17832,50,1,155.37,155.37,50,3,At Risk / Hibernating,1.0,0.6307145960879933,416.9460280538009,257.80118548055043
17835,3,3,350.64,116.88,23,0,Potential Loyalists,0.9995279340440768,2.764870698322779,229.57597005496172,622.2630162739756
17836,47,1,110.21000000000001,110.21000000000001,47,3,At Risk / Hibernating,1.0,0.6415945495098853,416.9460280538009,262.2483132538975
17837,42,8,1593.38,199.1725,163,2,Loyal Customers,0.9987133451998681,3.032293028373118,239.97358145427438,713.3569820845216
17838,27,5,2779.3,555.86,372,2,Loyal Customers,0.9995272429940096,0.984574470240652,493.2924109248006,476.12932969948974
17839,42,1,338.8,338.8,42,3,At Risk / Hibernating,1.0,0.6705106996842412,416.9460280538009,274.0676490911154
17841,2,124,40991.57,330.5771774193548,373,1,Champions,0.9999620687417464,22.76695187949143,364.9975515715882,8146.424069487872
17843,303,1,205.48,205.48,303,3,At Risk / Hibernating,1.0,0.19999894856946523,416.9460280538009,81.74841595282066
17844,107,1,51.559999999999995,51.559999999999995,107,3,At Risk / Hibernating,1.0,0.42521324797573734,416.9460280538009,173.80354679285344
17846,85,1,2033.1,2033.1,85,2,Loyal Customers,1.0,0.48321863399917936,416.9460280538009,197.5129490548465
17848,81,9,901.2,100.13333333333334,358,2,Loyal Customers,0.9984007972928746,1.8574046634142194,140.7244035475905,256.24061400742545
17849,218,4,605.8000000000001,151.45000000000002,334,2,Loyal Customers,0.9922321703159979,0.85007871688477,209.81149782088073,174.84787474594918
17850,372,34,5391.21,158.565,374,1,Champions,0.9854255214297725,0.36653296525765516,2021.7313470657004,726.4543112648395
17852,12,2,114.34,57.17,12,0,Potential Loyalists,1.0,0.9305304735307653,416.9460280538009,380.34951849305605
17854,185,2,311.26,155.63,227,3,At Risk / Hibernating,0.9969494037176309,0.5537495658862885,316.52535804335724,171.82796104278248
17855,373,1,208.97,208.97,373,3,At Risk / Hibernating,1.0,0.16870268363576454,416.9460280538009,68.95624331496865
17856,2,4,1418.03,354.5075,282,0,Potential Loyalists,0.9996027669598935,0.9836377814417833,341.17376740728446,328.99008655423006
17857,4,23,26879.04,1168.6539130434783,366,1,Champions,0.9998331175098363,4.110583946524898,1290.8145368354956,5201.630109282451
17858,6,12,5155.66,429.6383333333333,369,1,Champions,0.9997649179176655,2.429475369123513,443.0861438337973,1055.2921582676458
17859,305,1,148.21,148.21,305,3,At Risk / Hibernating,1.0,0.1994626788600413,416.9460280538009,81.52921870406377
17860,369,1,252.8,252.8,369,3,At Risk / Hibernating,1.0,0.17024706722908145,416.9460280538009,69.58750139895466
17861,3,8,2100.8,262.6,320,1,Champions,0.9996915009300807,1.583005230913597,327.2454479034676,507.841265681014
17862,324,1,330.9,330.9,324,3,At Risk / Hibernating,1.0,0.18979348234935203,416.9460280538009,77.57698871983051
17863,59,6,3160.0,526.6666666666666,369,2,Loyal Customers,0.9992571707957525,1.1963686390861372,528.9509774012628,620.3723036171756
17864,13,3,597.5,199.16666666666666,276,0,Potential Loyalists,0.9995095611935135,0.7392039252017507,276.42385077519674,200.31419109665794
17865,31,20,10526.32,526.316,364,1,Champions,0.9994839211647529,3.2877410734338803,634.4284393295212,2044.8070173326978
17866,143,1,329.65000000000003,329.65000000000003,143,3,At Risk / Hibernating,1.0,0.35264535172858624,416.9460280538009,144.14180112956143
17867,30,6,1197.1000000000001,199.51666666666668,289,2,Loyal Customers,0.9994502908364056,0.9642023361113,397.92288246263115,376.1309446982052
17869,107,5,428.18,85.636,368,2,Loyal Customers,0.9988497489980009,0.7872063099509449,167.99269609700033,129.64353698676325
17870,2,12,1894.35,157.86249999999998,367,1,Champions,0.9997396037550003,1.825690325046415,224.0872747830001,401.0664369365884
17871,205,1,155.9,155.9,205,3,At Risk / Hibernating,1.0,0.2725408341327525,416.9460280538009,111.3995112365646
17873,80,5,1859.16,371.832,373,2,Loyal Customers,0.9990760136534923,0.9819033667305564,412.3434152113865,396.91703861880586
17874,185,6,683.46,113.91000000000001,256,2,Loyal Customers,0.9951648208578044,0.7814268040526076,348.83603460340544,267.22778150137856
17877,170,1,237.61,237.61,170,3,At Risk / Hibernating,1.0,0.3113214594893222,416.9460280538009,127.25088151770721
17878,44,1,379.45,379.45,44,3,At Risk / Hibernating,1.0,0.6645208110997811,416.9460280538009,271.6193111494694
17879,174,1,178.52,178.52,174,3,At Risk / Hibernating,1.0,0.3074612026474286,416.9460280538009,125.67302235592369
17880,365,1,458.92,458.92,365,3,At Risk / Hibernating,1.0,0.17181998815269117,416.9460280538009,70.23042396023831
17881,304,1,133.35,133.35,304,3,At Risk / Hibernating,1.0,0.1994626788600413,416.9460280538009,81.52921870406377
17883,3,4,671.77,167.9425,246,0,Potential Loyalists,0.9995924391803642,1.0929282563755676,249.2727552946406,267.07822905548664
17884,4,4,717.45,179.3625,372,0,Potential Loyalists,0.9995966718536992,0.7824233531024634,243.8758515530203,187.0606786644148
17885,12,1,190.19,190.19,12,0,Potential Loyalists,1.0,0.9190337185186397,416.9460280538009,375.6502716752353
17886,32,3,899.61,299.87,250,2,Loyal Customers,0.9994072243703871,0.7995663240479582,367.1973457333539,287.8233312531802
17887,129,1,111.35,111.35,129,3,At Risk / Hibernating,1.0,0.3758054953050638,416.9460280538009,153.60838699821088
17888,21,8,726.05,90.75625,357,2,Loyal Customers,0.9995995233564606,1.6528322608902057,144.82029634277666,234.65521854050013
17889,212,2,203.87,101.935,322,3,At Risk / Hibernating,0.997880012784418,0.41958352051262626,271.5072586086045,111.67905150074337
17890,323,2,602.09,301.045,361,3,At Risk / Hibernating,0.99367571466823,0.37991712069798644,282.1798917429617,105.09613728930583
17891,162,1,203.85999999999999,203.85999999999999,162,3,At Risk / Hibernating,1.0,0.32210579217928065,416.9460280538009,131.65891946653005
17892,56,3,244.1,81.36666666666666,155,3,At Risk / Hibernating,0.9989998094972925,1.134686712109526,185.72617678522928,206.59566393673487
17893,225,1,112.25,112.25,225,3,At Risk / Hibernating,1.0,0.2530699262970115,416.9460280538009,103.44088423521646
17894,72,8,1119.81,139.97625,366,2,Loyal Customers,0.9989129858010909,1.6175237258488682,183.5718440092976,291.0909651865306
17895,44,1,98.0,98.0,44,3,At Risk / Hibernating,1.0,0.658636996609732,416.9460280538009,269.21433052901926
17896,23,1,256.32,256.32,23,0,Potential Loyalists,1.0,0.8090762961242793,416.9460280538009,330.70567908275973
17897,173,3,566.6,188.86666666666667,374,3,At Risk / Hibernating,0.9982150063171615,0.5745510596784112,280.09484931838324,157.7631677984036
17898,85,2,152.06,76.03,207,3,At Risk / Hibernating,0.9990024251580915,0.5951055978446046,248.50868093266394,144.97981863716444
17899,159,1,155.8,155.8,159,3,At Risk / Hibernating,1.0,0.32634507793628537,416.9460280538009,133.39170475845282
17900,190,2,112.19999999999999,56.099999999999994,190,3,At Risk / Hibernating,1.0,0.2872759640374873,416.9460280538009,117.42241536473252
17901,29,1,110.38,110.38,29,0,Potential Loyalists,1.0,0.7595104315174132,416.9460280538009,310.44586416142715
17904,21,1,191.67000000000002,191.67000000000002,21,0,Potential Loyalists,1.0,0.827067906222666,416.9460280538009,338.0596662121936
17905,71,4,800.24,200.06,373,2,Loyal Customers,0.9992322873876323,0.7785988605379778,260.3330469039131,198.70782336766337
17906,247,1,72.9,72.9,247,3,At Risk / Hibernating,1.0,0.23544802447650895,416.9460280538009,96.23802889056574
17908,374,1,243.28,243.28,374,3,At Risk / Hibernating,1.0,0.16832095589037088,416.9460280538009,68.8002142525221
17911,9,1,366.23,366.23,9,0,Potential Loyalists,1.0,0.9544090839250546,416.9460280538009,390.10979344052834
17912,310,5,311.01,62.202,365,3,At Risk / Hibernating,0.9536254525706532,0.7585076977232945,166.07208978325644,123.48907868782273
17913,59,2,411.6,205.8,356,3,At Risk / Hibernating,0.9993337077993636,0.3874876992917986,313.7775360117941,119.19323268798112
17914,4,1,336.43,336.43,4,0,Potential Loyalists,1.0,1.0340116510919786,416.9460280538009,422.64699091651573
17917,45,3,341.28,113.75999999999999,363,0,Potential Loyalists,0.9993941980434038,0.5899118875186129,226.280917145716,130.86001040076323
17919,88,1,1304.04,1304.04,88,2,Loyal Customers,1.0,0.47398174500857093,416.9460280538009,193.73741798726365
17920,4,17,4204.1,247.3,374,1,Champions,0.9998158237005784,3.4254305444330257,243.25622717101788,816.8667260874228
17921,64,4,826.52,206.63,266,2,Loyal Customers,0.999115863007657,1.0271839459117653,247.71946493840025,249.44818687736156
17923,282,1,207.50000000000003,207.50000000000003,282,3,At Risk / Hibernating,1.0,0.21196658521344985,416.9460280538009,86.64012072799322
17924,12,7,2962.5,423.2142857142857,374,1,Champions,0.9996017963194962,0.9824201119660163,613.5862620631715,590.9419239339782
17925,373,1,244.08,244.08,373,3,At Risk / Hibernating,1.0,0.16870268363576454,416.9460280538009,68.95624331496865
17926,133,2,397.29,198.645,204,3,At Risk / Hibernating,0.9982650602282132,0.6034128346942348,310.0876035694092,183.43022793783888
17928,45,2,212.54,106.27,246,3,At Risk / Hibernating,0.9993250593667875,0.5215841975405525,286.40553402679416,146.44607623012726
17929,11,4,843.0,210.75,309,0,Potential Loyalists,0.9995599586771412,0.9131478903420562,271.9311082810338,243.42880382791685
17930,36,5,1740.48,348.096,239,2,Loyal Customers,0.9993688942889416,1.4095334930116787,355.40053115813384,491.0950318780028
17931,134,2,408.36,204.18,256,3,At Risk / Hibernating,0.998650440736353,0.5067515139622278,275.7282827041486,136.97719606190586
17932,29,3,1331.57,443.8566666666666,211,2,Loyal Customers,0.9993957713436646,0.9080813727994771,388.0923408836428,345.4871151763525
17934,52,2,704.25,352.125,59,2,Loyal Customers,0.9986987185622658,1.2931577796171456,254.78018062823168,322.990305335672
17935,138,2,145.79,72.895,142,3,At Risk / Hibernating,0.9964066689432737,0.7801455282574156,229.57410895046388,175.57819877562906
17936,5,1,389.84,389.84,5,0,Potential Loyalists,1.0,1.0060419152691307,416.9460280538009,411.2144841588212
17937,9,7,4301.22,614.46,362,1,Champions,0.9996675052504186,1.4250348626850151,473.60533404575756,661.6282749152268
17939,160,1,99.14,99.14,160,3,At Risk / Hibernating,1.0,0.32634507793628537,416.9460280538009,133.39170475845282
17940,49,10,4106.4400000000005,410.64400000000006,303,1,Champions,0.9991273492348486,2.139324358583372,386.9888321392311,811.6095467167279
17941,131,1,304.56,304.56,131,3,At Risk / Hibernating,1.0,0.3739164839709714,416.9460280538009,152.8362636000274
17942,8,1,77.50000000000001,77.50000000000001,8,0,Potential Loyalists,1.0,0.9795455375880102,416.9460280538009,400.3842069411168
17946,233,2,149.57999999999998,74.78999999999999,259,3,At Risk / Hibernating,0.9951176446323511,0.4988000107048582,285.3664416619173,139.5408138117828
17947,37,1,176.68,176.68,37,3,At Risk / Hibernating,1.0,0.7021563914860657,416.9460280538009,287.0026731405869
17948,147,1,358.56000000000006,358.56000000000006,147,3,At Risk / Hibernating,1.0,0.34448011789018956,416.9460280538009,140.8043053082666
17949,1,45,58510.48,1300.232888888889,371,1,Champions,0.9998912422046894,5.895285215656178,1977.770403214312,11430.173258116023
17950,72,3,482.2,160.73333333333332,365,2,Loyal Customers,0.9992906488830328,0.3785422430390414,325.5446797704882,120.80830134731926
17951,40,3,1008.5400000000001,336.18,374,2,Loyal Customers,0.9994240726974852,0.5752469722479883,378.766361796305,213.59821022630473
17954,5,12,2332.72,194.39333333333332,371,1,Champions,0.9997650638250513,2.4184328231081884,222.74971995603852,528.1085939136694
17955,199,4,557.3,139.325,220,2,Loyal Customers,0.9882300318329991,0.8729902785926803,244.15571039644695,208.95284977977724
17956,249,1,12.75,12.75,249,3,At Risk / Hibernating,1.0,0.2339669600512075,416.9460280538009,95.63265198612173
17957,66,1,111.68,111.68,66,3,At Risk / Hibernating,1.0,0.551256579291776,416.9460280538009,225.32311472719084
17958,117,1,508.46000000000004,508.46000000000004,117,3,At Risk / Hibernating,1.0,0.4022216135318576,416.9460280538009,164.40583630231112
17960,171,1,73.78,73.78,171,3,At Risk / Hibernating,1.0,0.31002398168368,416.9460280538009,126.7205444604823
17961,21,39,1296.44,33.242051282051285,372,1,Champions,0.9995270112660312,7.103554008891577,47.05707560261559,327.6972149998894
17962,142,1,102.83,102.83,142,3,At Risk / Hibernating,1.0,0.35264535172858624,416.9460280538009,144.14180112956143
17964,32,2,471.7,235.85,372,0,Potential Loyalists,0.9994181424469415,0.37258059844892516,321.34674661638576,117.37239434828169
17965,38,14,2622.57,187.32642857142858,369,1,Champions,0.9993993287573858,2.633924956697539,233.27205824528838,602.3350962520431
17966,38,5,1098.43,219.686,261,2,Loyal Customers,0.9993807303035674,1.0430249525523043,345.06539595050793,352.832115488621
17967,372,1,123.07,123.07,372,3,At Risk / Hibernating,1.0,0.16908614672765057,416.9460280538009,69.11298169077256
17968,374,1,277.35,277.35,374,3,At Risk / Hibernating,1.0,0.16832095589037088,416.9460280538009,68.8002142525221
17969,166,2,228.2,114.1,361,3,At Risk / Hibernating,0.9987589534795943,0.3818606214040277,271.959841060862,101.80790020608252
17970,211,1,582.59,582.59,211,3,At Risk / Hibernating,1.0,0.26572594996969207,416.9460280538009,108.61396456244529
17972,242,1,136.04,136.04,242,3,At Risk / Hibernating,1.0,0.24000590185558213,416.9460280538009,98.10103612189704
17973,52,1,337.04,337.04,52,3,At Risk / Hibernating,1.0,0.6201974947200376,416.9460280538009,253.5023718707435
17974,25,3,740.79,246.92999999999998,220,0,Potential Loyalists,0.9994327158726057,0.88288659214893,332.9515417676551,288.1760980753481
17975,15,13,4488.81,345.29307692307697,367,1,Champions,0.9996962362383819,2.6528774929376,354.0048791280021,920.6583498014456
17976,372,1,353.19,353.19,372,3,At Risk / Hibernating,1.0,0.16870268363576454,416.9460280538009,68.95624331496865
17977,29,1,288.14,288.14,29,0,Potential Loyalists,1.0,0.7595104315174132,416.9460280538009,310.44586416142715
17978,365,1,300.91999999999996,300.91999999999996,365,3,At Risk / Hibernating,1.0,0.17142403939022,416.9460280538009,70.06858213503683
17979,36,4,757.71,189.4275,260,2,Loyal Customers,0.9993897682285521,0.775173322977378,316.52998374056074,240.5390717479478
17980,166,3,811.45,270.48333333333335,359,2,Loyal Customers,0.9982445566403534,0.5933637335004824,316.59632708772676,184.1614581839441
17984,145,1,152.68,152.68,145,3,At Risk / Hibernating,1.0,0.3477004125556604,416.9460280538009,142.12058357963045
17985,22,1,634.95,634.95,22,0,Potential Loyalists,1.0,0.8179731769372953,416.9460280538009,334.34223777226634
17986,56,1,20.8,20.8,56,3,At Risk / Hibernating,1.0,0.5953778621337587,416.9460280538009,243.3574693926252
17987,185,1,198.57,198.57,185,3,At Risk / Hibernating,1.0,0.2929322547486087,416.9460280538009,119.73439349777334
17988,12,7,201.12,28.731428571428573,327,0,Potential Loyalists,0.9995959074014239,1.0993143434423898,120.42135351683474,129.77689137067952
17990,237,3,630.84,210.28,362,3,At Risk / Hibernating,0.9958048770414942,0.5891602821045255,299.7230024585019,173.11129643652623
17991,225,2,93.35,46.675,226,3,At Risk / Hibernating,0.9929840674731859,0.5534169669706557,264.77855827249095,143.65052357016538
17994,122,4,678.49,169.6225,291,2,Loyal Customers,0.9981077993984575,0.9575424381771105,205.77582380412645,193.16318133533585
17995,282,1,76.1,76.1,282,3,At Risk / Hibernating,1.0,0.21257229995181484,416.9460280538009,86.88770325808089
17997,74,8,1970.67,246.33375,164,2,Loyal Customers,0.9946533322032716,3.0070042442028226,261.3517186158567,770.4273901127187
17999,37,2,382.06,191.03,366,0,Potential Loyalists,0.9994008859870035,0.3777136107347771,312.93240755502757,115.87373340756716
18001,12,2,417.23,208.615,87,0,Potential Loyalists,0.9994098759756104,1.0602385814863624,300.59260844857914,312.43099338919546
18004,362,1,169.47,169.47,362,3,At Risk / Hibernating,1.0,0.17261739844071644,416.9460280538009,70.55636092235173
18005,4,2,249.72,124.86,47,0,Potential Loyalists,0.9994656716916013,1.416922973118165,275.0771181554925,382.09653350165894
18006,23,1,444.68,444.68,23,0,Potential Loyalists,1.0,0.8090762961242793,416.9460280538009,330.70567908275973
18008,70,9,2116.19,235.13222222222223,319,2,Loyal Customers,0.9987156228406322,1.8177898149822262,302.6530647224793,539.3377079327142
18009,235,1,257.34,257.34,235,3,At Risk / Hibernating,1.0,0.24474372916082296,416.9460280538009,100.03759693132727
18010,257,1,174.8,174.8,257,3,At Risk / Hibernating,1.0,0.22892680899745552,416.9460280538009,93.57251810682868
18011,373,1,102.78999999999999,102.78999999999999,373,3,At Risk / Hibernating,1.0,0.16832095589037088,416.9460280538009,68.8002142525221
18013,155,2,187.29,93.645,155,3,At Risk / Hibernating,1.0,0.332174141739248,416.9460280538009,135.774303339936
18014,28,1,166.42,166.42,28,0,Potential Loyalists,1.0,0.7673453072359011,416.9460280538009,313.6483326845508
18015,4,1,120.03,120.03,4,0,Potential Loyalists,1.0,1.0198350377202603,416.9460280538009,416.8523623056601
18016,32,5,1483.56,296.712,364,2,Loyal Customers,0.9994892728188561,1.0027278494155958,350.9535925707636,344.98856960380925
18017,81,3,523.0,174.33333333333334,310,2,Loyal Customers,0.9991248983337383,0.6706756851509078,266.6018761876176,175.28617836662568
18018,108,2,122.14,61.07,199,3,At Risk / Hibernating,0.9986937320725804,0.6126834368115023,263.50393830490873,158.26876486442808
18019,52,1,38.45,38.45,52,3,At Risk / Hibernating,1.0,0.6201974947200376,416.9460280538009,253.5023718707435
18022,36,1,668.11,668.11,36,0,Potential Loyalists,1.0,0.7156671799454195,416.9460280538009,292.52514324719823
18024,153,2,389.78,194.89,153,3,At Risk / Hibernating,1.0,0.3366844493290736,416.9460280538009,137.617867427605
18027,99,1,115.31,115.31,99,3,At Risk / Hibernating,1.0,0.44558977364094743,416.9460280538009,182.13234592874397
18030,4,2,230.64999999999998,115.32499999999999,42,0,Potential Loyalists,0.999455321518906,1.480760967670867,274.98475438972565,399.17744668396824
18032,334,1,73.5,73.5,334,3,At Risk / Hibernating,1.0,0.18461230590393363,416.9460280538009,75.45921190071817
18033,65,1,97.97,97.97,65,3,At Risk / Hibernating,1.0,0.5553722353508629,416.9460280538009,227.0053685269044
18034,22,2,422.88,211.44,22,0,Potential Loyalists,1.0,0.827067906222666,416.9460280538009,338.0596662121936
18035,36,3,730.4,243.46666666666667,43,2,Loyal Customers,0.9989899730217385,1.4668508421018807,335.02582032645324,481.76655653137647
18036,32,3,405.62,135.20666666666668,246,0,Potential Loyalists,0.9993989303099293,0.8097462304025177,246.6420063116688,195.78884833310934
18037,154,6,70.02,11.67,362,3,At Risk / Hibernating,0.9958102892591307,1.211605924936476,85.0898139138197,101.06736067443518
18040,19,2,357.20000000000005,178.60000000000002,246,0,Potential Loyalists,0.9994291545715821,0.5233000238414031,278.979487259141,143.11822352583198
18041,12,21,4183.39,199.20904761904762,373,1,Champions,0.9997708153863679,4.045087142542496,210.27843909689528,833.8630225729529
18042,54,1,165.04999999999998,165.04999999999998,54,3,At Risk / Hibernating,1.0,0.6100253908571814,416.9460280538009,249.34457445004938
18043,25,3,559.51,186.50333333333333,367,0,Potential Loyalists,0.9994792182491774,0.5845367408514327,230.28679163174053,131.96316185762342
18044,4,10,2088.6,208.85999999999999,361,1,Champions,0.9997444623453665,2.060953888411848,245.9569297237373,496.93474979369444
18045,45,1,189.4,189.4,45,3,At Risk / Hibernating,1.0,0.652856463211683,416.9460280538009,266.8515656011271
18048,203,2,172.29000000000002,86.14500000000001,203,3,At Risk / Hibernating,1.0,0.2735430290236236,416.9460280538009,111.80915293028877
18050,359,1,74.4,74.4,359,3,At Risk / Hibernating,1.0,0.17382748901044126,416.9460280538009,71.0509786265233
18053,71,1,300.02,300.02,71,3,At Risk / Hibernating,1.0,0.535386395375701,416.9460280538009,218.8362567774073
18055,7,10,6784.1900000000005,678.4190000000001,370,1,Champions,0.9997269575033662,2.018570381383747,672.7390323034845,1331.258958520849
18056,288,1,363.65,363.65,288,3,At Risk / Hibernating,1.0,0.20840356862522524,416.9460280538009,85.18375752967816
18058,10,1,170.16,170.16,10,0,Potential Loyalists,1.0,0.9544090839250546,416.9460280538009,390.10979344052834
18059,23,3,306.46,102.15333333333332,68,0,Potential Loyalists,0.9992510147577416,1.8695655524519037,211.11988271477605,386.93876826992954
18061,22,10,2119.41,211.94099999999997,366,1,Champions,0.9996210137823421,2.0322760981929417,216.43507738123648,431.20360254845747
18062,173,3,720.52,240.17333333333332,338,2,Loyal Customers,0.9978710558642587,0.6252849126722727,327.4861136439781,200.7440714958563
18064,133,2,814.0,407.0,235,3,At Risk / Hibernating,0.9985438393096557,0.5400374627469138,411.89094619760886,218.06102774151807
18065,6,14,2392.83,170.91642857142855,365,1,Champions,0.9996578127475418,1.2106691104079539,410.95770095119036,487.7469309669076
18066,75,1,318.0,318.0,75,3,At Risk / Hibernating,1.0,0.5167890469682096,416.9460280538009,211.23468452120443
18067,40,1,396.33,396.33,40,0,Potential Loyalists,1.0,0.6828203839365179,416.9460280538009,279.09917305381475
18068,289,1,101.7,101.7,289,3,At Risk / Hibernating,1.0,0.20782134568035082,416.9460280538009,84.94577714382915
18069,26,5,2036.67,407.334,327,2,Loyal Customers,0.999510655832024,1.0964446535045387,430.7351943058651,462.9872590298454
18071,258,2,453.0,226.5,366,3,At Risk / Hibernating,0.9973829030920474,0.37781956803785416,314.00844542621115,116.30478971061379
18072,186,1,247.44,247.44,186,3,At Risk / Hibernating,1.0,0.2929322547486087,416.9460280538009,119.73439349777334
18073,114,12,3877.5200000000004,323.1266666666667,197,2,Loyal Customers,0.9459479567088995,3.1450130787932498,423.0457432239028,1304.3137073024468
18074,374,1,489.6,489.6,374,3,At Risk / Hibernating,1.0,0.16832095589037088,416.9460280538009,68.8002142525221
18075,23,10,2611.75,261.175,361,1,Champions,0.9995994837871327,2.0606550179158543,285.1538043184372,576.0451044706826
18077,8,11,2633.01,239.36454545454546,367,1,Champions,0.9997331534376044,2.239328641861962,260.9885275491632,572.9428271237994
18078,217,2,336.13,168.065,259,3,At Risk / Hibernating,0.99632237493677,0.4994038784907245,288.21124564753563,141.1025072392644
18079,45,4,3651.97,912.9925,239,2,Loyal Customers,0.9993057213631633,0.8281342423234979,797.7088031146922,647.6153110802375
18080,19,2,1231.5,615.75,243,0,Potential Loyalists,0.9994320629236455,0.5283501653420638,404.5018449362625,209.51458835948017
18081,36,3,343.45,114.48333333333333,134,0,Potential Loyalists,0.9992274394842974,1.2585747709729056,226.22721062658158,279.1232602000788
18082,26,1,703.37,703.37,26,0,Potential Loyalists,1.0,0.7918508048730493,416.9460280538009,323.66483987382634
18084,16,1,90.48,90.48,16,0,Potential Loyalists,1.0,0.8757538718250983,416.9460280538009,357.959830801703
18085,330,2,689.95,344.975,374,3,At Risk / Hibernating,0.993776700761783,0.3696392198222001,402.6776605623676,145.91750730085903
18086,274,1,101.34,101.34,274,3,At Risk / Hibernating,1.0,0.21691121163424176,416.9460280538009,88.66120929267805
18087,98,2,4055.7200000000003,2027.8600000000001,291,2,Loyal Customers,0.9990883829832837,0.45754149200390287,618.2315989207061,277.3023530242406
18088,61,1,167.67000000000002,167.67000000000002,61,3,At Risk / Hibernating,1.0,0.5724683349113175,416.9460280538009,233.99331385920004
18092,2,11,9068.26,824.3872727272727,366,1,Champions,0.9997561126120318,2.0372340339992454,793.718619143896,1585.1833986581769
18093,93,4,2106.52,526.63,303,2,Loyal Customers,0.9988151424544983,0.9272253173781406,417.60909717850586,379.60086191534975
18094,82,7,3017.3,431.04285714285714,292,2,Loyal Customers,0.998793946514151,1.2052297630133626,580.4965475070843,685.8695023502638
18095,313,2,580.05,290.025,333,3,At Risk / Hibernating,0.9920831201609914,0.40674234015786515,319.2039072505953,127.27978262198165
18096,12,3,911.15,303.71666666666664,64,0,Potential Loyalists,0.99943265908613,1.9265859833264418,394.38864045039907,744.8781362229798
18097,8,6,2697.8,449.6333333333334,354,1,Champions,0.9996178267455124,1.026565986161745,581.0192612287169,584.7218790523441
18099,127,1,168.31,168.31,127,3,At Risk / Hibernating,1.0,0.3796413622139946,416.9460280538009,155.17627734007706
18101,11,2,223.65,111.825,143,0,Potential Loyalists,0.9994385911974442,0.7751355895715643,276.7719932573138,210.3157869604594
18102,1,60,259657.3,4327.621666666667,367,1,Champions,0.9998882100944372,5.3302188428594,8951.640508695744,46775.645410226105
18104,37,1,754.64,754.64,37,0,Potential Loyalists,1.0,0.7021563914860657,416.9460280538009,287.0026731405869
18105,38,1,113.48000000000002,113.48000000000002,38,3,At Risk / Hibernating,1.0,0.7021563914860657,416.9460280538009,287.0026731405869
18106,330,1,430.7,430.7,330,3,At Risk / Hibernating,1.0,0.18693187737411035,416.9460280538009,76.40732372637208
18108,254,1,271.0,271.0,254,3,At Risk / Hibernating,1.0,0.23034455654361954,416.9460280538009,94.15201457393238
18109,2,26,8052.97,309.7296153846154,370,1,Champions,0.9998777050588862,5.100392818698305,328.2850494345097,1641.4469098752631
18110,20,1,236.3,236.3,20,0,Potential Loyalists,1.0,0.8458779098923013,416.9460280538009,345.74816836534876
18112,12,2,352.69,176.345,166,0,Potential Loyalists,0.9994394825210093,0.699257593063858,296.45932993051355,203.2236866122837
18113,369,1,76.32000000000001,76.32000000000001,369,3,At Risk / Hibernating,1.0,0.17024706722908145,416.9460280538009,69.58750139895466
18114,290,1,220.1,220.1,290,3,At Risk / Hibernating,1.0,0.20724236682768868,416.9460280538009,84.7091227632038
18116,68,8,1418.03,177.25375,365,2,Loyal Customers,0.9989954438201758,1.6251291729254802,216.06401615835478,344.22493662709513
18117,26,1,320.71999999999997,320.71999999999997,26,0,Potential Loyalists,1.0,0.7918508048730493,416.9460280538009,323.66483987382634
18118,11,26,5653.82,217.45461538461538,370,1,Champions,0.999797012735005,5.305397249807178,216.46369392422554,1125.8358829607018
18119,368,1,181.12,181.12,368,3,At Risk / Hibernating,1.0,0.1706375914003699,416.9460280538009,69.74712595224005
18120,214,1,111.15,111.15,214,3,At Risk / Hibernating,1.0,0.26290850994245835,416.9460280538009,107.46235136551911
18121,149,2,673.1,336.55,155,3,At Risk / Hibernating,0.9961866568043773,0.7344949195974687,235.12978946133867,169.30449325260946
18122,8,6,1826.21,304.36833333333334,151,1,Champions,0.9996027610902471,2.3936459082414565,355.6826673670973,834.6317385384061
18123,24,2,589.4399999999999,294.71999999999997,31,0,Potential Loyalists,0.9991589741525815,1.6432375319336041,347.2178374076747,559.3387056681619
18125,30,4,1142.99,285.7475,316,2,Loyal Customers,0.9994698384241192,0.8940915762597745,257.461740464866,225.66626918715625
18126,61,1,206.83,206.83,61,3,At Risk / Hibernating,1.0,0.5769080982349951,416.9460280538009,235.80804501970792
18127,19,3,348.73,116.24333333333334,134,0,Potential Loyalists,0.9993899426252665,0.8134775205203337,320.9726733650301,255.96800959324636
18129,243,1,112.55000000000001,112.55000000000001,243,3,At Risk / Hibernating,1.0,0.23846712773301681,416.9460280538009,97.47207068516131
18130,15,3,1059.39,353.13000000000005,57,0,Potential Loyalists,0.9993651913610944,2.0182206508625358,389.03062536499084,769.7060583746068
18133,212,1,931.5,931.5,212,3,At Risk / Hibernating,1.0,0.2647801176124813,416.9460280538009,108.22736075955052
18135,29,5,681.91,136.382,190,2,Loyal Customers,0.9993745688877794,1.676232197108227,204.8221957697705,336.57615706266586
18136,63,3,784.33,261.4433333333333,320,2,Loyal Customers,0.9992681242489146,0.6552114034141502,309.99042523419575,199.11392326746213
18138,295,1,152.65,152.65,295,3,At Risk / Hibernating,1.0,0.20439519800391076,416.9460280538009,83.54535837633952
18139,18,6,8438.34,1406.39,18,1,Champions,0.9992421500176102,1.8890780492604888,1067.5536102466021,1977.0252157987397
18142,157,2,1019.52,509.76,216,2,Loyal Customers,0.9977868720519991,0.5776358059955115,564.7714512948652,319.81496690371773
18143,117,2,1000.16,500.08,142,2,Loyal Customers,0.9977902159395694,0.7812287887733641,464.52905630812506,355.7649685529075
18144,8,12,2888.75,240.72916666666666,373,1,Champions,0.9997405548750347,2.2038808502445715,287.4597054044564,621.0650858946493
18145,13,4,2861.55,715.3875,313,2,Loyal Customers,0.9995559152466087,0.9035567704699857,657.4304060599176,582.340747182021
18146,141,2,160.35,80.175,220,3,At Risk / Hibernating,0.9982929042014476,0.5679284982065902,263.0467376643629,146.45308309887352
18147,46,2,179.34,89.67,109,3,At Risk / Hibernating,0.9991296279039128,0.9281629617540652,261.55044465894025,237.9862331723433
18149,51,3,612.0799999999999,204.02666666666664,274,2,Loyal Customers,0.9993066069748193,0.7433761902431105,274.91059061840986,200.3420255043294
18150,32,3,566.58,188.86,202,0,Potential Loyalists,0.9993663647959657,0.9416905030117398,260.5993828725966,240.57672268791447
18151,135,2,653.35,326.675,290,3,At Risk / Hibernating,0.9988010790947164,0.4586877506969381,381.7803585576224,171.67323716737081
18154,3,2,399.19,199.595,44,0,Potential Loyalists,0.9994647439944734,1.467547964415386,306.919526403607,441.55950585627636
18155,75,3,371.62,123.87333333333333,292,3,At Risk / Hibernating,0.9991416076769519,0.7060874298241645,234.9118706913146,162.60555161270258
18156,13,2,734.94,367.47,370,0,Potential Loyalists,0.9994641462913018,0.37515003026698057,468.56073468384716,172.32278311567006
18158,9,2,453.4,226.7,89,0,Potential Loyalists,0.9994326522785747,1.0467522271538172,275.00784533116735,282.20270907824073
18159,301,1,530.15,530.15,301,3,At Risk / Hibernating,1.0,0.20108018557874574,416.9460280538009,82.19036554341932
18160,57,2,638.0600000000001,319.03000000000003,200,2,Loyal Customers,0.9992131975806984,0.6107229352861515,371.9482356917434,222.68896376990068
18161,15,5,1618.69,323.738,320,2,Loyal Customers,0.9995734990778288,1.119123154798746,349.06601524264613,382.9635360204135
18164,37,1,399.65,399.65,37,0,Potential Loyalists,1.0,0.7021563914860657,416.9460280538009,287.0026731405869
18165,177,1,302.46,302.46,177,3,At Risk / Hibernating,1.0,0.3024606876171741,416.9460280538009,123.62908884763294
18167,23,3,1384.8600000000001,461.62000000000006,106,2,Loyal Customers,0.9993377067602274,1.461307476334764,433.528056071344,621.0564332294252
18168,176,6,1169.94,194.99,372,2,Loyal Customers,0.9938131270644274,1.1817562740415655,225.86362520026017,261.66531897999425
18169,61,1,202.65,202.65,61,3,At Risk / Hibernating,1.0,0.5769080982349951,416.9460280538009,235.80804501970792
18170,33,3,980.3100000000001,326.77000000000004,217,2,Loyal Customers,0.9993726922858768,0.8890079512990614,367.09625110910093,319.9319420998726
18171,59,5,1231.31,246.262,334,2,Loyal Customers,0.9992521760773477,1.0797997734465183,285.895093994979,302.63691191470184
18172,15,20,7561.68,378.084,290,1,Champions,0.999681723357227,3.474699402985771,428.45309426648186,1459.4616182843374
18173,87,4,2106.84,526.71,275,2,Loyal Customers,0.998814778174203,1.002922241591294,417.55147898909354,410.534136599769
18174,7,1,104.0,104.0,7,0,Potential Loyalists,1.0,0.9795455375880102,416.9460280538009,400.3842069411168
18176,358,1,476.35,476.35,358,3,At Risk / Hibernating,1.0,0.17423463160989283,416.9460280538009,71.21739587129507
18177,31,6,1341.42,223.57000000000002,256,2,Loyal Customers,0.999425442984278,1.617602349715378,268.9641700352056,426.5188953061511
18178,129,4,1590.81,397.7025,365,2,Loyal Customers,0.9984992226463316,0.7942000127055705,426.38626803231523,331.97471482215565
18179,9,6,1793.17,298.8616666666667,336,1,Champions,0.9996354665404384,1.2943432712824812,315.19024642085816,399.93943150491174
18180,5,6,1843.75,307.2916666666667,143,1,Champions,0.9996424689896636,2.484506622079227,329.0953745911809,801.5566994882959
18181,24,1,382.8,382.8,24,0,Potential Loyalists,1.0,0.8003708770294453,416.9460280538009,327.14737958121214
18183,227,2,632.07,316.035,275,3,At Risk / Hibernating,0.9963181385585651,0.47755932343538626,371.8373991728232,174.08136422752918
18184,15,1,49.8,49.8,15,0,Potential Loyalists,1.0,0.8861871099101,416.9460280538009,362.2243692927614
18185,249,1,304.25,304.25,249,3,At Risk / Hibernating,1.0,0.2339669600512075,416.9460280538009,95.63265198612173
18188,15,3,2001.04,667.0133333333333,290,2,Loyal Customers,0.9994995175196925,0.7083080615137494,650.90045345731,451.96903877707155
18189,78,2,1090.24,545.12,268,2,Loyal Customers,0.9991807434454735,0.4889104374301876,435.50836110418714,208.73616324036487
18190,192,2,284.46000000000004,142.23000000000002,331,3,At Risk / Hibernating,0.9983124817765806,0.41134813058167663,276.57802934920346,111.5318870569967
18191,262,1,207.8,207.8,262,3,At Risk / Hibernating,1.0,0.22545763665263796,416.9460280538009,92.15451311587614
18192,72,1,957.97,957.97,72,3,At Risk / Hibernating,1.0,0.5315606090478071,416.9460280538009,217.27248589139984
18193,165,1,243.76,243.76,165,3,At Risk / Hibernating,1.0,0.317975233058359,416.9460280538009,129.97057563227506
18194,82,1,973.84,973.84,82,3,At Risk / Hibernating,1.0,0.49282269798453576,416.9460280538009,201.43856115989064
18196,95,2,689.13,344.565,290,3,At Risk / Hibernating,0.9991072056495164,0.4575501120128413,334.4670195435639,150.02506998539872
18198,4,17,5425.56,319.15058823529415,336,1,Champions,0.9998132180755567,3.7383503623327554,326.8740905729721,1197.9332347410596
18200,106,1,163.8,163.8,106,3,At Risk / Hibernating,1.0,0.42521324797573734,416.9460280538009,173.80354679285344
18202,200,3,1396.99,465.66333333333336,311,2,Loyal Customers,0.9980278648341705,0.43179466943868083,645.2295276543505,273.1262029932779
18203,157,1,160.42000000000002,160.42000000000002,157,3,At Risk / Hibernating,1.0,0.3292338108753175,416.9460280538009,134.57245885451334
18204,71,3,1993.7,664.5666666666667,192,2,Loyal Customers,0.9989119809228425,0.9737238794679136,609.7770558354002,582.0749973187287
18205,36,2,517.36,258.68,75,0,Potential Loyalists,0.999134840370342,1.1489224011767944,359.0588721789823,404.416265718059
18209,29,1,139.10000000000002,139.10000000000002,29,0,Potential Loyalists,1.0,0.7673453072359011,416.9460280538009,313.6483326845508
18210,2,6,2621.38,436.8966666666667,267,1,Champions,0.9996745987325089,1.5602173152521348,480.89207763610904,735.5374277622732
18211,26,5,600.07,120.01400000000001,279,2,Loyal Customers,0.9994941750544853,1.2512614744725752,183.54193936908536,225.14142315010267
18212,326,1,248.42,248.42,326,3,At Risk / Hibernating,1.0,0.1883518114615803,416.9460280538009,76.98771382360971
18213,237,1,232.48000000000002,232.48000000000002,237,3,At Risk / Hibernating,1.0,0.24394114397377223,416.9460280538009,99.70954465494869
18215,89,1,299.34000000000003,299.34000000000003,89,3,At Risk / Hibernating,1.0,0.4709807600913632,416.9460280538009,192.51078080038636
18216,31,1,481.75,481.75,31,0,Potential Loyalists,1.0,0.7443110694782242,416.9460280538009,304.23319679938174
18217,29,2,621.75,310.875,71,0,Potential Loyalists,0.9992189866904327,1.18209564495105,364.7161528322006,422.6490406910924
18218,211,2,662.08,331.04,282,3,At Risk / Hibernating,0.9972526740047293,0.46844596640234026,387.2760026207487,177.84922194573986
18219,3,10,2069.77,206.977,369,1,Champions,0.9997396523450374,1.817334839675894,255.90602242828837,455.9187653202361
18220,227,1,305.28,305.28,227,3,At Risk / Hibernating,1.0,0.2522118997083371,416.9460280538009,103.09017057874249
18221,22,5,1041.61,208.32199999999997,211,2,Loyal Customers,0.9994766397769833,1.5506639588284201,250.32732920300418,380.5380349971947
18222,93,1,443.0,443.0,93,3,At Risk / Hibernating,1.0,0.4622015646111686,416.9460280538009,188.92232977380573
18223,5,14,6484.54,463.18142857142857,358,1,Champions,0.9997814786799706,2.7028095653070077,491.3456882874621,1301.891099815874
18224,264,1,158.95000000000002,158.95000000000002,264,3,At Risk / Hibernating,1.0,0.22409923079679753,416.9460280538009,91.5992722480983
18225,3,12,5509.12,459.0933333333333,365,1,Champions,0.9997772195145788,2.451896668066738,490.32768959509553,1178.5842366756092
18226,44,11,5228.05,475.27727272727276,338,1,Champions,0.9992444945259754,2.398106264542619,474.3817237523036,1115.2402544078022
18227,218,1,93.75,93.75,218,3,At Risk / Hibernating,1.0,0.2601501888901442,416.9460280538009,106.3349027394624
18228,57,2,779.9,389.95,80,2,Loyal Customers,0.9987861825275963,1.1097078047150395,390.42098884510926,424.731070747346
18229,12,20,7276.9,363.84499999999997,373,1,Champions,0.9997710782691899,4.035936793818025,367.88789271802506,1455.5661240038264
18230,9,7,2810.2000000000003,401.4571428571429,302,1,Champions,0.999654024042087,1.655481464435942,395.1332568658747,641.2685612558448
18231,192,5,2083.27,416.654,289,2,Loyal Customers,0.9855604721453404,1.1992554312352426,441.0462064592539,518.5227208145523
18232,82,4,592.97,148.2425,197,2,Loyal Customers,0.9984241314595014,1.2927640228103634,233.11565468027035,295.43557472729054
18233,326,1,440.0,440.0,326,3,At Risk / Hibernating,1.0,0.18882992870078272,416.9460280538009,77.18314156533768
18235,72,3,1796.48,598.8266666666667,217,2,Loyal Customers,0.999006452465923,0.8886821568136463,585.0562609985375,509.70172023906593
18236,30,6,882.24,147.04,241,2,Loyal Customers,0.9994321565953742,1.6961417406229142,201.9233835352696,335.7537375989871
18237,3,5,987.1,197.42000000000002,134,0,Potential Loyalists,0.9996301348715548,2.1392379080706103,222.56155070058182,466.74697845445934
18239,219,5,1561.6100000000001,312.322,372,2,Loyal Customers,0.9906009953057945,0.9757817578353996,311.5758255411115,298.04948761834606
18240,46,1,422.58,422.58,46,3,At Risk / Hibernating,1.0,0.647176515107259,416.9460280538009,264.5299144689541
18241,10,17,2073.09,121.9464705882353,218,1,Champions,0.9997293022987574,5.293310753032076,127.76601868660251,663.0023439705164
18242,72,4,2232.4900000000002,558.1225000000001,214,2,Loyal Customers,0.9989795793305524,0.9012648305090556,759.5108311821033,671.0554517684816
18245,7,7,2567.06,366.72285714285715,355,1,Champions,0.9996178999462192,1.0241448160816522,520.239271263332,522.3197493723022
18246,24,2,596.1,298.05,233,0,Potential Loyalists,0.9994113722549764,0.5440866685406531,392.1251003235073,209.153265855281
18248,123,2,804.02,402.01,186,3,At Risk / Hibernating,0.9983284297368352,0.6436880716751857,366.4295006871753,231.22664227429453
18249,17,1,95.34,95.34,17,0,Potential Loyalists,1.0,0.8655634485010557,416.9460280538009,353.79454187048543
18250,310,1,349.27,349.27,310,3,At Risk / Hibernating,1.0,0.1963044977441553,416.9460280538009,80.23832982130457
18251,87,1,4314.72,4314.72,87,2,Loyal Customers,1.0,0.47702121890744975,416.9460280538009,194.97978736207108
18252,51,2,526.67,263.335,172,0,Potential Loyalists,0.9992196346099409,0.6845364480026391,435.33748813751856,292.14243697160225
18255,89,1,103.30000000000001,103.30000000000001,89,3,At Risk / Hibernating,1.0,0.4709807600913632,416.9460280538009,192.51078080038636
18257,39,8,2337.63,292.20375,296,2,Loyal Customers,0.9993672944188543,1.6822128670585124,348.2199952452984,574.2575382209388
18259,25,3,2338.6,779.5333333333333,366,2,Loyal Customers,0.9994792182491774,0.5845367408514327,773.4334564659441,443.2070275438624
18260,173,6,2643.2000000000003,440.53333333333336,358,2,Loyal Customers,0.9935865418549101,1.2202251948540523,470.10923708130827,562.355229387137
18261,43,2,324.24,162.12,96,0,Potential Loyalists,0.999112382756259,1.001740096419791,270.3157660302124,265.4597076928376
18262,140,1,149.48,149.48,140,3,At Risk / Hibernating,1.0,0.356020866584049,416.9460280538009,145.5215248716844
18263,26,3,1213.16,404.3866666666667,253,2,Loyal Customers,0.9994421472412977,0.7921206548648624,439.58741511250724,341.3567954593491
18265,72,2,801.51,400.755,158,2,Loyal Customers,0.998977660736185,0.723571314473913,368.92332236287973,261.69141651563456
18268,134,1,25.5,25.5,134,3,At Risk / Hibernating,1.0,0.3665466020275492,416.9460280538009,149.82386336572912
18269,366,1,168.60000000000002,168.60000000000002,366,3,At Risk / Hibernating,1.0,0.17102991131587994,416.9460280538009,69.90748450613242
18270,38,2,283.15000000000003,141.57500000000002,267,0,Potential Loyalists,0.9993654033342102,0.4904606825467354,303.4558851873509,145.90549691792665
18272,3,6,3078.58,513.0966666666667,247,1,Champions,0.9996681098614476,1.6642256196124334,474.3685239791583,773.9272845334737
18273,2,3,204.0,68.0,258,0,Potential Loyalists,0.9995486019780537,0.7800534201589098,201.83813252554884,154.3474730369597
18274,30,1,175.92,175.92,30,0,Potential Loyalists,1.0,0.7518339371168964,416.9460280538009,307.3081333353372
18276,44,1,335.86,335.86,44,3,At Risk / Hibernating,1.0,0.6645208110997811,416.9460280538009,271.6193111494694
18277,58,1,110.38,110.38,58,3,At Risk / Hibernating,1.0,0.5859974786974553,416.9460280538009,239.52328413305474
18278,74,1,173.9,173.9,74,3,At Risk / Hibernating,1.0,0.5240707584800869,416.9460280538009,214.21104727156546
18280,278,1,180.60000000000002,180.60000000000002,278,3,At Risk / Hibernating,1.0,0.21503017704195912,416.9460280538009,87.892346853725
18281,181,1,80.82,80.82,181,3,At Risk / Hibernating,1.0,0.29881575839027824,416.9460280538009,122.13924374091665
18282,8,2,178.05,89.025,126,0,Potential Loyalists,0.9994554782309425,0.842741256732621,260.3404793273948,215.0839716531217
18283,4,16,2094.88,130.93,337,1,Champions,0.9997968595181685,3.064259458661332,174.53281198170464,524.293790112895
18287,43,3,1837.28,612.4266666666666,202,2,Loyal Customers,0.9992846510171449,0.9416135051336929,492.16925655209127,454.31721300752645
